CO2 (ppm),PM2.5 (ug/m3),Temperature (Celsius),Humidity (%),AQI US
410.0,15,31.0,73.0,57
412.0,12,31.0,71.0,50
411.0,20,30.0,75.0,68
408.0,41,29.0,79.0,114
410.0,30,28.0,82.0,88
413.0,21,27.0,86.0,70
423.0,15,26.0,89.0,57
433.0,35,25.0,92.0,99
429.0,27,25.0,91.0,82
423.0,22,26.0,90.0,72
422.0,22,26.0,90.0,72
420.0,21,26.0,89.0,70
417.0,18,26.0,88.0,63
422.0,25,26.0,88.0,78
420.0,27,27.0,87.0,82
418.0,25,27.0,86.0,78
417.0,19,27.0,85.0,65
412.0,18,27.0,85.0,63
411.0,15,27.0,83.0,57
410.0,16,28.0,81.0,59
409.0,18,29.0,77.0,63
409.0,27,31.0,71.0,82
414.0,24,34.0,65.0,76
415.0,20,33.0,66.0,68
414.0,28,33.0,66.0,84
417.0,13,32.0,67.0,53
419.0,14,31.0,70.0,55
410.0,17,30.0,71.0,61
415.0,15,29.0,72.0,57
424.0,20,27.0,81.0,68
430.0,25,25.0,88.0,78
485.0,20,25.0,90.0,68
464.0,20,24.0,90.0,68
432.0,17,24.0,91.0,61
434.0,26,25.0,90.0,80
423.0,12,25.0,88.0,50
427.0,14,25.0,88.0,55
437.0,27,25.0,87.0,82
428.0,23,25.0,88.0,74
417.0,18,25.0,87.0,63
412.0,15,26.0,86.0,57
409.0,8,26.0,87.0,33
407.0,11,26.0,86.0,45
407.0,11,27.0,83.0,45
409.0,18,28.0,78.0,63
414.0,40,30.0,75.0,112
417.0,24,31.0,71.0,76
413.0,20,31.0,75.0,68
418.0,35,30.0,79.0,99
427.0,35,29.0,82.0,99
425.0,46,28.0,88.0,127
427.0,63,27.0,91.0,155
449.0,54,26.0,93.0,146
498.0,83,25.0,93.0,165
447.0,61,25.0,92.0,154
444.0,45,25.0,91.0,124
435.0,34,25.0,90.0,97
427.0,30,25.0,89.0,88
425.0,28,26.0,88.0,84
420.0,16,26.0,88.0,59
413.0,9,26.0,87.0,37
408.0,7,26.0,86.0,29
408.0,6,27.0,82.0,25
413.0,21,28.0,83.0,70
413.0,28,29.0,79.0,84
414.0,35,30.0,73.0,99
418.0,31,32.0,69.0,91
422.0,31,35.0,63.0,91
426.0,26,34.0,67.0,80
416.0,28,32.0,75.0,84
416.0,27,31.0,76.0,82
417.0,24,30.0,79.0,76
412.0,23,29.0,82.0,74
422.0,29,28.0,85.0,86
422.0,29,28.0,87.0,86
428.0,35,27.0,90.0,99
444.0,45,26.0,91.0,124
432.0,41,25.0,91.0,114
430.0,29,26.0,90.0,86
421.0,26,26.0,89.0,80
417.0,15,26.0,88.0,57
421.0,18,26.0,87.0,63
418.0,15,27.0,84.0,57
417.0,18,27.0,82.0,63
415.0,19,28.0,85.0,65
415.0,39,28.0,85.0,110
422.0,35,29.0,79.0,99
426.0,18,31.0,72.0,63
424.0,12,33.0,69.0,50
425.0,16,33.0,69.0,59
424.0,17,31.0,78.0,61
420.0,19,30.0,80.0,65
421.0,17,29.0,82.0,61
425.0,19,28.0,85.0,65
418.0,15,27.0,88.0,57
427.0,18,26.0,92.0,63
468.0,48,25.0,96.0,132
459.0,33,25.0,95.0,95
443.0,27,25.0,95.0,82
437.0,23,25.0,94.0,74
431.0,27,25.0,94.0,82
422.0,11,25.0,93.0,45
425.0,9,25.0,92.0,37
422.0,8,25.0,90.0,33
414.0,4,25.0,88.0,17
427.0,33,27.0,88.0,95
421.0,15,28.0,85.0,57
418.0,13,28.0,82.0,53
418.0,16,29.0,79.0,59
434.0,18,31.0,76.0,63
423.0,17,31.0,77.0,61
421.0,24,31.0,76.0,76
413.0,17,30.0,78.0,61
414.0,13,30.0,76.0,53
419.0,17,29.0,81.0,61
433.0,26,28.0,88.0,80
459.0,24,27.0,90.0,76
438.0,29,26.0,93.0,86
469.0,31,26.0,95.0,91
475.0,25,25.0,95.0,78
463.0,28,26.0,96.0,84
458.0,24,25.0,96.0,76
441.0,20,26.0,95.0,68
432.0,18,26.0,94.0,63
428.0,20,26.0,93.0,68
423.0,20,26.0,93.0,68
423.0,17,26.0,92.0,61
415.0,15,26.0,91.0,57
417.0,15,27.0,89.0,57
413.0,18,27.0,88.0,63
416.0,32,29.0,85.0,93
418.0,29,29.0,82.0,86
416.0,32,31.0,78.0,93
418.0,21,34.0,71.0,70
425.0,23,33.0,72.0,74
409.0,17,31.0,75.0,61
415.0,71,31.0,76.0,159
416.0,17,30.0,78.0,61
413.0,16,29.0,84.0,59
414.0,17,28.0,86.0,61
419.0,20,27.0,87.0,68
432.0,15,26.0,92.0,57
439.0,20,25.0,93.0,68
429.0,15,25.0,94.0,57
425.0,18,25.0,94.0,63
424.0,15,25.0,93.0,57
424.0,11,25.0,92.0,45
422.0,11,25.0,92.0,45
429.0,26,26.0,92.0,80
436.0,36,26.0,93.0,102
433.0,34,26.0,93.0,97
425.0,29,27.0,91.0,86
419.0,25,27.0,90.0,78
418.0,20,27.0,90.0,68
414.0,19,27.0,87.0,65
421.0,10,28.0,87.0,41
415.0,11,28.0,80.0,45
411.0,20,31.0,75.0,68
408.0,16,30.0,79.0,59
416.0,15,30.0,79.0,57
424.0,15,30.0,78.0,57
418.0,12,29.0,79.0,50
438.0,29,26.0,92.0,86
465.0,36,25.0,93.0,102
436.0,26,26.0,92.0,80
437.0,22,26.0,92.0,72
432.0,30,26.0,92.0,88
429.0,29,26.0,91.0,86
421.0,21,27.0,90.0,70
426.0,25,27.0,90.0,78
429.0,20,27.0,90.0,68
422.0,16,27.0,89.0,59
418.0,15,28.0,86.0,57
413.0,19,28.0,85.0,65
414.0,33,29.0,84.0,95
413.0,26,29.0,80.0,80
415.0,23,31.0,78.0,74
412.0,37,31.0,82.0,105
415.0,34,31.0,78.0,97
413.0,22,31.0,76.0,72
412.0,16,31.0,77.0,59
411.0,17,30.0,82.0,61
423.0,38,28.0,89.0,107
429.0,42,27.0,91.0,117
434.0,29,26.0,94.0,86
437.0,36,25.0,96.0,102
472.0,39,25.0,96.0,110
448.0,33,25.0,96.0,95
443.0,37,25.0,96.0,105
446.0,41,26.0,95.0,114
446.0,31,26.0,95.0,91
444.0,21,26.0,94.0,70
446.0,21,26.0,94.0,70
446.0,19,26.0,94.0,65
443.0,22,26.0,93.0,72
434.0,20,26.0,92.0,68
416.0,18,26.0,92.0,63
413.0,16,27.0,88.0,59
415.0,28,29.0,83.0,84
413.0,25,30.0,82.0,78
413.0,21,30.0,86.0,70
413.0,14,28.0,88.0,55
417.0,28,30.0,78.0,84
415.0,12,30.0,80.0,50
423.0,18,28.0,85.0,63
435.0,25,27.0,90.0,78
443.0,27,26.0,93.0,82
479.0,37,26.0,95.0,105
454.0,28,25.0,95.0,84
444.0,27,26.0,95.0,82
445.0,27,25.0,95.0,82
433.0,32,26.0,93.0,93
435.0,27,26.0,93.0,82
434.0,29,26.0,92.0,86
439.0,35,26.0,93.0,99
481.0,29,27.0,92.0,86
432.0,24,27.0,91.0,76
422.0,23,27.0,90.0,74
421.0,22,27.0,90.0,72
420.0,20,27.0,88.0,68
421.0,16,28.0,86.0,59
415.0,29,29.0,86.0,86
415.0,15,30.0,78.0,57
407.0,10,31.0,75.0,41
411.0,14,30.0,80.0,55
413.0,11,29.0,83.0,45
415.0,13,28.0,85.0,53
418.0,19,27.0,90.0,65
425.0,26,27.0,92.0,80
427.0,26,27.0,92.0,80
448.0,39,26.0,96.0,110
475.0,31,25.0,97.0,91
481.0,30,24.0,97.0,88
452.0,22,25.0,97.0,72
438.0,26,25.0,96.0,80
436.0,27,25.0,96.0,82
435.0,25,25.0,96.0,78
435.0,30,25.0,96.0,88
449.0,42,25.0,98.0,117
462.0,37,25.0,97.0,105
472.0,28,25.0,97.0,84
446.0,25,26.0,96.0,78
425.0,31,26.0,96.0,91
421.0,28,26.0,95.0,84
417.0,17,26.0,94.0,61
417.0,10,26.0,94.0,41
421.0,13,25.0,92.0,53
415.0,22,27.0,91.0,72
424.0,24,28.0,86.0,76
420.0,19,30.0,79.0,65
419.0,23,28.0,84.0,74
425.0,22,27.0,87.0,72
428.0,27,26.0,91.0,82
454.0,24,25.0,93.0,76
459.0,23,25.0,93.0,74
442.0,24,25.0,93.0,76
429.0,20,25.0,92.0,68
428.0,20,25.0,92.0,68
435.0,21,25.0,92.0,70
438.0,28,25.0,91.0,84
436.0,33,26.0,91.0,95
437.0,37,26.0,91.0,105
433.0,36,26.0,91.0,102
428.0,32,26.0,90.0,93
425.0,32,27.0,89.0,93
425.0,24,27.0,86.0,76
416.0,16,27.0,83.0,59
417.0,14,28.0,81.0,55
418.0,12,28.0,81.0,50
417.0,12,29.0,79.0,50
421.0,14,28.0,84.0,55
430.0,16,28.0,87.0,59
430.0,20,29.0,83.0,68
428.0,16,28.0,86.0,59
422.0,20,27.0,89.0,68
427.0,20,26.0,92.0,68
433.0,19,25.0,94.0,65
444.0,19,25.0,94.0,65
447.0,23,25.0,94.0,74
442.0,26,25.0,93.0,80
439.0,32,25.0,92.0,93
439.0,25,25.0,92.0,78
438.0,23,25.0,92.0,74
437.0,27,26.0,91.0,82
433.0,31,26.0,91.0,91
432.0,29,26.0,91.0,86
425.0,28,26.0,90.0,84
416.0,22,27.0,89.0,72
412.0,17,27.0,86.0,61
407.0,14,27.0,85.0,55
406.0,11,27.0,86.0,45
409.0,10,27.0,87.0,41
411.0,11,27.0,89.0,45
411.0,13,28.0,89.0,53
419.0,15,28.0,90.0,57
419.0,17,28.0,88.0,61
419.0,16,28.0,87.0,59
425.0,19,27.0,89.0,65
430.0,22,26.0,91.0,72
439.0,33,25.0,93.0,95
451.0,35,25.0,93.0,99
439.0,28,25.0,93.0,84
437.0,23,25.0,93.0,74
439.0,26,25.0,93.0,80
439.0,31,25.0,93.0,91
434.0,25,25.0,93.0,78
436.0,30,25.0,92.0,88
423.0,20,26.0,90.0,68
421.0,27,26.0,89.0,82
421.0,26,26.0,91.0,80
415.0,27,27.0,90.0,82
413.0,20,27.0,88.0,68
413.0,21,28.0,89.0,70
416.0,19,27.0,92.0,65
414.0,23,27.0,89.0,74
411.0,10,29.0,83.0,41
415.0,10,28.0,85.0,41
415.0,11,27.0,87.0,45
418.0,12,26.0,90.0,50
422.0,14,25.0,94.0,55
436.0,19,24.0,96.0,65
442.0,19,24.0,96.0,65
435.0,24,24.0,96.0,76
436.0,20,25.0,95.0,68
434.0,21,25.0,95.0,70
431.0,21,25.0,95.0,70
433.0,26,25.0,95.0,80
431.0,35,25.0,95.0,99
429.0,30,26.0,95.0,88
433.0,25,26.0,95.0,78
424.0,25,26.0,94.0,78
421.0,20,26.0,94.0,68
417.0,16,26.0,92.0,59
417.0,12,28.0,83.0,50
409.0,17,29.0,78.0,61
412.0,11,29.0,78.0,45
415.0,12,28.0,81.0,50
416.0,14,27.0,84.0,55
422.0,15,26.0,90.0,57
431.0,11,25.0,92.0,45
434.0,15,25.0,94.0,57
437.0,21,25.0,95.0,70
433.0,22,25.0,94.0,72
433.0,16,25.0,95.0,59
434.0,17,25.0,94.0,61
431.0,19,25.0,94.0,65
430.0,20,25.0,93.0,68
427.0,17,25.0,92.0,61
433.0,24,26.0,92.0,76
426.0,26,26.0,91.0,80
425.0,23,26.0,89.0,74
423.0,25,27.0,88.0,78
420.0,19,27.0,88.0,65
418.0,14,27.0,84.0,55
415.0,11,28.0,81.0,45
412.0,13,29.0,80.0,53
412.0,11,29.0,79.0,45
410.0,9,29.0,79.0,37
408.0,13,29.0,81.0,53
410.0,13,28.0,83.0,53
413.0,10,28.0,83.0,41
413.0,14,27.0,88.0,55
424.0,57,26.0,91.0,152
432.0,29,26.0,94.0,86
431.0,23,25.0,94.0,74
435.0,29,25.0,94.0,86
430.0,21,25.0,93.0,70
427.0,18,25.0,93.0,63
419.0,16,25.0,92.0,59
418.0,15,25.0,92.0,57
425.0,25,26.0,92.0,78
416.0,17,26.0,91.0,61
419.0,22,26.0,90.0,72
415.0,22,26.0,89.0,72
414.0,21,26.0,88.0,70
414.0,23,27.0,88.0,74
414.0,22,27.0,89.0,72
415.0,23,28.0,88.0,74
411.0,17,28.0,89.0,61
420.0,17,29.0,83.0,61
422.0,15,30.0,78.0,57
409.0,14,31.0,77.0,55
414.0,14,30.0,82.0,55
410.0,11,30.0,77.0,45
408.0,10,29.0,81.0,41
412.0,14,28.0,85.0,55
415.0,22,27.0,90.0,72
421.0,24,26.0,94.0,76
438.0,28,25.0,95.0,84
438.0,21,25.0,95.0,70
436.0,23,25.0,95.0,74
431.0,29,25.0,94.0,86
425.0,29,25.0,94.0,86
425.0,26,25.0,94.0,80
422.0,27,25.0,92.0,82
424.0,32,26.0,92.0,93
411.0,24,26.0,89.0,76
411.0,17,26.0,90.0,61
410.0,15,27.0,89.0,57
409.0,17,27.0,88.0,61
410.0,18,28.0,86.0,63
407.0,14,28.0,87.0,55
411.0,11,28.0,86.0,45
422.0,24,29.0,81.0,76
407.0,18,30.0,77.0,63
407.0,35,29.0,81.0,99
410.0,21,28.0,85.0,70
421.0,23,26.0,93.0,74
437.0,18,25.0,94.0,63
456.0,18,25.0,96.0,63
439.0,14,24.0,96.0,55
430.0,12,24.0,96.0,50
428.0,12,24.0,96.0,50
428.0,13,24.0,95.0,53
427.0,15,25.0,95.0,57
429.0,18,25.0,95.0,63
430.0,22,25.0,96.0,72
422.0,22,25.0,96.0,72
418.0,17,25.0,95.0,61
415.0,11,25.0,95.0,45
412.0,14,25.0,94.0,55
414.0,10,26.0,93.0,41
412.0,12,26.0,92.0,50
420.0,13,27.0,90.0,53
411.0,30,27.0,91.0,88
410.0,8,26.0,90.0,33
416.0,11,28.0,87.0,45
413.0,12,29.0,88.0,50
416.0,13,29.0,82.0,53
408.0,12,29.0,78.0,50
410.0,15,28.0,85.0,57
412.0,18,26.0,88.0,63
419.0,18,25.0,92.0,63
420.0,19,24.0,94.0,65
428.0,14,24.0,93.0,55
425.0,12,24.0,92.0,50
423.0,16,24.0,92.0,59
430.0,32,24.0,93.0,93
423.0,24,25.0,93.0,76
420.0,23,25.0,92.0,74
416.0,16,25.0,91.0,59
413.0,15,25.0,91.0,57
411.0,15,25.0,91.0,57
411.0,18,25.0,90.0,63
411.0,24,25.0,89.0,76
407.0,15,26.0,89.0,57
403.0,20,26.0,90.0,68
401.0,18,27.0,88.0,63
403.0,14,27.0,87.0,55
408.0,12,27.0,84.0,50
404.0,11,27.0,85.0,45
408.0,13,27.0,89.0,53
406.0,17,27.0,88.0,61
411.0,20,27.0,89.0,68
420.0,19,26.0,89.0,65
424.0,19,26.0,90.0,65
421.0,23,25.0,92.0,74
429.0,17,25.0,92.0,61
435.0,28,24.0,91.0,84
413.0,15,24.0,91.0,57
412.0,11,25.0,90.0,45
411.0,12,25.0,89.0,50
416.0,20,25.0,91.0,68
417.0,30,25.0,90.0,88
412.0,26,25.0,88.0,80
409.0,19,26.0,87.0,65
407.0,19,26.0,86.0,65
404.0,17,26.0,85.0,61
406.0,22,26.0,85.0,72
402.0,12,26.0,84.0,50
399.0,10,27.0,80.0,41
394.0,18,28.0,79.0,63
398.0,14,29.0,76.0,55
393.0,10,29.0,76.0,41
392.0,20,29.0,76.0,68
394.0,7,29.0,78.0,29
395.0,8,28.0,80.0,33
401.0,20,27.0,84.0,68
400.0,9,26.0,87.0,37
403.0,7,26.0,89.0,29
411.0,14,25.0,92.0,55
413.0,12,25.0,95.0,50
417.0,14,24.0,95.0,55
418.0,16,25.0,95.0,59
419.0,19,25.0,94.0,65
419.0,13,25.0,94.0,53
420.0,15,25.0,93.0,57
417.0,26,25.0,93.0,80
413.0,14,25.0,92.0,55
407.0,12,25.0,92.0,50
406.0,11,26.0,91.0,45
407.0,12,26.0,93.0,50
408.0,23,26.0,93.0,74
408.0,18,26.0,92.0,63
403.0,28,26.0,92.0,84
401.0,11,26.0,91.0,45
410.0,18,26.0,90.0,63
415.0,21,29.0,79.0,70
416.0,14,30.0,77.0,55
409.0,15,29.0,78.0,57
412.0,13,28.0,83.0,53
406.0,10,26.0,89.0,41
409.0,10,26.0,90.0,41
416.0,8,25.0,93.0,33
418.0,6,24.0,95.0,25
417.0,5,24.0,94.0,21
417.0,4,24.0,94.0,17
417.0,5,24.0,93.0,21
414.0,6,24.0,93.0,25
416.0,10,24.0,93.0,41
413.0,14,25.0,93.0,55
416.0,14,25.0,93.0,55
424.0,19,25.0,93.0,65
424.0,16,25.0,92.0,59
424.0,17,26.0,91.0,61
431.0,14,26.0,89.0,55
415.0,14,26.0,87.0,55
413.0,10,26.0,85.0,41
420.0,29,28.0,87.0,86
417.0,26,27.0,88.0,80
421.0,22,28.0,80.0,72
424.0,13,29.0,78.0,53
413.0,6,30.0,76.0,25
424.0,12,29.0,82.0,50
419.0,10,28.0,84.0,41
434.0,12,26.0,89.0,50
435.0,13,25.0,92.0,53
434.0,15,25.0,93.0,57
428.0,11,24.0,93.0,45
426.0,12,24.0,93.0,50
426.0,8,24.0,93.0,33
430.0,25,25.0,95.0,78
431.0,24,25.0,95.0,76
427.0,20,25.0,95.0,68
424.0,16,25.0,94.0,59
423.0,14,25.0,93.0,55
417.0,9,25.0,92.0,37
423.0,14,25.0,92.0,55
424.0,19,25.0,91.0,65
421.0,16,26.0,89.0,59
414.0,17,27.0,83.0,61
424.0,35,29.0,78.0,99
417.0,37,32.0,71.0,105
421.0,45,31.0,76.0,124
417.0,19,30.0,73.0,65
422.0,24,30.0,76.0,76
435.0,27,30.0,79.0,82
428.0,35,28.0,84.0,99
435.0,42,27.0,87.0,117
433.0,50,26.0,91.0,137
449.0,33,25.0,94.0,95
474.0,41,24.0,96.0,114
482.0,34,24.0,96.0,97
471.0,30,24.0,94.0,88
444.0,27,24.0,94.0,82
434.0,27,24.0,93.0,82
433.0,28,24.0,93.0,84
459.0,44,25.0,94.0,122
458.0,46,25.0,93.0,127
453.0,41,25.0,92.0,114
455.0,40,25.0,91.0,112
437.0,36,25.0,89.0,102
426.0,24,25.0,87.0,76
421.0,21,25.0,86.0,70
448.0,12,25.0,83.0,50
416.0,27,26.0,84.0,82
420.0,29,28.0,79.0,86
415.0,21,30.0,77.0,70
414.0,23,30.0,81.0,74
428.0,23,29.0,85.0,74
421.0,22,28.0,88.0,72
427.0,28,27.0,91.0,84
427.0,28,26.0,92.0,84
431.0,30,26.0,93.0,88
442.0,49,25.0,95.0,134
449.0,51,24.0,95.0,139
441.0,54,24.0,95.0,146
436.0,56,24.0,95.0,151
435.0,31,24.0,95.0,91
427.0,16,24.0,95.0,59
423.0,15,24.0,95.0,57
422.0,16,24.0,95.0,59
427.0,19,24.0,96.0,65
425.0,14,24.0,95.0,55
419.0,11,25.0,94.0,45
417.0,11,25.0,93.0,45
415.0,9,25.0,92.0,37
411.0,9,25.0,92.0,37
418.0,24,25.0,90.0,76
416.0,23,26.0,88.0,74
415.0,17,26.0,82.0,61
417.0,12,29.0,82.0,50
422.0,27,30.0,76.0,82
425.0,30,30.0,77.0,88
438.0,36,30.0,79.0,102
437.0,40,29.0,83.0,112
433.0,51,28.0,88.0,139
427.0,42,27.0,90.0,117
439.0,42,26.0,92.0,117
507.0,37,25.0,94.0,105
464.0,43,25.0,94.0,119
465.0,53,25.0,93.0,144
448.0,44,25.0,92.0,122
437.0,37,26.0,92.0,105
435.0,40,26.0,93.0,112
437.0,46,26.0,93.0,127
444.0,55,26.0,94.0,149
462.0,59,26.0,91.0,153
477.0,47,27.0,88.0,129
473.0,39,27.0,85.0,110
464.0,36,28.0,83.0,102
427.0,34,28.0,80.0,97
419.0,30,29.0,79.0,88
418.0,24,30.0,74.0,76
421.0,18,32.0,69.0,63
418.0,15,32.0,69.0,57
414.0,12,31.0,72.0,50
423.0,28,30.0,80.0,84
439.0,30,29.0,83.0,88
436.0,42,28.0,89.0,117
436.0,48,27.0,91.0,132
440.0,60,26.0,94.0,153
447.0,51,25.0,96.0,139
469.0,33,24.0,97.0,95
491.0,34,24.0,97.0,97
485.0,31,24.0,96.0,91
476.0,44,24.0,97.0,122
465.0,32,24.0,97.0,93
458.0,34,24.0,97.0,97
453.0,35,24.0,97.0,99
445.0,27,24.0,96.0,82
442.0,26,24.0,96.0,80
439.0,25,24.0,96.0,78
429.0,13,25.0,95.0,53
420.0,11,25.0,94.0,45
422.0,18,25.0,94.0,63
422.0,14,25.0,93.0,55
422.0,17,25.0,91.0,61
427.0,25,26.0,91.0,78
445.0,33,27.0,90.0,95
422.0,14,27.0,87.0,55
430.0,28,29.0,83.0,84
433.0,27,29.0,83.0,82
429.0,32,29.0,82.0,93
424.0,33,28.0,86.0,95
430.0,33,27.0,91.0,95
442.0,40,26.0,94.0,112
455.0,32,25.0,95.0,93
456.0,21,25.0,95.0,70
438.0,20,25.0,94.0,68
435.0,19,25.0,93.0,65
430.0,12,25.0,92.0,50
430.0,14,25.0,92.0,55
422.0,10,25.0,91.0,41
424.0,18,26.0,90.0,63
426.0,20,26.0,92.0,68
428.0,21,27.0,91.0,70
426.0,24,27.0,91.0,76
427.0,30,27.0,90.0,88
420.0,155,27.0,88.0,205
428.0,23,28.0,86.0,74
424.0,18,29.0,81.0,63
423.0,24,31.0,75.0,76
420.0,19,32.0,68.0,65
415.0,21,31.0,73.0,70
415.0,16,31.0,74.0,59
424.0,22,30.0,79.0,72
420.0,24,28.0,84.0,76
426.0,31,27.0,87.0,91
442.0,29,26.0,92.0,86
441.0,25,25.0,95.0,78
441.0,25,24.0,96.0,78
438.0,29,24.0,97.0,86
432.0,21,24.0,96.0,70
430.0,16,24.0,96.0,59
430.0,13,24.0,95.0,53
428.0,13,25.0,95.0,53
423.0,13,25.0,94.0,53
416.0,10,25.0,94.0,41
415.0,11,25.0,94.0,45
416.0,16,25.0,93.0,59
411.0,11,25.0,91.0,45
409.0,7,25.0,89.0,29
408.0,12,26.0,85.0,50
448.0,21,29.0,82.0,70
426.0,22,30.0,80.0,72
426.0,25,31.0,77.0,78
414.0,31,31.0,74.0,91
415.0,21,31.0,74.0,70
422.0,22,30.0,78.0,72
419.0,24,29.0,80.0,76
421.0,23,28.0,84.0,74
417.0,30,27.0,88.0,88
429.0,33,25.0,90.0,95
435.0,31,25.0,91.0,91
432.0,24,25.0,91.0,76
426.0,27,25.0,90.0,82
429.0,39,25.0,91.0,110
428.0,23,25.0,92.0,74
431.0,29,25.0,92.0,86
423.0,27,25.0,91.0,82
423.0,26,25.0,90.0,80
422.0,29,25.0,90.0,86
421.0,27,25.0,90.0,82
415.0,19,26.0,88.0,65
412.0,20,26.0,87.0,68
407.0,21,26.0,85.0,70
405.0,28,27.0,84.0,84
402.0,21,27.0,81.0,70
406.0,17,28.0,78.0,61
403.0,15,28.0,78.0,57
403.0,24,28.0,81.0,76
404.0,14,28.0,79.0,55
407.0,17,28.0,81.0,61
408.0,15,27.0,84.0,57
418.0,16,26.0,90.0,59
431.0,23,25.0,93.0,74
432.0,18,25.0,94.0,63
431.0,22,24.0,94.0,72
429.0,10,24.0,94.0,41
424.0,8,24.0,92.0,33
426.0,15,25.0,93.0,57
425.0,31,25.0,94.0,91
425.0,21,25.0,93.0,70
427.0,29,25.0,93.0,86
425.0,37,25.0,93.0,105
422.0,28,25.0,92.0,84
419.0,30,25.0,93.0,88
419.0,32,25.0,92.0,93
417.0,30,25.0,91.0,88
409.0,17,26.0,89.0,61
406.0,13,26.0,88.0,53
405.0,10,26.0,86.0,41
405.0,11,27.0,85.0,45
411.0,15,27.0,86.0,57
414.0,12,28.0,81.0,50
415.0,22,31.0,71.0,72
410.0,27,30.0,77.0,82
413.0,24,29.0,79.0,76
412.0,23,28.0,82.0,74
416.0,23,27.0,85.0,74
421.0,24,26.0,90.0,76
432.0,21,25.0,93.0,70
433.0,21,25.0,93.0,70
429.0,16,25.0,93.0,59
422.0,14,25.0,92.0,55
415.0,11,25.0,91.0,45
412.0,13,25.0,90.0,53
409.0,13,26.0,89.0,53
412.0,14,26.0,87.0,55
410.0,12,26.0,86.0,50
411.0,16,26.0,87.0,59
414.0,19,26.0,85.0,65
417.0,30,27.0,84.0,88
411.0,18,28.0,83.0,63
417.0,17,28.0,81.0,61
426.0,19,29.0,80.0,65
408.0,22,30.0,76.0,72
407.0,18,30.0,75.0,63
407.0,22,31.0,74.0,72
410.0,25,31.0,74.0,78
411.0,24,30.0,77.0,76
415.0,17,29.0,77.0,61
410.0,16,28.0,80.0,59
420.0,25,27.0,84.0,78
427.0,22,26.0,86.0,72
436.0,35,25.0,88.0,99
436.0,33,25.0,89.0,95
427.0,26,25.0,87.0,80
420.0,14,25.0,87.0,55
416.0,16,25.0,86.0,59
416.0,15,25.0,86.0,57
414.0,16,25.0,87.0,59
412.0,18,26.0,86.0,63
408.0,19,26.0,84.0,65
410.0,26,26.0,83.0,80
416.0,37,27.0,81.0,105
417.0,39,27.0,79.0,110
416.0,54,28.0,76.0,146
406.0,29,28.0,74.0,86
404.0,23,29.0,73.0,74
399.0,15,29.0,73.0,57
398.0,13,30.0,70.0,53
401.0,14,30.0,72.0,55
400.0,13,30.0,74.0,53
403.0,12,30.0,73.0,50
409.0,23,29.0,76.0,74
402.0,18,28.0,80.0,63
408.0,16,27.0,83.0,59
434.0,21,26.0,88.0,70
457.0,20,25.0,89.0,68
454.0,18,25.0,88.0,63
441.0,12,25.0,88.0,50
431.0,12,25.0,86.0,50
444.0,19,26.0,87.0,65
439.0,33,26.0,88.0,95
449.0,35,26.0,88.0,99
444.0,46,26.0,87.0,127
430.0,52,26.0,85.0,141
429.0,32,27.0,83.0,93
424.0,43,27.0,80.0,119
409.0,24,28.0,79.0,76
403.0,35,28.0,79.0,99
402.0,32,28.0,77.0,93
399.0,24,29.0,75.0,76
400.0,15,29.0,72.0,57
397.0,12,30.0,73.0,50
399.0,10,29.0,72.0,41
399.0,16,30.0,76.0,59
402.0,13,29.0,77.0,53
409.0,24,29.0,78.0,76
422.0,55,28.0,84.0,149
422.0,40,27.0,85.0,112
420.0,17,26.0,87.0,61
428.0,19,25.0,90.0,65
440.0,17,25.0,90.0,61
428.0,15,25.0,90.0,57
425.0,18,25.0,91.0,63
420.0,20,25.0,90.0,68
416.0,16,25.0,87.0,59
416.0,20,26.0,87.0,68
421.0,27,26.0,87.0,82
416.0,31,26.0,86.0,91
421.0,29,26.0,84.0,86
438.0,33,27.0,83.0,95
412.0,23,27.0,80.0,74
406.0,21,27.0,77.0,70
419.0,15,28.0,77.0,57
409.0,20,28.0,81.0,68
408.0,15,28.0,80.0,57
398.0,14,30.0,73.0,55
415.0,15,30.0,72.0,57
410.0,18,31.0,70.0,63
420.0,34,30.0,74.0,97
417.0,51,29.0,77.0,139
418.0,38,28.0,81.0,107
416.0,27,26.0,85.0,82
419.0,9,26.0,87.0,37
436.0,14,25.0,90.0,55
428.0,6,25.0,89.0,25
422.0,7,25.0,88.0,29
417.0,4,25.0,87.0,17
415.0,4,25.0,87.0,17
414.0,7,25.0,87.0,29
423.0,21,26.0,88.0,70
423.0,25,26.0,88.0,78
410.0,8,26.0,85.0,33
407.0,3,26.0,83.0,12
409.0,11,26.0,84.0,45
440.0,52,27.0,92.0,141
427.0,35,27.0,91.0,99
419.0,39,27.0,89.0,110
406.0,20,28.0,88.0,68
413.0,26,28.0,87.0,80
415.0,29,29.0,78.0,86
406.0,13,30.0,72.0,53
405.0,9,31.0,74.0,37
411.0,23,31.0,76.0,74
416.0,13,30.0,78.0,53
410.0,16,29.0,82.0,59
420.0,26,27.0,89.0,80
435.0,18,26.0,93.0,63
460.0,44,25.0,95.0,122
451.0,50,25.0,94.0,137
436.0,47,25.0,93.0,129
440.0,24,25.0,93.0,76
425.0,20,26.0,92.0,68
420.0,14,26.0,91.0,55
415.0,14,26.0,91.0,55
412.0,20,26.0,91.0,68
415.0,27,27.0,89.0,82
419.0,44,27.0,87.0,122
417.0,46,27.0,86.0,127
417.0,56,28.0,86.0,151
419.0,49,29.0,83.0,134
429.0,28,30.0,81.0,84
420.0,25,30.0,78.0,78
434.0,32,31.0,75.0,93
419.0,17,32.0,74.0,61
415.0,16,31.0,79.0,59
416.0,23,30.0,82.0,74
418.0,45,29.0,87.0,124
439.0,39,28.0,89.0,110
432.0,48,27.0,93.0,132
433.0,47,26.0,96.0,129
447.0,43,25.0,97.0,119
440.0,39,25.0,97.0,110
425.0,44,25.0,96.0,122
416.0,37,25.0,95.0,105
420.0,24,25.0,95.0,76
418.0,24,25.0,94.0,76
420.0,31,25.0,96.0,91
423.0,37,25.0,96.0,105
421.0,32,26.0,94.0,93
417.0,18,26.0,93.0,63
411.0,18,26.0,93.0,63
412.0,29,26.0,93.0,86
410.0,20,26.0,91.0,68
420.0,23,27.0,92.0,74
430.0,32,28.0,92.0,93
435.0,38,28.0,90.0,107
440.0,67,29.0,85.0,157
431.0,39,30.0,78.0,110
417.0,41,31.0,80.0,114
429.0,43,29.0,86.0,119
428.0,64,27.0,91.0,155
445.0,78,26.0,95.0,163
448.0,98,26.0,96.0,173
449.0,56,25.0,97.0,151
452.0,41,25.0,96.0,114
457.0,29,25.0,97.0,86
450.0,28,25.0,96.0,84
441.0,28,25.0,95.0,84
439.0,25,25.0,96.0,78
443.0,32,25.0,95.0,93
440.0,29,25.0,95.0,86
433.0,36,25.0,94.0,102
435.0,35,25.0,93.0,99
421.0,24,25.0,92.0,76
416.0,22,26.0,92.0,72
414.0,15,26.0,91.0,57
408.0,10,26.0,91.0,41
406.0,13,27.0,89.0,53
414.0,16,28.0,90.0,59
415.0,22,28.0,88.0,72
427.0,30,28.0,89.0,88
418.0,34,28.0,92.0,97
421.0,21,28.0,92.0,70
420.0,20,29.0,88.0,68
417.0,16,29.0,84.0,59
412.0,21,28.0,89.0,70
428.0,23,27.0,93.0,74
433.0,15,26.0,94.0,57
454.0,42,25.0,97.0,117
454.0,38,25.0,98.0,107
443.0,26,25.0,97.0,80
434.0,35,25.0,96.0,99
430.0,18,25.0,96.0,63
430.0,20,25.0,94.0,68
420.0,8,25.0,93.0,33
413.0,10,26.0,93.0,41
414.0,10,26.0,92.0,41
407.0,11,26.0,91.0,45
407.0,24,27.0,90.0,76
409.0,36,27.0,86.0,102
410.0,27,29.0,85.0,82
413.0,23,29.0,81.0,74
416.0,33,31.0,77.0,95
414.0,21,30.0,79.0,70
421.0,45,29.0,80.0,124
425.0,24,32.0,72.0,76
418.0,19,32.0,71.0,65
421.0,20,30.0,75.0,68
433.0,20,29.0,80.0,68
425.0,26,28.0,83.0,80
434.0,22,27.0,88.0,72
452.0,20,26.0,93.0,68
433.0,22,25.0,95.0,72
430.0,17,25.0,95.0,61
426.0,26,25.0,95.0,80
427.0,37,25.0,95.0,105
419.0,29,25.0,95.0,86
417.0,27,25.0,95.0,82
415.0,32,25.0,94.0,93
412.0,19,25.0,93.0,65
408.0,19,25.0,93.0,65
409.0,18,25.0,92.0,63
406.0,13,26.0,90.0,53
406.0,26,26.0,88.0,80
410.0,20,27.0,88.0,68
409.0,22,27.0,86.0,72
408.0,24,29.0,81.0,76
416.0,88,31.0,79.0,168
420.0,34,31.0,78.0,97
410.0,21,31.0,78.0,70
410.0,37,30.0,80.0,105
412.0,30,29.0,86.0,88
412.0,41,28.0,89.0,114
420.0,94,26.0,93.0,171
433.0,55,26.0,96.0,149
492.0,74,25.0,96.0,161
459.0,56,25.0,96.0,151
453.0,45,25.0,96.0,124
431.0,37,24.0,96.0,105
422.0,32,25.0,95.0,93
436.0,38,25.0,96.0,107
439.0,24,25.0,96.0,76
440.0,27,25.0,96.0,82
427.0,22,25.0,95.0,72
418.0,24,25.0,95.0,76
412.0,21,25.0,94.0,70
407.0,15,25.0,93.0,57
408.0,17,25.0,92.0,61
409.0,18,26.0,90.0,63
410.0,20,27.0,87.0,68
409.0,18,29.0,80.0,63
403.0,17,31.0,76.0,61
414.0,22,30.0,80.0,72
414.0,29,30.0,81.0,86
421.0,25,28.0,86.0,78
422.0,27,27.0,88.0,82
415.0,31,26.0,91.0,91
419.0,29,25.0,93.0,86
463.0,29,25.0,94.0,86
436.0,35,24.0,94.0,99
424.0,23,24.0,93.0,74
427.0,29,24.0,92.0,86
429.0,16,24.0,93.0,59
423.0,15,25.0,91.0,57
418.0,16,25.0,90.0,59
415.0,15,25.0,89.0,57
413.0,13,25.0,89.0,53
410.0,9,25.0,89.0,37
407.0,8,25.0,90.0,33
408.0,9,26.0,88.0,37
413.0,18,27.0,89.0,63
420.0,20,28.0,88.0,68
438.0,26,28.0,89.0,80
429.0,29,28.0,88.0,86
418.0,28,28.0,85.0,84
414.0,10,30.0,76.0,41
410.0,21,30.0,80.0,70
410.0,17,29.0,84.0,61
411.0,17,28.0,84.0,61
412.0,22,28.0,88.0,72
421.0,24,27.0,91.0,76
420.0,28,26.0,94.0,84
454.0,44,25.0,96.0,122
467.0,41,25.0,96.0,114
431.0,34,25.0,97.0,97
426.0,43,25.0,97.0,119
425.0,40,25.0,97.0,112
428.0,36,25.0,97.0,102
433.0,40,25.0,97.0,112
422.0,34,25.0,97.0,97
424.0,30,25.0,98.0,88
436.0,46,25.0,97.0,127
433.0,48,25.0,97.0,132
435.0,46,25.0,96.0,127
426.0,37,26.0,95.0,105
413.0,24,26.0,93.0,76
410.0,17,26.0,92.0,61
406.0,21,26.0,92.0,70
409.0,12,26.0,92.0,50
414.0,18,26.0,92.0,63
412.0,22,29.0,82.0,72
413.0,42,30.0,80.0,117
415.0,28,29.0,82.0,84
417.0,30,28.0,85.0,88
420.0,29,27.0,90.0,86
445.0,42,26.0,94.0,117
469.0,31,26.0,96.0,91
455.0,30,25.0,96.0,88
442.0,25,25.0,95.0,78
421.0,24,25.0,94.0,76
426.0,35,26.0,95.0,99
426.0,29,26.0,94.0,86
429.0,47,26.0,93.0,129
428.0,54,26.0,92.0,146
427.0,42,26.0,91.0,117
443.0,32,27.0,90.0,93
412.0,24,27.0,88.0,76
405.0,19,27.0,83.0,65
411.0,27,28.0,82.0,82
419.0,37,29.0,80.0,105
415.0,40,30.0,75.0,112
412.0,22,31.0,70.0,72
410.0,21,32.0,70.0,70
417.0,18,31.0,76.0,63
408.0,19,30.0,76.0,65
422.0,25,29.0,80.0,78
424.0,23,28.0,80.0,74
425.0,36,27.0,85.0,102
439.0,50,26.0,91.0,137
462.0,13,25.0,93.0,53
454.0,12,25.0,92.0,50
434.0,12,25.0,91.0,50
433.0,17,25.0,91.0,61
430.0,16,25.0,91.0,59
431.0,14,26.0,92.0,55
423.0,16,26.0,93.0,59
420.0,17,26.0,94.0,61
413.0,14,26.0,93.0,55
415.0,12,26.0,93.0,50
422.0,13,26.0,92.0,53
412.0,8,26.0,91.0,33
405.0,11,27.0,90.0,45
406.0,17,27.0,90.0,61
418.0,21,27.0,88.0,70
414.0,18,30.0,79.0,63
406.0,5,31.0,72.0,21
410.0,14,30.0,77.0,55
428.0,32,30.0,77.0,93
421.0,31,29.0,81.0,91
424.0,38,28.0,86.0,107
431.0,36,27.0,90.0,102
432.0,28,26.0,95.0,84
456.0,33,25.0,96.0,95
479.0,27,25.0,96.0,82
454.0,27,25.0,96.0,82
435.0,26,25.0,96.0,80
427.0,28,25.0,96.0,84
426.0,19,25.0,95.0,65
429.0,27,25.0,95.0,82
430.0,27,25.0,95.0,82
438.0,33,26.0,94.0,95
420.0,14,26.0,93.0,55
419.0,21,26.0,92.0,70
410.0,9,26.0,90.0,37
407.0,10,26.0,90.0,41
402.0,17,26.0,89.0,61
410.0,27,28.0,81.0,82
427.0,47,30.0,78.0,129
421.0,15,31.0,72.0,57
408.0,12,32.0,69.0,50
420.0,18,31.0,72.0,63
418.0,31,30.0,78.0,91
422.0,45,28.0,86.0,124
433.0,36,26.0,94.0,102
442.0,33,25.0,95.0,95
442.0,24,25.0,94.0,76
448.0,15,25.0,94.0,57
427.0,15,25.0,94.0,57
425.0,19,25.0,94.0,65
422.0,20,25.0,93.0,68
418.0,20,25.0,92.0,68
414.0,26,26.0,91.0,80
412.0,27,26.0,90.0,82
418.0,21,26.0,87.0,70
427.0,51,27.0,86.0,139
422.0,32,27.0,86.0,93
420.0,35,27.0,84.0,99
444.0,41,28.0,84.0,114
421.0,30,29.0,83.0,88
415.0,22,29.0,80.0,72
411.0,22,29.0,80.0,72
419.0,20,30.0,79.0,68
421.0,15,30.0,80.0,57
429.0,18,29.0,83.0,63
442.0,17,29.0,84.0,61
425.0,16,27.0,88.0,59
426.0,33,26.0,94.0,95
429.0,42,26.0,96.0,117
436.0,36,25.0,97.0,102
438.0,34,25.0,96.0,97
438.0,35,25.0,95.0,99
433.0,30,25.0,94.0,88
436.0,38,25.0,93.0,107
433.0,36,26.0,92.0,102
430.0,49,26.0,92.0,134
428.0,29,26.0,91.0,86
428.0,56,26.0,90.0,151
428.0,274,26.0,91.0,324
419.0,59,26.0,90.0,153
415.0,24,27.0,85.0,76
420.0,33,28.0,83.0,95
414.0,13,29.0,81.0,53
412.0,11,30.0,77.0,45
412.0,12,31.0,73.0,50
410.0,10,31.0,74.0,41
422.0,9,31.0,76.0,37
420.0,9,30.0,80.0,37
424.0,11,29.0,82.0,45
426.0,21,28.0,85.0,70
440.0,52,28.0,88.0,141
430.0,54,26.0,93.0,146
438.0,36,25.0,96.0,102
444.0,22,24.0,97.0,72
452.0,17,24.0,97.0,61
435.0,14,24.0,97.0,55
427.0,11,24.0,96.0,45
424.0,12,24.0,96.0,50
429.0,12,24.0,97.0,50
421.0,18,24.0,97.0,63
419.0,18,24.0,97.0,63
418.0,14,24.0,96.0,55
422.0,13,25.0,96.0,53
436.0,32,24.0,96.0,93
431.0,27,24.0,95.0,82
428.0,22,25.0,94.0,72
423.0,17,25.0,93.0,61
421.0,14,25.0,92.0,55
423.0,16,25.0,92.0,59
417.0,8,25.0,91.0,33
416.0,12,27.0,85.0,50
427.0,10,28.0,84.0,41
431.0,13,28.0,85.0,53
429.0,16,28.0,87.0,59
425.0,18,27.0,90.0,63
439.0,27,27.0,93.0,82
438.0,24,26.0,95.0,76
441.0,15,25.0,96.0,57
442.0,13,25.0,96.0,53
446.0,17,25.0,96.0,61
437.0,13,25.0,97.0,53
420.0,9,25.0,96.0,37
421.0,11,25.0,96.0,45
420.0,15,25.0,95.0,57
415.0,12,25.0,95.0,50
418.0,16,25.0,94.0,59
413.0,9,25.0,93.0,37
411.0,16,25.0,93.0,59
419.0,24,26.0,91.0,76
421.0,29,27.0,90.0,86
424.0,42,27.0,89.0,117
419.0,29,28.0,85.0,86
418.0,36,29.0,82.0,102
416.0,21,30.0,77.0,70
413.0,10,31.0,75.0,41
412.0,7,30.0,75.0,29
414.0,10,29.0,80.0,41
422.0,28,28.0,88.0,84
427.0,32,26.0,94.0,93
432.0,33,26.0,95.0,95
449.0,35,25.0,97.0,99
443.0,27,25.0,96.0,82
428.0,23,25.0,97.0,74
430.0,25,25.0,97.0,78
428.0,20,25.0,97.0,68
428.0,22,25.0,97.0,72
425.0,21,26.0,97.0,70
423.0,22,26.0,97.0,72
423.0,23,26.0,96.0,74
424.0,23,26.0,95.0,74
417.0,14,26.0,94.0,55
417.0,13,26.0,93.0,53
412.0,13,27.0,91.0,53
416.0,25,28.0,85.0,78
410.0,17,30.0,79.0,61
407.0,12,30.0,77.0,50
408.0,10,31.0,75.0,41
408.0,8,31.0,74.0,33
406.0,8,30.0,78.0,33
413.0,20,30.0,78.0,68
420.0,28,29.0,83.0,84
424.0,23,28.0,88.0,74
426.0,18,27.0,92.0,63
435.0,19,26.0,95.0,65
446.0,22,25.0,96.0,72
461.0,19,25.0,96.0,65
438.0,16,25.0,95.0,59
423.0,11,25.0,95.0,45
423.0,14,25.0,95.0,55
422.0,10,25.0,94.0,41
416.0,8,25.0,94.0,33
413.0,5,25.0,93.0,21
412.0,4,25.0,91.0,17
409.0,4,25.0,90.0,17
416.0,18,27.0,89.0,63
430.0,33,28.0,87.0,95
437.0,32,28.0,87.0,93
435.0,35,29.0,83.0,99
426.0,39,30.0,80.0,110
414.0,31,30.0,77.0,91
413.0,24,30.0,76.0,76
421.0,47,30.0,79.0,129
423.0,47,29.0,81.0,129
424.0,49,28.0,83.0,134
432.0,52,27.0,89.0,141
460.0,51,26.0,93.0,139
469.0,37,26.0,94.0,105
493.0,35,26.0,95.0,99
466.0,36,25.0,94.0,102
453.0,46,25.0,94.0,127
449.0,54,26.0,94.0,146
474.0,83,26.0,94.0,165
467.0,94,26.0,94.0,171
461.0,101,26.0,94.0,174
480.0,247,26.0,94.0,297
450.0,76,26.0,94.0,162
431.0,45,26.0,93.0,124
430.0,33,26.0,92.0,95
424.0,30,27.0,90.0,88
420.0,52,28.0,86.0,141
421.0,47,28.0,83.0,129
430.0,43,30.0,79.0,119
419.0,51,31.0,74.0,139
427.0,60,31.0,75.0,153
452.0,141,31.0,77.0,195
431.0,38,30.0,77.0,107
422.0,41,28.0,83.0,114
423.0,41,27.0,87.0,114
448.0,74,26.0,94.0,161
468.0,79,25.0,95.0,163
485.0,72,25.0,95.0,160
505.0,59,25.0,94.0,153
446.0,60,25.0,95.0,153
447.0,77,25.0,95.0,162
442.0,77,25.0,95.0,162
434.0,78,25.0,94.0,163
432.0,76,26.0,95.0,162
426.0,70,26.0,94.0,158
430.0,77,26.0,92.0,162
430.0,60,26.0,92.0,153
428.0,58,27.0,89.0,152
429.0,51,27.0,87.0,139
450.0,54,27.0,88.0,146
415.0,35,28.0,85.0,99
428.0,32,28.0,84.0,93
430.0,36,28.0,84.0,102
403.0,18,26.0,88.0,63
417.0,53,27.0,87.0,144
419.0,47,29.0,76.0,129
418.0,46,29.0,80.0,127
436.0,34,27.0,85.0,97
424.0,29,26.0,86.0,86
441.0,38,26.0,88.0,107
433.0,46,26.0,89.0,127
429.0,51,26.0,88.0,139
427.0,53,26.0,86.0,144
434.0,59,26.0,85.0,153
437.0,56,27.0,83.0,151
432.0,34,27.0,81.0,97
426.0,34,27.0,80.0,97
429.0,36,28.0,80.0,102
414.0,37,28.0,78.0,105
414.0,34,28.0,77.0,97
412.0,53,28.0,74.0,144
415.0,54,30.0,67.0,146
426.0,52,32.0,62.0,141
426.0,53,33.0,61.0,144
422.0,40,32.0,66.0,112
421.0,36,32.0,68.0,102
427.0,48,32.0,69.0,132
437.0,64,31.0,71.0,155
420.0,26,30.0,71.0,80
427.0,41,29.0,75.0,114
437.0,82,28.0,79.0,165
438.0,77,27.0,82.0,162
441.0,24,26.0,84.0,76
452.0,11,26.0,84.0,45
423.0,12,26.0,83.0,50
417.0,9,26.0,80.0,37
410.0,10,27.0,83.0,41
417.0,27,27.0,87.0,82
423.0,55,27.0,86.0,149
427.0,43,28.0,84.0,119
424.0,26,28.0,83.0,80
420.0,30,28.0,83.0,88
410.0,28,29.0,78.0,84
408.0,39,29.0,80.0,110
414.0,26,29.0,72.0,80
411.0,29,30.0,71.0,86
412.0,25,31.0,69.0,78
415.0,35,32.0,66.0,99
413.0,23,33.0,64.0,74
410.0,19,33.0,65.0,65
420.0,25,32.0,68.0,78
429.0,35,31.0,68.0,99
454.0,41,30.0,73.0,114
436.0,39,29.0,76.0,110
434.0,34,28.0,80.0,97
418.0,17,27.0,84.0,61
432.0,27,26.0,89.0,82
451.0,44,25.0,89.0,122
451.0,47,25.0,89.0,129
442.0,31,26.0,88.0,91
430.0,34,26.0,87.0,97
425.0,28,26.0,86.0,84
418.0,25,27.0,87.0,78
423.0,45,27.0,90.0,124
421.0,49,27.0,90.0,134
427.0,53,27.0,89.0,144
419.0,65,27.0,88.0,156
408.0,43,28.0,86.0,119
403.0,32,27.0,82.0,93
407.0,34,31.0,70.0,97
410.0,30,33.0,63.0,88
411.0,21,34.0,62.0,70
405.0,17,34.0,63.0,61
404.0,11,33.0,64.0,45
428.0,19,25.0,92.0,65
434.0,19,25.0,94.0,65
446.0,35,24.0,97.0,99
442.0,41,24.0,97.0,114
428.0,22,25.0,96.0,72
420.0,16,25.0,95.0,59
415.0,10,25.0,94.0,41
415.0,9,25.0,94.0,37
410.0,7,25.0,92.0,29
414.0,19,25.0,92.0,65
429.0,45,26.0,96.0,124
439.0,33,26.0,96.0,95
427.0,52,26.0,95.0,141
422.0,17,26.0,93.0,61
426.0,19,26.0,91.0,65
414.0,32,27.0,88.0,93
415.0,40,28.0,87.0,112
410.0,27,29.0,79.0,82
409.0,20,30.0,78.0,68
418.0,88,30.0,80.0,168
420.0,57,29.0,83.0,152
424.0,43,28.0,86.0,119
427.0,47,27.0,89.0,129
436.0,43,26.0,93.0,119
499.0,47,25.0,96.0,129
523.0,38,24.0,96.0,107
488.0,28,24.0,96.0,84
484.0,28,24.0,96.0,84
472.0,35,24.0,96.0,99
457.0,38,25.0,96.0,107
480.0,51,25.0,96.0,139
475.0,66,25.0,97.0,156
463.0,64,25.0,97.0,155
449.0,63,25.0,96.0,155
445.0,64,25.0,96.0,155
457.0,70,25.0,95.0,158
438.0,72,25.0,94.0,160
420.0,54,26.0,93.0,146
418.0,47,26.0,91.0,129
419.0,56,26.0,91.0,151
410.0,22,26.0,89.0,72
415.0,17,28.0,83.0,61
426.0,15,30.0,79.0,57
438.0,39,28.0,86.0,110
429.0,37,29.0,82.0,105
440.0,24,27.0,89.0,76
438.0,31,26.0,93.0,91
443.0,21,26.0,96.0,70
640.0,141,25.0,98.0,195
567.0,51,25.0,97.0,139
512.0,43,24.0,98.0,119
496.0,46,24.0,98.0,127
490.0,49,24.0,98.0,134
453.0,46,25.0,98.0,127
438.0,48,25.0,98.0,132
456.0,50,25.0,98.0,137
456.0,55,25.0,97.0,149
452.0,62,25.0,96.0,154
445.0,51,25.0,95.0,139
435.0,40,25.0,94.0,112
427.0,23,25.0,93.0,74
413.0,22,26.0,93.0,72
411.0,29,26.0,93.0,86
415.0,20,27.0,91.0,68
419.0,34,27.0,91.0,97
429.0,45,29.0,82.0,124
422.0,37,30.0,79.0,105
427.0,44,29.0,83.0,122
417.0,66,28.0,87.0,156
431.0,24,27.0,90.0,76
425.0,82,26.0,92.0,165
431.0,14,25.0,95.0,55
431.0,12,24.0,96.0,50
423.0,11,24.0,96.0,45
418.0,13,24.0,96.0,53
418.0,14,24.0,95.0,55
415.0,14,25.0,95.0,55
420.0,14,25.0,95.0,55
424.0,22,25.0,95.0,72
423.0,16,25.0,94.0,59
415.0,15,25.0,94.0,57
412.0,19,25.0,94.0,65
410.0,20,25.0,93.0,68
411.0,24,25.0,93.0,76
409.0,16,26.0,93.0,59
402.0,11,26.0,90.0,45
403.0,10,27.0,84.0,41
405.0,18,29.0,81.0,63
413.0,13,30.0,80.0,53
420.0,14,30.0,81.0,55
407.0,18,29.0,82.0,63
408.0,18,28.0,84.0,63
413.0,27,27.0,88.0,82
405.0,19,26.0,91.0,65
431.0,21,25.0,92.0,70
420.0,17,24.0,95.0,61
420.0,19,24.0,96.0,65
419.0,17,24.0,96.0,61
416.0,16,24.0,96.0,59
419.0,27,24.0,96.0,82
424.0,33,24.0,97.0,95
425.0,27,24.0,97.0,82
420.0,23,24.0,96.0,74
416.0,11,24.0,96.0,45
416.0,18,24.0,95.0,63
408.0,8,25.0,94.0,33
406.0,16,25.0,93.0,59
401.0,8,25.0,91.0,33
403.0,19,27.0,88.0,65
401.0,30,28.0,85.0,88
403.0,23,29.0,81.0,74
405.0,26,29.0,84.0,80
420.0,37,29.0,85.0,105
423.0,29,29.0,85.0,86
426.0,51,28.0,89.0,139
437.0,55,27.0,94.0,149
429.0,39,26.0,96.0,110
431.0,32,25.0,98.0,93
465.0,33,25.0,99.0,95
461.0,34,25.0,98.0,97
443.0,31,25.0,98.0,91
428.0,35,25.0,97.0,99
433.0,43,25.0,97.0,119
432.0,43,25.0,97.0,119
431.0,42,25.0,97.0,117
430.0,42,25.0,96.0,117
431.0,47,25.0,95.0,129
432.0,46,25.0,95.0,127
441.0,42,25.0,95.0,117
436.0,38,25.0,94.0,107
426.0,31,26.0,92.0,91
420.0,22,26.0,92.0,72
415.0,26,26.0,93.0,80
413.0,22,26.0,94.0,72
414.0,22,27.0,94.0,72
417.0,12,26.0,92.0,50
422.0,14,27.0,91.0,55
420.0,18,28.0,89.0,63
410.0,15,28.0,88.0,57
411.0,16,28.0,88.0,59
414.0,16,27.0,91.0,59
419.0,17,26.0,94.0,61
418.0,20,25.0,95.0,68
423.0,18,25.0,96.0,63
420.0,18,25.0,96.0,63
428.0,18,25.0,96.0,63
421.0,18,25.0,96.0,63
421.0,30,25.0,96.0,88
417.0,24,25.0,95.0,76
415.0,22,25.0,95.0,72
421.0,24,25.0,96.0,76
419.0,18,25.0,95.0,63
416.0,17,25.0,95.0,61
415.0,21,25.0,94.0,70
408.0,13,25.0,93.0,53
404.0,9,26.0,92.0,37
403.0,10,26.0,93.0,41
414.0,13,26.0,92.0,53
408.0,13,25.0,91.0,53
410.0,13,26.0,89.0,53
407.0,16,28.0,86.0,59
418.0,17,28.0,86.0,61
408.0,19,28.0,87.0,65
409.0,25,27.0,92.0,78
415.0,20,25.0,97.0,68
422.0,24,24.0,98.0,76
427.0,25,24.0,99.0,78
426.0,24,24.0,98.0,76
423.0,20,24.0,98.0,68
431.0,22,24.0,97.0,72
429.0,24,25.0,97.0,76
441.0,33,25.0,96.0,95
435.0,34,25.0,95.0,97
425.0,24,25.0,94.0,76
423.0,25,25.0,94.0,78
424.0,26,25.0,93.0,80
420.0,26,25.0,93.0,80
416.0,18,25.0,93.0,63
420.0,30,26.0,92.0,88
417.0,20,26.0,95.0,68
423.0,25,26.0,94.0,78
435.0,30,27.0,95.0,88
432.0,41,26.0,95.0,114
446.0,35,26.0,95.0,99
477.0,32,26.0,96.0,93
443.0,40,26.0,96.0,112
447.0,25,26.0,97.0,78
424.0,23,26.0,98.0,74
445.0,31,25.0,98.0,91
483.0,29,25.0,98.0,86
454.0,26,25.0,97.0,80
423.0,17,25.0,97.0,61
438.0,31,26.0,95.0,91
457.0,36,26.0,95.0,102
449.0,41,26.0,94.0,114
440.0,68,26.0,93.0,157
428.0,55,26.0,92.0,149
416.0,28,26.0,90.0,84
415.0,19,27.0,89.0,65
409.0,22,27.0,87.0,72
409.0,22,27.0,88.0,72
409.0,17,28.0,87.0,61
408.0,16,27.0,89.0,59
411.0,18,28.0,91.0,63
418.0,17,28.0,88.0,61
408.0,14,30.0,79.0,55
418.0,14,29.0,85.0,55
413.0,13,29.0,84.0,53
412.0,13,27.0,88.0,53
409.0,14,26.0,92.0,55
408.0,17,25.0,93.0,61
414.0,16,25.0,95.0,59
416.0,12,24.0,94.0,50
421.0,15,24.0,94.0,57
419.0,14,24.0,94.0,55
412.0,10,24.0,94.0,41
415.0,11,24.0,94.0,45
413.0,15,24.0,94.0,57
414.0,18,25.0,93.0,63
416.0,15,25.0,94.0,57
475.0,17,25.0,94.0,61
439.0,15,25.0,94.0,57
410.0,10,25.0,92.0,41
408.0,15,25.0,91.0,57
406.0,6,26.0,88.0,25
409.0,7,27.0,87.0,29
409.0,8,27.0,90.0,33
412.0,7,26.0,93.0,29
417.0,8,27.0,88.0,33
436.0,11,28.0,85.0,45
421.0,9,27.0,90.0,37
422.0,7,26.0,92.0,29
441.0,10,25.0,95.0,41
424.0,7,24.0,96.0,29
421.0,8,24.0,96.0,33
423.0,8,24.0,96.0,33
413.0,6,24.0,96.0,25
413.0,7,24.0,96.0,29
423.0,17,25.0,96.0,61
435.0,29,25.0,97.0,86
424.0,22,25.0,97.0,72
424.0,17,25.0,96.0,61
426.0,14,26.0,95.0,55
420.0,15,26.0,94.0,57
410.0,17,26.0,93.0,61
412.0,27,26.0,93.0,82
405.0,15,26.0,93.0,57
400.0,5,26.0,91.0,21
400.0,10,26.0,91.0,41
404.0,11,29.0,82.0,45
405.0,15,29.0,83.0,57
406.0,12,29.0,79.0,50
409.0,12,29.0,82.0,50
412.0,12,28.0,86.0,50
408.0,10,27.0,88.0,41
410.0,14,26.0,90.0,55
417.0,19,25.0,94.0,65
444.0,38,24.0,95.0,107
451.0,49,25.0,95.0,134
447.0,52,25.0,95.0,141
428.0,29,25.0,94.0,86
425.0,27,25.0,94.0,82
423.0,26,25.0,94.0,80
417.0,24,25.0,93.0,76
413.0,23,25.0,93.0,74
412.0,20,25.0,93.0,68
408.0,16,25.0,93.0,59
406.0,26,25.0,94.0,80
402.0,20,25.0,93.0,68
404.0,17,26.0,91.0,61
407.0,12,26.0,91.0,50
406.0,33,29.0,83.0,95
417.0,25,30.0,75.0,78
403.0,18,32.0,68.0,63
402.0,22,31.0,70.0,72
401.0,17,30.0,74.0,61
399.0,12,29.0,79.0,50
408.0,19,27.0,84.0,65
412.0,22,26.0,89.0,72
417.0,9,26.0,90.0,37
435.0,16,25.0,92.0,59
446.0,16,25.0,92.0,59
416.0,11,25.0,91.0,45
434.0,36,26.0,94.0,102
431.0,33,26.0,93.0,95
430.0,27,26.0,93.0,82
423.0,21,26.0,91.0,70
417.0,17,26.0,91.0,61
403.0,17,26.0,88.0,61
398.0,15,27.0,86.0,57
396.0,11,27.0,86.0,45
404.0,20,33.0,66.0,68
402.0,16,34.0,62.0,59
400.0,10,34.0,60.0,41
400.0,15,32.0,67.0,57
399.0,15,31.0,71.0,57
404.0,13,30.0,76.0,53
409.0,19,28.0,81.0,65
410.0,18,27.0,87.0,63
445.0,50,26.0,92.0,137
447.0,50,25.0,92.0,137
428.0,38,25.0,92.0,107
423.0,35,26.0,90.0,99
423.0,42,26.0,89.0,117
419.0,45,26.0,88.0,124
417.0,42,26.0,86.0,117
423.0,48,27.0,86.0,132
420.0,46,27.0,84.0,127
412.0,40,27.0,82.0,112
409.0,39,27.0,82.0,110
407.0,33,27.0,82.0,95
401.0,32,28.0,80.0,93
403.0,22,29.0,75.0,72
405.0,23,31.0,71.0,74
404.0,20,31.0,73.0,68
418.0,26,30.0,79.0,80
423.0,44,31.0,76.0,122
420.0,19,31.0,75.0,65
424.0,24,29.0,83.0,76
426.0,43,28.0,87.0,119
455.0,94,27.0,93.0,171
474.0,118,26.0,95.0,183
459.0,112,26.0,95.0,180
457.0,107,26.0,94.0,178
465.0,115,26.0,94.0,182
468.0,114,26.0,93.0,181
457.0,104,26.0,93.0,176
455.0,103,26.0,92.0,176
457.0,88,26.0,92.0,168
458.0,98,27.0,92.0,173
445.0,98,27.0,92.0,173
449.0,80,27.0,91.0,164
442.0,65,27.0,90.0,156
422.0,60,28.0,89.0,153
422.0,38,28.0,88.0,107
411.0,32,28.0,87.0,93
407.0,36,28.0,87.0,102
407.0,32,28.0,85.0,93
423.0,39,29.0,82.0,110
424.0,38,30.0,78.0,107
419.0,42,30.0,80.0,117
413.0,44,29.0,81.0,122
412.0,45,28.0,85.0,124
409.0,55,27.0,89.0,149
409.0,67,26.0,92.0,157
477.0,27,26.0,93.0,82
474.0,125,26.0,91.0,187
421.0,28,25.0,91.0,84
412.0,20,25.0,91.0,68
410.0,21,25.0,91.0,70
402.0,17,25.0,90.0,61
402.0,30,26.0,89.0,88
403.0,51,26.0,86.0,139
408.0,47,27.0,87.0,129
405.0,49,28.0,85.0,134
404.0,54,28.0,83.0,146
403.0,57,28.0,81.0,152
401.0,54,29.0,77.0,146
406.0,36,30.0,70.0,102
409.0,35,31.0,68.0,99
410.0,42,32.0,62.0,117
418.0,73,32.0,63.0,160
416.0,42,34.0,57.0,117
408.0,12,33.0,56.0,50
413.0,21,32.0,61.0,70
420.0,16,30.0,65.0,59
416.0,33,29.0,75.0,95
414.0,46,27.0,83.0,127
456.0,68,26.0,89.0,157
476.0,60,25.0,90.0,153
471.0,49,25.0,90.0,134
451.0,46,25.0,90.0,127
449.0,50,25.0,92.0,137
453.0,71,25.0,93.0,159
458.0,75,25.0,93.0,161
441.0,63,25.0,92.0,155
438.0,60,26.0,92.0,153
463.0,67,26.0,91.0,157
475.0,69,26.0,92.0,158
453.0,67,26.0,90.0,157
441.0,81,27.0,89.0,164
426.0,55,27.0,88.0,149
416.0,29,27.0,86.0,86
410.0,33,28.0,84.0,95
407.0,30,28.0,81.0,88
408.0,31,28.0,81.0,91
414.0,32,28.0,81.0,93
415.0,24,28.0,83.0,76
428.0,21,27.0,85.0,70
427.0,18,27.0,86.0,63
419.0,12,26.0,88.0,50
428.0,13,25.0,91.0,53
430.0,14,24.0,95.0,55
425.0,11,24.0,95.0,45
418.0,16,24.0,95.0,59
415.0,13,25.0,94.0,53
410.0,12,25.0,93.0,50
411.0,13,25.0,94.0,53
409.0,16,25.0,93.0,59
410.0,16,25.0,93.0,59
409.0,17,25.0,92.0,61
404.0,14,25.0,91.0,55
402.0,15,25.0,89.0,57
401.0,12,26.0,87.0,50
404.0,20,27.0,83.0,68
405.0,28,28.0,80.0,84
431.0,116,29.0,80.0,182
415.0,55,30.0,78.0,149
409.0,42,30.0,79.0,117
413.0,34,30.0,80.0,97
435.0,72,28.0,88.0,160
447.0,77,27.0,91.0,162
446.0,74,26.0,93.0,161
438.0,45,25.0,93.0,124
441.0,29,25.0,94.0,86
432.0,28,25.0,94.0,84
428.0,32,25.0,94.0,93
423.0,33,25.0,94.0,95
419.0,36,25.0,93.0,102
422.0,42,25.0,93.0,117
421.0,35,26.0,93.0,99
416.0,36,26.0,92.0,102
418.0,51,26.0,92.0,139
415.0,52,26.0,91.0,141
411.0,49,26.0,90.0,134
417.0,90,27.0,89.0,169
414.0,83,27.0,88.0,165
411.0,79,28.0,83.0,163
415.0,92,29.0,76.0,170
404.0,23,31.0,71.0,74
413.0,47,30.0,76.0,129
417.0,75,30.0,76.0,161
423.0,61,30.0,76.0,154
421.0,65,30.0,80.0,156
421.0,69,29.0,83.0,158
427.0,68,28.0,87.0,157
434.0,54,27.0,90.0,146
435.0,41,26.0,93.0,114
436.0,40,25.0,93.0,112
427.0,36,25.0,93.0,102
421.0,39,25.0,92.0,110
418.0,40,26.0,91.0,112
416.0,44,26.0,89.0,122
418.0,54,26.0,88.0,146
423.0,79,27.0,88.0,163
451.0,97,27.0,88.0,172
467.0,101,27.0,87.0,174
441.0,110,27.0,85.0,179
442.0,89,27.0,84.0,168
441.0,110,28.0,81.0,179
414.0,64,28.0,79.0,155
421.0,71,28.0,79.0,159
422.0,65,28.0,79.0,156
413.0,81,28.0,78.0,164
426.0,95,30.0,78.0,171
429.0,85,30.0,80.0,166
443.0,113,29.0,85.0,181
458.0,149,28.0,88.0,199
465.0,137,27.0,90.0,193
486.0,150,26.0,94.0,200
511.0,185,26.0,96.0,235
502.0,153,25.0,97.0,203
490.0,141,25.0,96.0,195
475.0,106,25.0,96.0,177
461.0,77,25.0,94.0,162
456.0,68,26.0,95.0,157
449.0,76,26.0,95.0,162
454.0,103,26.0,94.0,176
452.0,125,26.0,93.0,187
461.0,130,26.0,93.0,189
460.0,120,26.0,93.0,184
439.0,84,26.0,92.0,166
430.0,53,27.0,91.0,144
421.0,47,27.0,90.0,129
418.0,50,27.0,90.0,137
410.0,43,27.0,88.0,119
415.0,44,28.0,84.0,122
412.0,65,28.0,85.0,156
410.0,63,28.0,85.0,155
434.0,93,30.0,79.0,170
432.0,95,30.0,79.0,171
441.0,101,29.0,83.0,174
442.0,120,28.0,87.0,184
468.0,158,27.0,91.0,208
482.0,105,26.0,93.0,177
494.0,105,26.0,94.0,177
486.0,83,26.0,93.0,165
463.0,78,26.0,92.0,163
448.0,68,26.0,91.0,157
445.0,118,26.0,90.0,183
426.0,68,27.0,90.0,157
425.0,90,27.0,91.0,169
433.0,53,27.0,88.0,144
426.0,51,27.0,87.0,139
411.0,39,28.0,86.0,110
405.0,35,28.0,83.0,99
406.0,44,29.0,81.0,122
411.0,30,33.0,63.0,88
410.0,34,34.0,63.0,97
412.0,37,32.0,66.0,105
409.0,22,31.0,68.0,72
417.0,15,31.0,70.0,57
420.0,32,30.0,72.0,93
418.0,31,30.0,73.0,91
421.0,53,28.0,80.0,144
427.0,42,27.0,85.0,117
459.0,39,26.0,89.0,110
468.0,48,25.0,91.0,132
458.0,43,25.0,90.0,119
431.0,18,26.0,89.0,63
426.0,24,26.0,89.0,76
427.0,27,26.0,89.0,82
420.0,31,26.0,88.0,91
418.0,49,26.0,88.0,134
422.0,37,27.0,89.0,105
422.0,50,27.0,89.0,137
422.0,60,27.0,87.0,153
423.0,68,27.0,85.0,157
416.0,46,27.0,83.0,127
421.0,39,28.0,80.0,110
416.0,38,29.0,77.0,107
412.0,68,29.0,75.0,157
420.0,36,30.0,73.0,102
417.0,37,30.0,78.0,105
430.0,50,31.0,73.0,137
420.0,30,30.0,74.0,88
420.0,41,29.0,81.0,114
435.0,64,27.0,88.0,155
451.0,47,26.0,93.0,129
443.0,37,25.0,95.0,105
455.0,42,25.0,95.0,117
451.0,40,25.0,95.0,112
438.0,37,25.0,94.0,105
433.0,45,25.0,94.0,124
430.0,53,25.0,93.0,144
436.0,55,25.0,93.0,149
435.0,55,26.0,91.0,149
429.0,65,26.0,89.0,156
428.0,73,26.0,89.0,160
432.0,67,26.0,88.0,157
430.0,68,26.0,87.0,157
426.0,56,27.0,87.0,151
418.0,34,27.0,84.0,97
415.0,50,28.0,83.0,137
414.0,36,28.0,81.0,102
424.0,83,28.0,83.0,165
425.0,34,28.0,82.0,97
426.0,41,28.0,85.0,114
430.0,40,29.0,80.0,112
434.0,29,30.0,76.0,86
437.0,36,29.0,80.0,102
438.0,42,27.0,86.0,117
448.0,39,26.0,89.0,110
452.0,71,25.0,91.0,159
452.0,53,24.0,91.0,144
439.0,29,24.0,91.0,86
434.0,21,24.0,91.0,70
430.0,25,24.0,91.0,78
429.0,29,24.0,91.0,86
428.0,25,25.0,91.0,78
426.0,27,25.0,91.0,82
423.0,27,25.0,90.0,82
417.0,24,25.0,89.0,76
416.0,39,25.0,88.0,110
421.0,31,26.0,88.0,91
415.0,17,26.0,87.0,61
411.0,16,26.0,86.0,59
407.0,15,26.0,85.0,57
406.0,16,27.0,82.0,59
415.0,22,29.0,75.0,72
418.0,44,31.0,77.0,122
424.0,37,30.0,80.0,105
420.0,40,31.0,78.0,112
424.0,44,31.0,74.0,122
421.0,37,31.0,75.0,105
416.0,36,29.0,81.0,102
417.0,37,28.0,85.0,105
431.0,61,27.0,88.0,154
424.0,45,26.0,86.0,124
422.0,55,27.0,86.0,149
421.0,41,27.0,84.0,114
416.0,34,27.0,84.0,97
419.0,49,27.0,84.0,134
426.0,64,28.0,85.0,155
440.0,56,28.0,84.0,151
442.0,51,29.0,83.0,139
424.0,36,29.0,82.0,102
421.0,31,29.0,80.0,91
419.0,22,29.0,77.0,72
417.0,20,30.0,74.0,68
430.0,24,30.0,73.0,76
472.0,24,31.0,71.0,76
489.0,31,32.0,68.0,91
416.0,30,32.0,65.0,88
430.0,55,32.0,66.0,149
434.0,52,33.0,64.0,141
436.0,67,32.0,69.0,157
440.0,84,30.0,74.0,166
439.0,78,30.0,77.0,163
426.0,69,29.0,82.0,158
435.0,70,28.0,88.0,158
459.0,84,26.0,91.0,166
484.0,92,26.0,92.0,170
460.0,84,26.0,91.0,166
446.0,78,26.0,90.0,163
446.0,77,26.0,90.0,162
444.0,59,26.0,89.0,153
440.0,58,26.0,90.0,152
435.0,56,26.0,90.0,151
431.0,45,27.0,89.0,124
421.0,29,27.0,86.0,86
408.0,25,27.0,85.0,78
422.0,77,29.0,81.0,162
421.0,37,29.0,80.0,105
423.0,63,30.0,79.0,155
432.0,36,30.0,77.0,102
429.0,52,30.0,77.0,141
474.0,35,30.0,74.0,99
417.0,61,30.0,71.0,154
423.0,44,31.0,69.0,122
426.0,52,32.0,68.0,141
425.0,61,32.0,71.0,154
423.0,50,31.0,74.0,137
416.0,35,30.0,76.0,99
427.0,50,28.0,81.0,137
435.0,60,27.0,84.0,153
433.0,42,27.0,84.0,117
426.0,39,27.0,84.0,110
421.0,34,27.0,83.0,97
417.0,31,27.0,82.0,91
419.0,58,28.0,80.0,152
425.0,72,28.0,79.0,160
420.0,44,28.0,77.0,122
420.0,33,28.0,77.0,95
413.0,30,29.0,78.0,88
415.0,35,29.0,77.0,99
421.0,42,30.0,77.0,117
410.0,22,30.0,77.0,72
413.0,24,31.0,77.0,76
409.0,21,31.0,75.0,70
409.0,19,32.0,69.0,65
412.0,17,33.0,62.0,61
419.0,17,35.0,57.0,61
418.0,9,36.0,50.0,37
416.0,12,35.0,54.0,50
423.0,28,34.0,57.0,84
422.0,28,32.0,64.0,84
428.0,69,30.0,75.0,158
431.0,51,29.0,78.0,139
440.0,58,28.0,80.0,152
441.0,43,27.0,82.0,119
438.0,50,28.0,81.0,137
429.0,61,28.0,80.0,154
430.0,59,28.0,77.0,153
430.0,61,29.0,76.0,154
411.0,23,29.0,78.0,74
407.0,24,30.0,76.0,76
408.0,16,30.0,74.0,59
408.0,12,30.0,71.0,50
409.0,14,31.0,70.0,55
411.0,26,31.0,68.0,80
411.0,25,32.0,62.0,78
407.0,28,32.0,54.0,84
409.0,18,34.0,48.0,63
412.0,14,37.0,43.0,55
413.0,10,38.0,41.0,41
418.0,8,36.0,45.0,33
412.0,7,35.0,47.0,29
412.0,8,34.0,50.0,33
413.0,9,33.0,53.0,37
415.0,13,32.0,58.0,53
427.0,39,30.0,69.0,110
429.0,50,28.0,77.0,137
427.0,33,27.0,81.0,95
432.0,30,27.0,81.0,88
418.0,21,27.0,80.0,70
413.0,19,27.0,79.0,65
409.0,11,28.0,78.0,45
411.0,21,28.0,76.0,70
412.0,26,29.0,74.0,80
416.0,34,29.0,71.0,97
412.0,28,30.0,68.0,84
413.0,27,30.0,67.0,82
410.0,16,31.0,67.0,59
410.0,17,31.0,69.0,61
404.0,19,32.0,65.0,65
407.0,21,33.0,58.0,70
411.0,15,35.0,52.0,57
414.0,12,38.0,43.0,50
417.0,8,38.0,41.0,33
414.0,9,36.0,46.0,37
415.0,14,35.0,50.0,55
416.0,24,34.0,56.0,76
423.0,50,32.0,65.0,137
417.0,47,32.0,63.0,129
417.0,33,30.0,72.0,95
414.0,35,29.0,78.0,99
417.0,23,28.0,81.0,74
418.0,16,28.0,81.0,59
417.0,12,28.0,81.0,50
413.0,13,28.0,80.0,53
412.0,12,28.0,79.0,50
414.0,16,29.0,78.0,59
415.0,24,29.0,77.0,76
413.0,24,30.0,77.0,76
412.0,21,30.0,77.0,70
409.0,17,30.0,74.0,61
408.0,16,30.0,71.0,59
414.0,19,31.0,65.0,65
414.0,41,32.0,61.0,114
413.0,21,33.0,59.0,70
414.0,26,34.0,54.0,80
419.0,13,36.0,49.0,53
419.0,11,37.0,46.0,45
413.0,11,35.0,51.0,45
414.0,11,35.0,54.0,45
421.0,14,34.0,58.0,55
420.0,22,32.0,65.0,72
427.0,47,30.0,73.0,129
431.0,40,29.0,76.0,112
436.0,40,28.0,83.0,112
445.0,39,27.0,85.0,110
444.0,38,26.0,87.0,107
435.0,36,26.0,87.0,102
430.0,29,26.0,88.0,86
434.0,39,27.0,89.0,110
435.0,46,27.0,87.0,127
444.0,50,28.0,84.0,137
440.0,38,28.0,84.0,107
415.0,23,29.0,82.0,74
424.0,29,29.0,82.0,86
435.0,43,29.0,82.0,119
413.0,25,29.0,80.0,78
408.0,16,29.0,78.0,59
415.0,20,31.0,70.0,68
423.0,22,33.0,66.0,72
426.0,19,34.0,61.0,65
449.0,22,36.0,56.0,72
417.0,18,34.0,61.0,63
414.0,18,34.0,57.0,63
418.0,21,33.0,59.0,70
424.0,25,32.0,62.0,78
425.0,43,31.0,69.0,119
456.0,36,30.0,79.0,102
424.0,46,29.0,82.0,127
426.0,37,27.0,84.0,105
435.0,44,27.0,85.0,122
428.0,45,27.0,81.0,124
429.0,57,27.0,80.0,152
427.0,60,28.0,80.0,153
424.0,59,28.0,75.0,153
419.0,51,29.0,73.0,139
415.0,31,30.0,76.0,91
412.0,25,30.0,75.0,78
413.0,25,30.0,72.0,78
413.0,25,30.0,70.0,78
415.0,26,31.0,68.0,80
411.0,30,31.0,69.0,88
406.0,46,32.0,66.0,127
413.0,36,33.0,58.0,102
411.0,21,36.0,51.0,70
418.0,16,37.0,47.0,59
415.0,12,37.0,45.0,50
414.0,13,36.0,48.0,53
420.0,54,33.0,68.0,146
423.0,47,31.0,72.0,129
421.0,35,30.0,77.0,99
420.0,43,28.0,80.0,119
426.0,64,27.0,81.0,155
434.0,35,27.0,81.0,99
428.0,34,27.0,81.0,97
427.0,40,27.0,80.0,112
431.0,44,28.0,79.0,122
437.0,60,28.0,78.0,153
431.0,49,29.0,78.0,134
431.0,25,29.0,76.0,78
425.0,31,30.0,76.0,91
416.0,28,30.0,76.0,84
410.0,20,30.0,74.0,68
414.0,21,31.0,71.0,70
410.0,23,31.0,70.0,74
414.0,15,32.0,63.0,57
411.0,15,34.0,59.0,57
410.0,11,35.0,55.0,45
417.0,13,36.0,55.0,53
415.0,15,34.0,62.0,57
415.0,9,36.0,50.0,37
421.0,12,35.0,52.0,50
421.0,16,33.0,59.0,59
421.0,14,32.0,67.0,55
423.0,25,31.0,75.0,78
423.0,29,29.0,82.0,86
439.0,41,28.0,86.0,114
460.0,127,28.0,87.0,188
458.0,55,27.0,87.0,149
451.0,54,28.0,86.0,146
446.0,58,28.0,86.0,152
443.0,70,28.0,85.0,158
421.0,39,29.0,84.0,110
414.0,17,29.0,83.0,61
415.0,26,29.0,80.0,80
420.0,61,30.0,75.0,154
421.0,50,30.0,73.0,137
411.0,30,31.0,71.0,88
413.0,39,32.0,69.0,110
414.0,21,34.0,61.0,70
419.0,13,36.0,54.0,53
416.0,60,34.0,61.0,153
413.0,9,33.0,65.0,37
411.0,8,33.0,64.0,33
415.0,9,32.0,67.0,37
413.0,13,31.0,73.0,53
410.0,12,30.0,78.0,50
410.0,10,29.0,81.0,41
415.0,14,28.0,87.0,55
424.0,14,27.0,87.0,55
408.0,10,27.0,85.0,41
406.0,9,27.0,83.0,37
404.0,9,28.0,82.0,37
404.0,11,28.0,81.0,45
401.0,9,28.0,81.0,37
401.0,8,28.0,80.0,33
402.0,6,28.0,78.0,25
403.0,7,28.0,77.0,29
404.0,7,28.0,76.0,29
403.0,9,29.0,77.0,37
407.0,13,29.0,76.0,53
407.0,16,30.0,72.0,59
406.0,12,31.0,65.0,50
409.0,10,33.0,58.0,41
413.0,9,34.0,56.0,37
412.0,14,32.0,63.0,55
408.0,17,31.0,65.0,61
417.0,31,32.0,65.0,91
425.0,47,32.0,66.0,129
431.0,49,31.0,68.0,134
425.0,50,30.0,73.0,137
444.0,80,28.0,77.0,164
428.0,36,27.0,79.0,102
421.0,23,26.0,79.0,74
416.0,15,27.0,78.0,57
413.0,11,27.0,77.0,45
414.0,14,27.0,78.0,55
413.0,17,28.0,77.0,61
410.0,29,28.0,76.0,86
407.0,41,29.0,75.0,114
405.0,43,29.0,72.0,119
401.0,31,30.0,71.0,91
398.0,29,30.0,71.0,86
396.0,26,31.0,71.0,80
404.0,47,32.0,69.0,129
404.0,45,33.0,63.0,124
406.0,23,34.0,51.0,74
415.0,19,37.0,40.0,65
414.0,13,38.0,39.0,53
408.0,13,36.0,43.0,53
409.0,14,36.0,47.0,55
414.0,19,34.0,53.0,65
419.0,56,32.0,66.0,151
418.0,64,31.0,70.0,155
411.0,56,29.0,74.0,151
427.0,68,28.0,79.0,157
425.0,63,27.0,81.0,155
425.0,32,27.0,82.0,93
421.0,30,27.0,81.0,88
417.0,24,27.0,80.0,76
416.0,28,27.0,80.0,84
413.0,40,28.0,79.0,112
408.0,39,28.0,77.0,110
405.0,37,29.0,76.0,105
407.0,40,29.0,75.0,112
405.0,38,30.0,74.0,107
406.0,64,30.0,73.0,155
397.0,21,31.0,70.0,70
400.0,26,31.0,65.0,80
404.0,34,32.0,57.0,97
407.0,28,34.0,52.0,84
406.0,23,36.0,46.0,74
407.0,21,37.0,48.0,70
402.0,18,35.0,48.0,63
410.0,54,34.0,54.0,146
412.0,66,33.0,59.0,156
413.0,61,32.0,62.0,154
416.0,52,31.0,67.0,141
414.0,55,29.0,72.0,149
423.0,61,28.0,77.0,154
443.0,87,27.0,80.0,167
450.0,80,26.0,81.0,164
436.0,72,26.0,81.0,160
424.0,61,27.0,81.0,154
416.0,42,27.0,81.0,117
412.0,42,27.0,80.0,117
412.0,52,28.0,78.0,141
415.0,62,28.0,77.0,154
417.0,46,29.0,75.0,127
419.0,39,29.0,76.0,110
415.0,43,30.0,74.0,119
407.0,33,30.0,72.0,95
404.0,37,30.0,68.0,105
414.0,27,32.0,63.0,82
419.0,25,33.0,57.0,78
414.0,23,35.0,49.0,74
416.0,37,37.0,44.0,105
419.0,22,34.0,57.0,72
408.0,24,33.0,61.0,76
415.0,48,33.0,64.0,132
424.0,95,32.0,70.0,171
425.0,99,30.0,73.0,173
420.0,76,29.0,76.0,162
438.0,75,28.0,80.0,161
439.0,75,27.0,83.0,161
436.0,70,27.0,84.0,158
435.0,64,27.0,84.0,155
426.0,61,27.0,83.0,154
422.0,50,27.0,82.0,137
421.0,47,28.0,82.0,129
422.0,46,28.0,82.0,127
420.0,41,29.0,83.0,114
413.0,35,29.0,82.0,99
409.0,34,29.0,80.0,97
408.0,32,30.0,79.0,93
402.0,24,30.0,77.0,76
406.0,29,30.0,75.0,86
431.0,22,31.0,72.0,72
431.0,21,33.0,64.0,70
417.0,28,37.0,45.0,84
415.0,14,38.0,36.0,55
419.0,27,35.0,46.0,82
422.0,69,34.0,59.0,158
419.0,110,33.0,67.0,179
410.0,57,32.0,71.0,152
408.0,36,30.0,75.0,102
412.0,42,29.0,80.0,117
414.0,46,28.0,84.0,127
426.0,37,27.0,86.0,105
431.0,32,26.0,85.0,93
421.0,33,27.0,84.0,95
421.0,49,27.0,82.0,134
425.0,80,28.0,80.0,164
424.0,62,29.0,80.0,154
415.0,40,29.0,79.0,112
414.0,62,29.0,80.0,154
408.0,39,29.0,79.0,110
409.0,42,30.0,77.0,117
412.0,66,30.0,73.0,156
407.0,46,31.0,67.0,127
410.0,58,32.0,59.0,152
408.0,20,33.0,56.0,68
405.0,18,35.0,55.0,63
408.0,20,34.0,58.0,68
408.0,21,34.0,57.0,70
411.0,19,34.0,56.0,65
414.0,21,33.0,59.0,70
429.0,74,30.0,74.0,161
437.0,96,29.0,81.0,172
453.0,73,27.0,83.0,160
455.0,70,26.0,86.0,158
475.0,76,25.0,87.0,162
477.0,108,26.0,87.0,178
458.0,118,26.0,86.0,183
443.0,126,26.0,86.0,187
431.0,122,26.0,85.0,185
426.0,120,27.0,83.0,184
423.0,77,27.0,82.0,162
437.0,61,27.0,81.0,154
458.0,73,27.0,80.0,160
452.0,64,28.0,79.0,155
444.0,67,28.0,78.0,157
427.0,51,29.0,76.0,139
414.0,31,29.0,75.0,91
403.0,17,29.0,75.0,61
405.0,21,29.0,74.0,70
409.0,14,31.0,66.0,55
408.0,10,34.0,56.0,41
411.0,14,33.0,60.0,55
410.0,15,32.0,61.0,57
417.0,44,30.0,74.0,122
422.0,51,29.0,81.0,139
432.0,59,28.0,87.0,153
445.0,59,27.0,90.0,153
459.0,86,26.0,91.0,167
445.0,60,26.0,89.0,153
446.0,47,26.0,89.0,129
445.0,40,27.0,88.0,112
443.0,35,27.0,88.0,99
423.0,30,27.0,87.0,88
414.0,29,27.0,86.0,86
415.0,32,28.0,85.0,93
415.0,37,28.0,84.0,105
434.0,34,28.0,82.0,97
427.0,28,29.0,81.0,84
410.0,24,29.0,78.0,76
410.0,31,29.0,76.0,91
416.0,30,30.0,74.0,88
409.0,26,30.0,73.0,80
426.0,21,30.0,70.0,70
412.0,27,30.0,75.0,82
412.0,25,32.0,65.0,78
415.0,20,32.0,64.0,68
418.0,23,31.0,68.0,74
435.0,47,29.0,75.0,129
427.0,39,29.0,81.0,110
445.0,63,26.0,89.0,155
426.0,55,27.0,87.0,149
473.0,80,26.0,90.0,164
468.0,66,26.0,90.0,156
471.0,76,26.0,90.0,162
472.0,90,26.0,90.0,169
472.0,59,26.0,89.0,153
475.0,47,27.0,89.0,129
474.0,49,27.0,88.0,134
462.0,66,27.0,86.0,156
459.0,36,28.0,85.0,102
439.0,27,28.0,82.0,82
419.0,25,28.0,80.0,78
416.0,37,28.0,78.0,105
413.0,19,29.0,76.0,65
408.0,13,30.0,74.0,53
405.0,13,30.0,75.0,53
403.0,13,30.0,73.0,53
406.0,10,30.0,71.0,41
408.0,3,33.0,62.0,12
407.0,5,32.0,67.0,21
406.0,4,31.0,71.0,17
408.0,11,30.0,77.0,45
413.0,20,28.0,86.0,68
414.0,17,27.0,89.0,61
417.0,19,26.0,92.0,65
411.0,18,25.0,93.0,63
439.0,73,25.0,93.0,160
436.0,83,26.0,93.0,165
440.0,55,26.0,92.0,149
434.0,37,26.0,92.0,105
435.0,29,26.0,91.0,86
424.0,21,26.0,91.0,70
420.0,19,26.0,90.0,65
414.0,24,27.0,90.0,76
408.0,18,27.0,89.0,63
406.0,13,27.0,85.0,53
412.0,19,28.0,84.0,65
414.0,35,29.0,82.0,99
410.0,13,29.0,80.0,53
406.0,12,31.0,76.0,50
410.0,9,31.0,73.0,37
424.0,14,31.0,70.0,55
419.0,11,30.0,73.0,45
412.0,11,29.0,77.0,45
418.0,30,28.0,83.0,88
420.0,43,28.0,86.0,119
416.0,23,27.0,87.0,74
425.0,25,26.0,91.0,78
465.0,38,26.0,93.0,107
433.0,29,25.0,93.0,86
414.0,18,25.0,92.0,63
414.0,33,25.0,92.0,95
415.0,20,26.0,92.0,68
412.0,20,26.0,92.0,68
419.0,22,26.0,91.0,72
417.0,13,27.0,88.0,53
403.0,11,27.0,84.0,45
405.0,9,27.0,83.0,37
405.0,8,28.0,84.0,33
405.0,9,28.0,81.0,37
415.0,9,29.0,77.0,37
418.0,7,31.0,70.0,29
418.0,17,33.0,63.0,61
425.0,9,34.0,64.0,37
418.0,14,32.0,69.0,55
414.0,14,31.0,76.0,55
424.0,14,30.0,78.0,55
462.0,20,29.0,81.0,68
450.0,36,27.0,87.0,102
434.0,68,26.0,91.0,157
442.0,76,25.0,94.0,162
449.0,105,24.0,95.0,177
441.0,79,23.0,95.0,163
436.0,26,23.0,95.0,80
439.0,20,24.0,95.0,68
439.0,13,24.0,95.0,53
434.0,12,24.0,95.0,50
425.0,23,24.0,95.0,74
417.0,16,24.0,94.0,59
416.0,17,24.0,94.0,61
415.0,14,24.0,94.0,55
414.0,13,24.0,94.0,53
413.0,14,24.0,94.0,55
410.0,8,25.0,93.0,33
408.0,7,25.0,91.0,29
409.0,7,25.0,90.0,29
413.0,10,26.0,91.0,41
416.0,18,26.0,89.0,63
420.0,48,27.0,85.0,132
417.0,16,29.0,76.0,59
406.0,19,28.0,80.0,65
425.0,65,29.0,80.0,156
427.0,84,30.0,76.0,166
424.0,70,28.0,83.0,158
446.0,64,27.0,86.0,155
435.0,72,26.0,89.0,160
434.0,68,25.0,89.0,157
429.0,57,25.0,89.0,152
427.0,53,25.0,88.0,144
430.0,59,25.0,89.0,153
427.0,68,25.0,89.0,157
429.0,67,26.0,89.0,157
432.0,60,26.0,89.0,153
431.0,64,26.0,89.0,155
431.0,52,26.0,88.0,141
436.0,40,27.0,86.0,112
433.0,29,27.0,85.0,86
422.0,78,27.0,83.0,163
414.0,24,28.0,83.0,76
412.0,27,28.0,83.0,82
407.0,18,28.0,83.0,63
416.0,11,28.0,83.0,45
413.0,12,28.0,82.0,50
405.0,14,28.0,79.0,55
412.0,10,32.0,66.0,41
413.0,13,31.0,69.0,53
414.0,15,30.0,73.0,57
412.0,14,29.0,79.0,55
420.0,15,27.0,84.0,57
412.0,14,27.0,83.0,55
423.0,29,27.0,84.0,86
413.0,19,27.0,85.0,65
411.0,15,27.0,84.0,57
423.0,25,28.0,85.0,78
415.0,23,28.0,84.0,74
415.0,25,28.0,83.0,78
416.0,32,28.0,81.0,93
415.0,44,28.0,80.0,122
412.0,55,29.0,79.0,149
406.0,20,29.0,79.0,68
407.0,19,29.0,77.0,65
409.0,25,29.0,75.0,78
410.0,28,30.0,71.0,84
410.0,30,31.0,69.0,88
408.0,18,32.0,68.0,63
414.0,16,31.0,69.0,59
416.0,15,32.0,65.0,57
412.0,10,35.0,50.0,41
412.0,12,34.0,54.0,50
416.0,14,33.0,58.0,55
409.0,27,31.0,64.0,82
430.0,41,28.0,76.0,114
434.0,51,27.0,80.0,139
436.0,53,26.0,83.0,144
431.0,44,26.0,83.0,122
428.0,33,27.0,82.0,95
428.0,45,27.0,80.0,124
431.0,52,28.0,78.0,141
417.0,25,28.0,77.0,78
410.0,23,29.0,76.0,74
409.0,28,29.0,76.0,84
406.0,17,29.0,74.0,61
406.0,15,30.0,72.0,57
415.0,18,31.0,69.0,63
406.0,30,31.0,66.0,88
403.0,19,32.0,60.0,65
409.0,13,34.0,49.0,53
410.0,10,36.0,44.0,41
415.0,9,38.0,43.0,37
411.0,8,36.0,46.0,33
411.0,9,35.0,51.0,37
410.0,13,34.0,54.0,53
410.0,14,32.0,60.0,55
415.0,40,31.0,69.0,112
419.0,61,29.0,75.0,154
428.0,91,27.0,83.0,169
445.0,116,26.0,89.0,182
442.0,81,25.0,91.0,164
440.0,62,25.0,90.0,154
436.0,62,26.0,89.0,154
426.0,48,26.0,87.0,132
416.0,44,26.0,86.0,122
412.0,38,26.0,85.0,107
409.0,33,26.0,85.0,95
412.0,42,26.0,85.0,117
404.0,28,27.0,83.0,84
405.0,20,27.0,82.0,68
402.0,22,27.0,81.0,72
408.0,43,28.0,78.0,119
406.0,38,29.0,75.0,107
405.0,32,29.0,71.0,93
412.0,38,30.0,69.0,107
410.0,30,32.0,66.0,88
412.0,40,31.0,71.0,112
416.0,55,32.0,64.0,149
429.0,100,32.0,65.0,174
419.0,53,32.0,67.0,144
428.0,51,31.0,73.0,139
419.0,48,29.0,79.0,132
425.0,40,28.0,83.0,112
436.0,26,26.0,89.0,80
430.0,36,26.0,86.0,102
429.0,27,26.0,89.0,82
428.0,38,26.0,89.0,107
423.0,31,26.0,88.0,91
422.0,45,26.0,87.0,124
421.0,52,26.0,86.0,141
418.0,59,27.0,83.0,153
417.0,59,27.0,81.0,153
410.0,44,27.0,80.0,122
413.0,54,28.0,78.0,146
413.0,65,28.0,77.0,156
411.0,51,29.0,74.0,139
412.0,62,29.0,74.0,154
410.0,26,30.0,67.0,80
407.0,19,31.0,73.0,65
423.0,36,32.0,73.0,102
423.0,49,32.0,71.0,134
423.0,81,33.0,67.0,164
422.0,119,32.0,70.0,184
442.0,111,31.0,74.0,180
416.0,53,30.0,77.0,144
427.0,39,29.0,82.0,110
431.0,69,28.0,85.0,158
447.0,86,26.0,88.0,167
446.0,46,26.0,89.0,127
438.0,34,26.0,89.0,97
433.0,33,26.0,88.0,95
423.0,27,26.0,86.0,82
417.0,15,26.0,85.0,57
416.0,8,27.0,85.0,33
406.0,8,27.0,84.0,33
405.0,15,27.0,83.0,57
406.0,13,28.0,79.0,53
407.0,42,29.0,78.0,117
410.0,35,30.0,72.0,99
418.0,31,31.0,70.0,91
424.0,30,31.0,68.0,88
415.0,27,33.0,64.0,82
410.0,25,36.0,55.0,78
418.0,25,37.0,53.0,78
422.0,16,36.0,49.0,59
414.0,17,35.0,52.0,61
416.0,16,34.0,54.0,59
414.0,14,32.0,61.0,55
419.0,36,31.0,72.0,102
431.0,48,28.0,84.0,132
446.0,58,27.0,89.0,152
447.0,45,26.0,90.0,124
434.0,36,26.0,89.0,102
425.0,39,26.0,89.0,110
421.0,47,27.0,89.0,129
422.0,50,27.0,88.0,137
414.0,43,27.0,88.0,119
408.0,34,28.0,86.0,97
404.0,28,28.0,82.0,84
407.0,29,29.0,81.0,86
415.0,26,29.0,79.0,80
417.0,26,29.0,78.0,80
417.0,25,30.0,76.0,78
413.0,28,30.0,74.0,84
405.0,29,31.0,68.0,86
419.0,28,34.0,61.0,84
414.0,21,35.0,61.0,70
419.0,29,35.0,60.0,86
415.0,29,34.0,59.0,86
414.0,34,33.0,64.0,97
415.0,42,31.0,69.0,117
412.0,23,30.0,72.0,74
417.0,31,29.0,81.0,91
433.0,52,27.0,86.0,141
447.0,86,26.0,89.0,167
452.0,68,26.0,89.0,157
437.0,60,26.0,89.0,153
435.0,44,26.0,89.0,122
430.0,51,26.0,88.0,139
429.0,47,27.0,89.0,129
422.0,41,27.0,88.0,114
419.0,41,27.0,88.0,114
416.0,27,27.0,86.0,82
407.0,19,27.0,86.0,65
406.0,24,28.0,81.0,76
405.0,24,29.0,78.0,76
408.0,34,29.0,76.0,97
410.0,40,30.0,72.0,112
411.0,49,30.0,70.0,134
402.0,25,31.0,71.0,78
409.0,18,31.0,69.0,63
415.0,41,33.0,59.0,114
413.0,44,34.0,57.0,122
417.0,46,33.0,59.0,127
416.0,40,32.0,61.0,112
413.0,24,30.0,68.0,76
416.0,32,29.0,78.0,93
415.0,51,28.0,83.0,139
414.0,43,27.0,87.0,119
424.0,37,26.0,89.0,105
414.0,34,26.0,88.0,97
412.0,29,26.0,87.0,86
414.0,39,27.0,86.0,110
407.0,24,27.0,82.0,76
405.0,22,27.0,82.0,72
405.0,21,28.0,82.0,70
433.0,32,29.0,80.0,93
414.0,39,29.0,78.0,110
410.0,25,29.0,76.0,78
409.0,21,30.0,75.0,70
403.0,14,30.0,73.0,55
401.0,17,30.0,73.0,61
409.0,19,31.0,70.0,65
416.0,21,33.0,62.0,70
432.0,23,37.0,52.0,74
423.0,30,36.0,52.0,88
417.0,27,35.0,51.0,82
417.0,20,34.0,52.0,68
423.0,25,32.0,61.0,78
421.0,42,30.0,70.0,117
430.0,45,29.0,75.0,124
433.0,61,28.0,83.0,154
438.0,67,26.0,86.0,157
436.0,52,26.0,88.0,141
430.0,44,26.0,87.0,122
426.0,42,26.0,86.0,117
430.0,47,26.0,86.0,129
429.0,48,26.0,85.0,132
428.0,61,26.0,84.0,154
424.0,57,27.0,83.0,152
579.0,82,27.0,83.0,165
427.0,72,28.0,81.0,160
424.0,60,28.0,79.0,153
414.0,21,29.0,78.0,70
414.0,25,29.0,76.0,78
411.0,50,29.0,71.0,137
409.0,19,30.0,66.0,65
412.0,13,31.0,65.0,53
413.0,14,30.0,71.0,55
406.0,12,29.0,74.0,50
409.0,12,30.0,73.0,50
425.0,9,32.0,61.0,37
410.0,10,32.0,65.0,41
414.0,11,30.0,71.0,45
410.0,12,29.0,78.0,50
411.0,12,28.0,85.0,50
421.0,23,26.0,88.0,74
412.0,11,26.0,87.0,45
411.0,12,26.0,87.0,50
407.0,13,26.0,87.0,53
406.0,12,26.0,87.0,50
406.0,18,27.0,86.0,63
407.0,13,27.0,83.0,53
406.0,12,28.0,83.0,50
415.0,22,28.0,84.0,72
421.0,24,28.0,83.0,76
411.0,22,28.0,80.0,72
411.0,36,29.0,81.0,102
412.0,25,29.0,77.0,78
406.0,17,29.0,75.0,61
410.0,9,32.0,63.0,37
412.0,5,33.0,64.0,21
413.0,10,30.0,72.0,41
412.0,14,30.0,73.0,55
417.0,23,29.0,80.0,74
424.0,54,27.0,86.0,146
432.0,68,26.0,88.0,157
443.0,54,25.0,89.0,146
446.0,35,25.0,90.0,99
437.0,33,25.0,90.0,95
443.0,37,25.0,89.0,105
444.0,31,25.0,90.0,91
452.0,27,25.0,90.0,82
442.0,23,25.0,88.0,74
424.0,21,25.0,87.0,70
421.0,20,25.0,87.0,68
414.0,19,26.0,86.0,65
409.0,15,26.0,85.0,57
411.0,7,26.0,85.0,29
408.0,10,25.0,87.0,41
408.0,18,26.0,85.0,63
412.0,22,27.0,83.0,72
414.0,22,28.0,73.0,72
414.0,22,30.0,65.0,72
411.0,13,29.0,69.0,53
411.0,29,28.0,79.0,86
423.0,69,28.0,77.0,158
430.0,62,29.0,73.0,154
439.0,79,28.0,77.0,163
435.0,75,28.0,77.0,161
430.0,60,28.0,78.0,153
431.0,47,26.0,82.0,129
425.0,49,27.0,82.0,134
427.0,45,26.0,82.0,124
425.0,49,27.0,81.0,134
420.0,44,27.0,81.0,122
412.0,34,27.0,81.0,97
408.0,26,27.0,81.0,80
412.0,31,27.0,80.0,91
406.0,19,27.0,79.0,65
410.0,31,27.0,81.0,91
413.0,29,28.0,78.0,86
423.0,45,28.0,75.0,124
420.0,47,28.0,75.0,129
416.0,65,29.0,77.0,156
410.0,47,29.0,77.0,129
408.0,45,29.0,76.0,124
409.0,34,30.0,71.0,97
407.0,28,31.0,63.0,84
412.0,46,32.0,58.0,127
416.0,56,31.0,63.0,151
429.0,53,30.0,73.0,144
437.0,48,28.0,76.0,132
439.0,41,28.0,79.0,114
429.0,37,27.0,78.0,105
423.0,32,27.0,77.0,93
423.0,27,26.0,77.0,82
420.0,23,27.0,76.0,74
412.0,20,27.0,75.0,68
409.0,22,27.0,74.0,72
409.0,28,27.0,74.0,84
408.0,32,28.0,72.0,93
410.0,38,28.0,70.0,107
410.0,49,29.0,69.0,134
404.0,32,29.0,69.0,93
401.0,24,29.0,67.0,76
402.0,25,30.0,64.0,78
402.0,35,30.0,64.0,99
404.0,27,31.0,59.0,82
404.0,28,32.0,54.0,84
404.0,21,33.0,49.0,70
411.0,17,34.0,44.0,61
407.0,16,35.0,45.0,59
409.0,38,33.0,54.0,107
413.0,42,33.0,57.0,117
450.0,33,32.0,62.0,95
407.0,28,31.0,64.0,84
408.0,33,30.0,68.0,95
412.0,31,28.0,74.0,91
412.0,27,27.0,77.0,82
417.0,22,27.0,77.0,72
411.0,15,27.0,77.0,57
408.0,18,27.0,75.0,63
407.0,20,27.0,74.0,68
406.0,29,28.0,73.0,86
405.0,25,28.0,72.0,78
405.0,26,28.0,70.0,80
406.0,34,29.0,67.0,97
410.0,33,30.0,64.0,95
411.0,39,30.0,64.0,110
404.0,26,30.0,66.0,80
402.0,25,31.0,65.0,78
405.0,21,32.0,60.0,70
408.0,24,34.0,51.0,76
413.0,18,36.0,40.0,63
414.0,14,39.0,36.0,55
417.0,12,37.0,39.0,50
414.0,15,36.0,45.0,57
411.0,18,34.0,50.0,63
421.0,57,33.0,60.0,152
449.0,66,32.0,62.0,156
490.0,43,30.0,68.0,119
424.0,40,29.0,74.0,112
418.0,32,28.0,77.0,93
422.0,30,27.0,78.0,88
420.0,25,28.0,75.0,78
415.0,23,28.0,74.0,74
415.0,30,28.0,75.0,88
413.0,31,28.0,75.0,91
409.0,39,29.0,73.0,110
409.0,50,29.0,70.0,137
409.0,30,30.0,70.0,88
405.0,27,30.0,70.0,82
403.0,25,30.0,71.0,78
402.0,22,30.0,70.0,72
401.0,29,31.0,68.0,86
406.0,45,31.0,67.0,124
411.0,53,33.0,64.0,144
419.0,44,36.0,54.0,122
415.0,43,38.0,49.0,119
409.0,30,37.0,45.0,88
410.0,17,36.0,42.0,61
414.0,15,35.0,44.0,57
419.0,47,33.0,57.0,129
418.0,67,32.0,62.0,157
428.0,66,30.0,68.0,156
440.0,70,28.0,74.0,158
424.0,72,27.0,76.0,160
417.0,43,27.0,77.0,119
411.0,31,27.0,76.0,91
404.0,21,27.0,74.0,70
403.0,24,28.0,73.0,76
404.0,30,28.0,72.0,88
405.0,40,29.0,70.0,112
405.0,43,29.0,67.0,119
403.0,28,30.0,65.0,84
398.0,24,30.0,64.0,76
397.0,24,30.0,64.0,76
399.0,20,31.0,58.0,68
399.0,18,32.0,56.0,63
399.0,15,33.0,47.0,57
409.0,15,37.0,42.0,57
414.0,14,39.0,39.0,55
410.0,15,37.0,41.0,57
409.0,13,36.0,44.0,53
414.0,17,35.0,49.0,61
415.0,42,33.0,58.0,117
413.0,51,31.0,67.0,139
414.0,47,30.0,72.0,129
421.0,50,28.0,77.0,137
428.0,60,27.0,79.0,153
432.0,48,27.0,79.0,132
419.0,32,27.0,79.0,93
416.0,59,27.0,79.0,153
414.0,64,27.0,78.0,155
404.0,37,28.0,79.0,105
398.0,18,28.0,78.0,63
399.0,20,28.0,76.0,68
399.0,18,29.0,76.0,63
400.0,17,29.0,75.0,61
401.0,18,29.0,73.0,63
400.0,17,30.0,70.0,61
398.0,21,30.0,64.0,70
399.0,15,31.0,63.0,57
403.0,20,33.0,55.0,68
405.0,12,36.0,47.0,50
407.0,11,37.0,46.0,45
406.0,9,35.0,46.0,37
404.0,9,34.0,50.0,37
405.0,9,34.0,51.0,37
405.0,11,32.0,57.0,45
403.0,13,31.0,60.0,53
406.0,21,30.0,65.0,70
415.0,35,29.0,72.0,99
421.0,34,27.0,77.0,97
423.0,22,27.0,77.0,72
414.0,21,27.0,77.0,70
413.0,26,27.0,77.0,80
410.0,24,27.0,76.0,76
409.0,48,28.0,75.0,132
401.0,58,29.0,73.0,152
397.0,18,29.0,71.0,63
398.0,14,29.0,69.0,55
396.0,13,29.0,71.0,53
395.0,14,29.0,72.0,55
398.0,13,30.0,69.0,53
401.0,19,31.0,60.0,65
402.0,22,33.0,51.0,72
406.0,16,35.0,47.0,59
407.0,11,37.0,43.0,45
409.0,10,36.0,44.0,41
406.0,10,35.0,48.0,41
405.0,11,34.0,51.0,45
406.0,11,33.0,54.0,45
402.0,10,32.0,57.0,41
404.0,12,30.0,64.0,50
416.0,30,29.0,72.0,88
452.0,175,28.0,78.0,225
443.0,48,27.0,81.0,132
422.0,46,27.0,80.0,127
419.0,44,27.0,79.0,122
425.0,69,28.0,80.0,158
407.0,33,28.0,80.0,95
400.0,17,28.0,78.0,61
401.0,17,29.0,76.0,61
405.0,20,29.0,75.0,68
400.0,22,29.0,73.0,72
400.0,18,30.0,70.0,63
399.0,12,30.0,66.0,50
400.0,14,31.0,64.0,55
400.0,17,32.0,58.0,61
411.0,16,34.0,51.0,59
413.0,14,37.0,45.0,55
412.0,11,38.0,42.0,45
409.0,13,36.0,46.0,53
411.0,7,35.0,52.0,29
409.0,10,33.0,57.0,41
410.0,8,32.0,61.0,33
409.0,14,31.0,63.0,55
408.0,15,30.0,68.0,57
428.0,49,28.0,80.0,134
434.0,54,26.0,85.0,146
447.0,39,25.0,87.0,110
435.0,35,25.0,86.0,99
428.0,33,25.0,85.0,95
424.0,46,26.0,85.0,127
420.0,47,26.0,85.0,129
417.0,38,26.0,85.0,107
417.0,46,26.0,84.0,127
417.0,44,27.0,83.0,122
419.0,59,27.0,83.0,153
414.0,39,27.0,81.0,110
410.0,40,27.0,82.0,112
405.0,25,27.0,83.0,78
401.0,15,28.0,81.0,57
401.0,13,28.0,82.0,53
397.0,16,29.0,77.0,59
402.0,73,31.0,69.0,160
405.0,15,32.0,60.0,57
411.0,17,31.0,62.0,61
409.0,15,33.0,56.0,57
413.0,30,33.0,59.0,88
414.0,48,31.0,63.0,132
412.0,45,30.0,71.0,124
425.0,60,28.0,76.0,153
418.0,54,27.0,77.0,146
416.0,40,27.0,77.0,112
411.0,39,27.0,76.0,110
409.0,30,27.0,75.0,88
414.0,53,27.0,74.0,144
413.0,60,28.0,74.0,153
400.0,18,28.0,76.0,63
400.0,20,28.0,77.0,68
401.0,23,29.0,76.0,74
402.0,21,29.0,75.0,70
405.0,22,29.0,73.0,72
408.0,50,29.0,72.0,137
409.0,58,30.0,70.0,152
405.0,65,30.0,66.0,156
403.0,32,31.0,60.0,93
403.0,29,32.0,56.0,86
414.0,15,34.0,51.0,57
411.0,11,34.0,50.0,45
413.0,20,33.0,55.0,68
430.0,54,33.0,58.0,146
421.0,52,32.0,61.0,141
418.0,78,30.0,67.0,163
426.0,81,28.0,72.0,164
420.0,47,26.0,78.0,129
424.0,33,26.0,79.0,95
419.0,33,26.0,78.0,95
415.0,31,27.0,76.0,91
414.0,35,27.0,76.0,99
412.0,41,27.0,75.0,114
411.0,34,27.0,74.0,97
409.0,38,28.0,73.0,107
424.0,36,28.0,76.0,102
408.0,26,28.0,77.0,80
405.0,24,30.0,68.0,76
404.0,25,30.0,65.0,78
405.0,30,31.0,57.0,88
409.0,26,33.0,48.0,80
411.0,19,35.0,45.0,65
415.0,25,36.0,44.0,78
409.0,13,35.0,46.0,53
407.0,14,33.0,51.0,55
420.0,44,33.0,59.0,122
426.0,62,32.0,62.0,154
417.0,51,30.0,65.0,139
418.0,69,29.0,69.0,158
427.0,41,28.0,74.0,114
418.0,34,27.0,76.0,97
422.0,29,26.0,75.0,86
416.0,25,27.0,74.0,78
411.0,22,27.0,73.0,72
409.0,23,27.0,72.0,74
409.0,29,28.0,72.0,86
411.0,37,28.0,71.0,105
405.0,24,29.0,70.0,76
403.0,22,29.0,70.0,72
404.0,18,29.0,69.0,63
402.0,26,29.0,68.0,80
401.0,19,30.0,67.0,65
406.0,22,31.0,62.0,72
407.0,22,32.0,55.0,72
409.0,21,33.0,51.0,70
411.0,23,36.0,46.0,74
414.0,22,37.0,44.0,72
413.0,26,36.0,47.0,80
410.0,25,34.0,50.0,78
411.0,30,32.0,60.0,88
419.0,66,31.0,65.0,156
419.0,64,30.0,67.0,155
414.0,114,29.0,71.0,181
425.0,64,27.0,74.0,155
427.0,45,26.0,74.0,124
421.0,24,26.0,74.0,76
411.0,20,26.0,74.0,68
409.0,15,26.0,73.0,57
411.0,26,26.0,73.0,80
408.0,16,27.0,73.0,59
407.0,21,27.0,73.0,70
406.0,24,27.0,72.0,76
404.0,22,28.0,71.0,72
404.0,28,28.0,70.0,84
402.0,30,29.0,69.0,88
404.0,33,30.0,67.0,95
409.0,38,31.0,64.0,107
406.0,31,31.0,64.0,91
409.0,18,32.0,58.0,63
406.0,15,34.0,52.0,57
408.0,15,36.0,47.0,57
411.0,14,35.0,51.0,55
406.0,14,33.0,58.0,55
407.0,16,33.0,58.0,59
414.0,16,32.0,57.0,59
414.0,38,31.0,60.0,107
418.0,54,29.0,67.0,146
420.0,53,28.0,72.0,144
414.0,29,27.0,77.0,86
420.0,18,26.0,77.0,63
418.0,17,27.0,76.0,61
411.0,17,27.0,73.0,61
407.0,17,27.0,73.0,61
406.0,17,27.0,72.0,61
407.0,19,28.0,71.0,65
407.0,30,28.0,70.0,88
407.0,37,29.0,68.0,105
405.0,32,29.0,66.0,93
405.0,26,30.0,65.0,80
403.0,24,31.0,63.0,76
406.0,21,31.0,55.0,70
411.0,16,32.0,48.0,59
414.0,13,34.0,46.0,53
413.0,16,36.0,42.0,59
410.0,15,36.0,44.0,57
416.0,19,35.0,45.0,65
413.0,18,34.0,47.0,63
416.0,35,33.0,53.0,99
417.0,38,31.0,58.0,107
420.0,46,29.0,66.0,127
417.0,29,28.0,72.0,86
418.0,29,27.0,73.0,86
415.0,17,26.0,73.0,61
412.0,14,27.0,72.0,55
411.0,17,27.0,71.0,61
410.0,15,27.0,69.0,57
411.0,21,27.0,68.0,70
412.0,28,28.0,67.0,84
409.0,30,28.0,66.0,88
411.0,31,28.0,65.0,91
407.0,25,29.0,63.0,78
406.0,20,30.0,60.0,68
408.0,20,30.0,58.0,68
402.0,19,30.0,58.0,65
403.0,19,31.0,56.0,65
406.0,19,33.0,52.0,65
409.0,9,37.0,45.0,37
408.0,19,35.0,49.0,65
410.0,18,34.0,54.0,63
414.0,23,33.0,55.0,74
419.0,33,33.0,54.0,95
419.0,38,31.0,58.0,107
432.0,59,30.0,70.0,153
424.0,57,28.0,75.0,152
427.0,54,27.0,77.0,146
431.0,46,27.0,77.0,127
430.0,34,27.0,77.0,97
425.0,29,27.0,76.0,86
418.0,31,28.0,74.0,91
417.0,30,28.0,73.0,88
409.0,31,28.0,72.0,91
409.0,34,29.0,71.0,97
407.0,30,29.0,69.0,88
404.0,32,30.0,71.0,93
405.0,25,30.0,70.0,78
403.0,22,31.0,68.0,72
407.0,23,33.0,54.0,74
407.0,22,35.0,50.0,72
417.0,14,38.0,41.0,55
418.0,12,40.0,34.0,50
412.0,11,37.0,39.0,45
411.0,9,36.0,41.0,37
414.0,12,34.0,46.0,50
416.0,12,33.0,46.0,50
417.0,20,32.0,54.0,68
420.0,46,30.0,66.0,127
429.0,68,28.0,77.0,157
440.0,121,27.0,81.0,185
442.0,85,26.0,80.0,166
431.0,85,26.0,80.0,166
428.0,94,27.0,78.0,171
428.0,81,27.0,78.0,164
424.0,65,28.0,77.0,156
422.0,47,28.0,76.0,129
415.0,24,29.0,76.0,76
407.0,19,29.0,74.0,65
410.0,19,29.0,73.0,65
406.0,17,29.0,73.0,61
405.0,11,30.0,68.0,45
404.0,13,30.0,64.0,53
405.0,13,32.0,60.0,53
411.0,14,34.0,50.0,55
414.0,12,37.0,46.0,50
416.0,17,37.0,49.0,61
419.0,14,36.0,48.0,55
414.0,13,35.0,49.0,53
416.0,15,34.0,52.0,57
419.0,30,33.0,59.0,88
428.0,39,31.0,67.0,110
420.0,36,29.0,74.0,102
424.0,39,28.0,79.0,110
432.0,35,27.0,80.0,99
429.0,25,27.0,79.0,78
433.0,32,27.0,78.0,93
427.0,37,27.0,77.0,105
416.0,28,28.0,77.0,84
409.0,45,29.0,75.0,124
408.0,18,29.0,75.0,63
405.0,10,29.0,74.0,41
405.0,12,29.0,72.0,50
408.0,13,31.0,67.0,53
405.0,13,31.0,62.0,53
407.0,14,32.0,58.0,55
410.0,18,34.0,51.0,63
413.0,10,37.0,46.0,41
414.0,9,38.0,43.0,37
413.0,7,36.0,45.0,29
415.0,7,35.0,47.0,29
418.0,8,34.0,47.0,33
416.0,10,33.0,53.0,41
418.0,33,31.0,63.0,95
426.0,63,29.0,73.0,155
431.0,53,28.0,78.0,144
442.0,55,27.0,80.0,149
436.0,43,26.0,79.0,119
437.0,82,27.0,77.0,165
434.0,84,27.0,75.0,166
410.0,16,28.0,75.0,59
414.0,20,28.0,73.0,68
416.0,26,28.0,71.0,80
408.0,19,28.0,70.0,65
407.0,10,28.0,71.0,41
407.0,14,29.0,71.0,55
404.0,13,29.0,69.0,53
406.0,8,29.0,65.0,33
404.0,10,30.0,60.0,41
407.0,16,31.0,54.0,59
410.0,19,32.0,54.0,65
412.0,24,33.0,58.0,76
414.0,10,35.0,46.0,41
410.0,8,34.0,45.0,33
413.0,8,34.0,47.0,33
416.0,11,34.0,52.0,45
414.0,13,33.0,54.0,53
418.0,33,31.0,61.0,95
419.0,42,29.0,69.0,117
419.0,42,27.0,76.0,117
420.0,32,26.0,78.0,93
421.0,13,26.0,78.0,53
415.0,11,27.0,77.0,45
412.0,14,27.0,75.0,55
410.0,11,27.0,74.0,45
409.0,15,28.0,73.0,57
408.0,16,28.0,72.0,59
411.0,25,28.0,71.0,78
414.0,37,29.0,68.0,105
413.0,35,30.0,65.0,99
407.0,22,30.0,63.0,72
405.0,17,31.0,61.0,61
408.0,16,32.0,56.0,59
405.0,16,32.0,52.0,59
409.0,15,35.0,47.0,57
416.0,16,38.0,40.0,59
415.0,14,38.0,38.0,55
413.0,9,36.0,40.0,37
412.0,8,35.0,40.0,33
414.0,9,35.0,41.0,37
418.0,15,33.0,47.0,57
428.0,52,31.0,60.0,141
420.0,54,29.0,69.0,146
424.0,47,27.0,75.0,129
424.0,37,26.0,78.0,105
425.0,20,26.0,78.0,68
419.0,30,26.0,77.0,88
419.0,29,27.0,75.0,86
416.0,32,27.0,74.0,93
415.0,31,28.0,73.0,91
411.0,31,28.0,72.0,91
411.0,30,28.0,70.0,88
412.0,38,29.0,68.0,107
410.0,25,30.0,67.0,78
408.0,21,30.0,66.0,70
405.0,21,30.0,63.0,70
410.0,21,31.0,61.0,70
408.0,24,32.0,59.0,76
409.0,33,34.0,53.0,95
414.0,15,37.0,45.0,57
415.0,13,38.0,42.0,53
417.0,9,37.0,44.0,37
419.0,9,36.0,45.0,37
420.0,10,35.0,49.0,41
417.0,16,33.0,52.0,59
418.0,19,32.0,56.0,65
422.0,38,30.0,68.0,107
437.0,45,28.0,76.0,124
424.0,52,27.0,78.0,141
425.0,18,27.0,78.0,63
417.0,16,27.0,77.0,59
416.0,25,27.0,76.0,78
415.0,24,27.0,75.0,76
414.0,27,28.0,74.0,82
412.0,32,28.0,72.0,93
410.0,31,29.0,70.0,91
414.0,41,29.0,67.0,114
412.0,20,30.0,66.0,68
407.0,17,30.0,65.0,61
410.0,13,31.0,60.0,53
407.0,19,31.0,58.0,65
405.0,21,32.0,53.0,70
410.0,11,34.0,45.0,45
415.0,11,38.0,40.0,45
415.0,9,38.0,40.0,37
415.0,10,37.0,43.0,41
417.0,10,36.0,45.0,41
420.0,9,35.0,47.0,37
418.0,14,33.0,52.0,55
419.0,28,31.0,61.0,84
417.0,42,30.0,68.0,117
423.0,49,28.0,75.0,134
423.0,38,27.0,76.0,107
423.0,17,27.0,76.0,61
419.0,19,27.0,75.0,65
417.0,20,27.0,74.0,68
413.0,19,28.0,74.0,65
412.0,17,28.0,74.0,61
414.0,27,28.0,73.0,82
415.0,31,29.0,74.0,91
415.0,26,29.0,73.0,80
413.0,21,30.0,71.0,70
407.0,19,30.0,71.0,65
410.0,14,30.0,65.0,55
411.0,16,31.0,61.0,59
410.0,17,32.0,61.0,61
412.0,15,33.0,58.0,57
413.0,13,36.0,51.0,53
421.0,12,38.0,48.0,50
413.0,11,36.0,49.0,45
411.0,13,33.0,53.0,53
417.0,40,32.0,61.0,112
420.0,44,30.0,68.0,122
418.0,51,29.0,73.0,139
418.0,60,27.0,79.0,153
419.0,32,26.0,81.0,93
421.0,21,26.0,81.0,70
419.0,22,26.0,80.0,72
417.0,22,27.0,79.0,72
415.0,24,27.0,78.0,76
415.0,33,27.0,76.0,95
415.0,42,28.0,73.0,117
416.0,41,29.0,70.0,114
411.0,37,29.0,70.0,105
408.0,30,30.0,71.0,88
407.0,22,30.0,67.0,72
410.0,18,31.0,64.0,63
416.0,38,31.0,68.0,107
421.0,42,32.0,67.0,117
412.0,43,33.0,61.0,119
409.0,19,36.0,42.0,65
410.0,9,36.0,39.0,37
410.0,8,36.0,40.0,33
410.0,11,35.0,46.0,45
414.0,35,33.0,57.0,99
416.0,41,33.0,60.0,114
414.0,31,31.0,65.0,91
413.0,44,29.0,72.0,122
419.0,52,28.0,78.0,141
421.0,54,27.0,80.0,146
419.0,44,26.0,80.0,122
418.0,44,27.0,78.0,122
413.0,39,27.0,75.0,110
416.0,40,28.0,74.0,112
412.0,52,29.0,74.0,141
405.0,28,29.0,74.0,84
401.0,23,29.0,74.0,74
402.0,11,30.0,67.0,45
407.0,14,30.0,59.0,55
411.0,24,31.0,58.0,76
415.0,28,31.0,56.0,84
406.0,21,32.0,50.0,70
408.0,14,35.0,43.0,55
414.0,12,38.0,39.0,50
414.0,6,39.0,38.0,25
415.0,7,37.0,43.0,29
420.0,12,36.0,46.0,50
417.0,34,33.0,58.0,97
425.0,83,32.0,66.0,165
424.0,71,31.0,69.0,159
420.0,59,29.0,75.0,153
432.0,60,28.0,79.0,153
429.0,40,27.0,81.0,112
430.0,29,27.0,80.0,86
423.0,25,27.0,81.0,78
419.0,31,27.0,80.0,91
416.0,58,28.0,77.0,152
416.0,43,28.0,75.0,119
416.0,33,29.0,74.0,95
419.0,19,29.0,72.0,65
406.0,14,30.0,69.0,55
404.0,10,30.0,68.0,41
408.0,10,31.0,65.0,41
412.0,34,32.0,59.0,97
412.0,19,33.0,54.0,65
412.0,30,34.0,56.0,88
421.0,14,38.0,51.0,55
415.0,7,39.0,42.0,29
416.0,7,37.0,48.0,29
417.0,9,35.0,52.0,37
414.0,15,33.0,58.0,57
412.0,11,34.0,55.0,45
426.0,52,31.0,69.0,141
427.0,56,29.0,77.0,151
434.0,57,27.0,82.0,152
431.0,37,26.0,85.0,105
427.0,33,26.0,85.0,95
421.0,16,26.0,84.0,59
415.0,14,26.0,83.0,55
415.0,21,27.0,82.0,70
415.0,25,27.0,81.0,78
414.0,24,27.0,80.0,76
415.0,39,27.0,80.0,110
415.0,52,28.0,78.0,141
412.0,38,28.0,78.0,107
413.0,38,29.0,77.0,107
406.0,41,29.0,75.0,114
410.0,60,29.0,73.0,153
413.0,53,31.0,69.0,144
412.0,28,32.0,63.0,84
412.0,58,33.0,59.0,152
431.0,609,33.0,61.0,572
428.0,77,33.0,63.0,162
419.0,74,32.0,63.0,161
419.0,55,30.0,69.0,149
424.0,68,29.0,75.0,157
432.0,55,28.0,81.0,149
431.0,37,27.0,82.0,105
425.0,11,26.0,82.0,45
416.0,13,27.0,82.0,53
416.0,19,27.0,81.0,65
416.0,30,27.0,80.0,88
417.0,38,27.0,80.0,107
416.0,47,28.0,79.0,129
414.0,51,28.0,77.0,139
414.0,48,29.0,76.0,132
415.0,40,29.0,73.0,112
407.0,35,30.0,71.0,99
409.0,41,30.0,70.0,114
414.0,52,30.0,71.0,141
416.0,43,31.0,68.0,119
417.0,43,33.0,62.0,119
416.0,17,38.0,43.0,61
420.0,20,39.0,41.0,68
415.0,23,37.0,47.0,74
417.0,27,35.0,52.0,82
418.0,43,33.0,59.0,119
424.0,61,32.0,65.0,154
419.0,46,30.0,71.0,127
421.0,45,29.0,76.0,124
428.0,41,27.0,79.0,114
467.0,33,27.0,82.0,95
435.0,41,26.0,81.0,114
421.0,37,26.0,79.0,105
414.0,37,27.0,79.0,105
414.0,28,27.0,78.0,84
416.0,41,27.0,78.0,114
420.0,47,28.0,79.0,129
416.0,32,28.0,78.0,93
412.0,32,28.0,77.0,93
411.0,35,28.0,77.0,99
416.0,36,29.0,77.0,102
416.0,34,29.0,75.0,97
415.0,31,29.0,72.0,91
410.0,22,30.0,68.0,72
407.0,22,31.0,68.0,72
409.0,22,31.0,70.0,72
412.0,24,32.0,64.0,76
409.0,13,33.0,62.0,53
411.0,13,34.0,57.0,53
414.0,15,33.0,61.0,57
413.0,17,32.0,64.0,61
412.0,21,30.0,68.0,70
411.0,23,29.0,73.0,74
429.0,73,27.0,78.0,160
447.0,97,26.0,81.0,172
443.0,83,26.0,81.0,165
419.0,42,26.0,79.0,117
410.0,16,27.0,80.0,59
406.0,13,27.0,80.0,53
403.0,14,27.0,80.0,55
402.0,14,27.0,80.0,55
403.0,13,28.0,80.0,53
405.0,20,28.0,79.0,68
403.0,17,28.0,77.0,61
404.0,19,29.0,76.0,65
405.0,24,29.0,73.0,76
405.0,25,31.0,65.0,78
406.0,15,32.0,59.0,57
409.0,16,33.0,50.0,59
413.0,11,37.0,44.0,45
410.0,10,35.0,46.0,41
411.0,10,34.0,51.0,41
414.0,12,33.0,55.0,50
413.0,16,33.0,58.0,59
411.0,18,31.0,63.0,63
412.0,16,29.0,68.0,59
409.0,20,28.0,77.0,68
411.0,25,27.0,80.0,78
412.0,18,27.0,79.0,63
413.0,25,27.0,80.0,78
407.0,21,27.0,79.0,70
408.0,22,27.0,78.0,72
407.0,22,27.0,78.0,72
405.0,18,27.0,80.0,63
404.0,16,27.0,81.0,59
404.0,15,28.0,80.0,57
404.0,16,28.0,80.0,59
406.0,16,28.0,78.0,59
405.0,12,29.0,75.0,50
407.0,15,30.0,72.0,57
407.0,15,30.0,66.0,57
406.0,14,32.0,60.0,55
406.0,13,33.0,59.0,53
410.0,9,34.0,52.0,37
411.0,8,36.0,47.0,33
411.0,29,34.0,52.0,86
411.0,9,33.0,53.0,37
412.0,12,32.0,57.0,50
416.0,40,29.0,70.0,112
429.0,83,27.0,77.0,165
439.0,97,26.0,80.0,172
441.0,101,26.0,80.0,174
434.0,94,26.0,79.0,171
423.0,54,26.0,79.0,146
409.0,21,27.0,79.0,70
404.0,20,27.0,78.0,68
402.0,24,28.0,77.0,76
402.0,12,28.0,76.0,50
411.0,19,28.0,77.0,65
402.0,15,28.0,76.0,57
402.0,13,29.0,70.0,53
404.0,16,29.0,67.0,59
405.0,20,30.0,59.0,68
406.0,25,31.0,56.0,78
417.0,20,34.0,48.0,68
411.0,14,37.0,42.0,55
413.0,11,38.0,38.0,45
412.0,10,35.0,43.0,41
418.0,52,34.0,48.0,141
421.0,29,33.0,52.0,86
415.0,36,32.0,56.0,102
423.0,62,30.0,64.0,154
415.0,52,28.0,71.0,141
427.0,127,27.0,74.0,188
432.0,68,26.0,74.0,157
431.0,54,26.0,74.0,146
423.0,48,26.0,73.0,132
425.0,69,26.0,72.0,158
419.0,67,27.0,74.0,157
406.0,21,27.0,75.0,70
404.0,27,27.0,74.0,82
403.0,30,27.0,73.0,88
401.0,24,28.0,72.0,76
402.0,20,28.0,70.0,68
402.0,13,29.0,68.0,53
404.0,15,30.0,65.0,57
403.0,18,30.0,60.0,63
407.0,27,32.0,50.0,82
411.0,21,34.0,43.0,70
413.0,16,37.0,35.0,59
417.0,33,39.0,36.0,95
409.0,14,36.0,39.0,55
410.0,15,34.0,40.0,57
412.0,24,33.0,43.0,76
425.0,42,31.0,52.0,117
415.0,64,30.0,61.0,155
423.0,69,28.0,70.0,158
427.0,77,26.0,74.0,162
426.0,71,25.0,76.0,159
421.0,41,25.0,76.0,114
420.0,35,25.0,74.0,99
419.0,36,26.0,73.0,102
417.0,46,26.0,73.0,127
413.0,39,27.0,72.0,110
416.0,37,27.0,68.0,105
406.0,37,28.0,65.0,105
406.0,35,28.0,66.0,99
407.0,19,29.0,66.0,65
412.0,31,29.0,68.0,91
408.0,40,29.0,65.0,112
406.0,33,30.0,64.0,95
406.0,25,31.0,59.0,78
412.0,34,33.0,54.0,97
414.0,14,37.0,36.0,55
417.0,17,38.0,36.0,61
412.0,13,36.0,38.0,53
412.0,13,35.0,41.0,53
413.0,16,33.0,44.0,59
412.0,25,32.0,50.0,78
412.0,49,28.0,70.0,134
413.0,41,30.0,60.0,114
418.0,58,27.0,75.0,152
419.0,46,26.0,77.0,127
415.0,34,26.0,76.0,97
414.0,34,26.0,75.0,97
411.0,23,26.0,76.0,74
415.0,33,27.0,75.0,95
419.0,59,27.0,73.0,153
421.0,60,28.0,72.0,153
407.0,28,28.0,69.0,84
409.0,30,29.0,64.0,88
412.0,18,29.0,63.0,63
410.0,17,30.0,61.0,61
408.0,16,30.0,56.0,59
406.0,20,31.0,53.0,68
406.0,19,32.0,50.0,65
412.0,20,34.0,41.0,68
417.0,18,38.0,36.0,63
414.0,18,38.0,36.0,63
411.0,14,36.0,42.0,55
413.0,14,34.0,46.0,55
416.0,15,33.0,47.0,57
413.0,21,32.0,51.0,70
416.0,37,30.0,59.0,105
418.0,43,28.0,68.0,119
416.0,43,27.0,76.0,119
419.0,29,26.0,78.0,86
420.0,28,26.0,78.0,84
413.0,28,26.0,77.0,84
412.0,24,26.0,76.0,76
411.0,23,26.0,75.0,74
410.0,25,27.0,74.0,78
411.0,26,27.0,74.0,80
412.0,34,27.0,73.0,97
412.0,42,28.0,72.0,117
415.0,39,29.0,74.0,110
405.0,22,29.0,72.0,72
408.0,26,30.0,66.0,80
412.0,27,31.0,59.0,82
414.0,27,33.0,49.0,82
408.0,26,35.0,45.0,80
406.0,18,35.0,46.0,63
407.0,28,34.0,50.0,84
411.0,32,33.0,55.0,93
410.0,33,33.0,54.0,95
408.0,32,32.0,55.0,93
420.0,52,30.0,64.0,141
419.0,56,28.0,72.0,151
438.0,53,27.0,76.0,144
419.0,37,26.0,77.0,105
417.0,26,26.0,77.0,80
413.0,27,26.0,76.0,82
410.0,26,26.0,76.0,80
407.0,22,27.0,76.0,72
409.0,29,27.0,75.0,86
414.0,60,28.0,73.0,153
405.0,33,28.0,71.0,95
401.0,29,29.0,71.0,86
402.0,26,29.0,71.0,80
401.0,15,29.0,70.0,57
402.0,15,30.0,66.0,57
403.0,20,31.0,60.0,68
405.0,25,32.0,51.0,78
406.0,18,34.0,42.0,63
415.0,15,39.0,36.0,57
418.0,17,40.0,36.0,61
412.0,13,37.0,41.0,53
412.0,18,35.0,44.0,63
413.0,34,34.0,46.0,97
412.0,23,32.0,47.0,74
413.0,35,30.0,60.0,99
419.0,39,28.0,71.0,110
423.0,29,26.0,77.0,86
430.0,28,26.0,78.0,84
421.0,23,26.0,76.0,74
414.0,27,26.0,75.0,82
410.0,30,26.0,75.0,88
409.0,35,27.0,74.0,99
413.0,46,27.0,73.0,127
409.0,34,28.0,70.0,97
404.0,28,29.0,69.0,84
402.0,20,29.0,70.0,68
401.0,20,30.0,67.0,68
401.0,23,30.0,66.0,74
402.0,24,30.0,66.0,76
407.0,33,31.0,66.0,95
413.0,29,34.0,57.0,86
410.0,17,38.0,39.0,61
410.0,14,39.0,35.0,55
409.0,11,36.0,41.0,45
411.0,42,26.0,74.0,117
411.0,39,27.0,73.0,110
414.0,52,27.0,71.0,141
412.0,46,28.0,70.0,127
404.0,25,29.0,68.0,78
402.0,27,29.0,69.0,82
400.0,26,29.0,67.0,80
397.0,14,29.0,63.0,55
398.0,12,30.0,60.0,50
402.0,18,32.0,53.0,63
406.0,11,34.0,41.0,45
415.0,12,38.0,35.0,50
415.0,13,39.0,37.0,53
409.0,12,36.0,43.0,50
413.0,10,34.0,43.0,41
413.0,14,33.0,48.0,55
408.0,33,31.0,59.0,95
416.0,79,29.0,72.0,163
419.0,82,28.0,78.0,165
417.0,67,26.0,79.0,157
429.0,56,26.0,80.0,151
426.0,63,26.0,80.0,155
424.0,65,26.0,79.0,156
421.0,70,26.0,78.0,158
421.0,77,27.0,77.0,162
421.0,76,27.0,75.0,162
422.0,75,28.0,74.0,161
409.0,25,28.0,74.0,78
406.0,21,29.0,74.0,70
405.0,19,29.0,72.0,65
403.0,12,29.0,69.0,50
402.0,12,29.0,67.0,50
402.0,15,30.0,64.0,57
400.0,12,31.0,60.0,50
408.0,18,33.0,56.0,63
407.0,14,36.0,51.0,55
408.0,15,35.0,49.0,57
409.0,15,36.0,48.0,57
411.0,11,35.0,50.0,45
406.0,12,33.0,52.0,50
411.0,33,32.0,58.0,95
417.0,85,30.0,68.0,166
424.0,145,28.0,75.0,197
427.0,96,27.0,77.0,172
430.0,78,26.0,78.0,163
424.0,49,26.0,78.0,134
421.0,50,26.0,76.0,137
415.0,54,27.0,75.0,146
416.0,47,27.0,74.0,129
419.0,52,27.0,73.0,141
409.0,31,28.0,73.0,91
403.0,21,28.0,73.0,70
406.0,26,29.0,71.0,80
402.0,24,29.0,71.0,76
399.0,22,29.0,69.0,72
400.0,18,30.0,63.0,63
400.0,23,31.0,57.0,74
403.0,24,32.0,50.0,76
408.0,17,34.0,39.0,61
408.0,13,37.0,35.0,53
410.0,8,38.0,31.0,33
409.0,7,36.0,37.0,29
410.0,10,34.0,42.0,41
408.0,12,33.0,49.0,50
407.0,13,32.0,50.0,53
408.0,24,30.0,57.0,76
416.0,68,28.0,70.0,157
424.0,82,27.0,77.0,165
442.0,114,26.0,80.0,181
433.0,68,26.0,79.0,157
425.0,48,26.0,78.0,132
423.0,44,26.0,77.0,122
425.0,57,27.0,76.0,152
425.0,74,27.0,75.0,161
409.0,26,28.0,74.0,80
402.0,21,28.0,73.0,70
404.0,21,28.0,74.0,70
404.0,20,29.0,70.0,68
402.0,15,30.0,67.0,57
408.0,21,31.0,52.0,70
405.0,16,32.0,45.0,59
409.0,13,35.0,39.0,53
411.0,11,38.0,34.0,45
418.0,12,39.0,35.0,50
411.0,9,36.0,38.0,37
410.0,9,34.0,41.0,37
411.0,17,33.0,50.0,61
413.0,21,32.0,56.0,70
423.0,58,30.0,71.0,152
425.0,72,28.0,74.0,160
429.0,97,27.0,81.0,172
444.0,44,26.0,82.0,122
446.0,34,26.0,81.0,97
433.0,32,26.0,79.0,93
430.0,33,26.0,77.0,95
424.0,35,27.0,76.0,99
419.0,39,27.0,74.0,110
420.0,43,28.0,73.0,119
424.0,63,29.0,70.0,155
426.0,27,30.0,64.0,82
440.0,41,29.0,67.0,114
418.0,35,30.0,67.0,99
414.0,26,31.0,66.0,80
420.0,28,31.0,64.0,84
418.0,25,32.0,59.0,78
416.0,14,35.0,46.0,55
415.0,13,38.0,38.0,53
419.0,11,38.0,37.0,45
416.0,8,36.0,43.0,33
418.0,10,34.0,47.0,41
419.0,13,33.0,49.0,53
416.0,19,32.0,53.0,65
419.0,45,30.0,65.0,124
421.0,61,28.0,75.0,154
421.0,59,27.0,77.0,153
421.0,44,26.0,79.0,122
425.0,26,26.0,79.0,80
420.0,20,26.0,78.0,68
417.0,24,26.0,77.0,76
413.0,26,27.0,75.0,80
412.0,20,27.0,74.0,68
414.0,30,27.0,74.0,88
417.0,45,28.0,72.0,124
412.0,31,29.0,74.0,91
410.0,21,29.0,71.0,70
409.0,19,29.0,69.0,65
411.0,18,30.0,65.0,63
409.0,24,30.0,70.0,76
410.0,29,31.0,66.0,86
418.0,28,34.0,57.0,84
423.0,18,39.0,40.0,63
420.0,17,39.0,40.0,61
420.0,14,36.0,45.0,55
419.0,13,34.0,49.0,53
417.0,13,33.0,51.0,53
419.0,29,32.0,58.0,86
417.0,48,30.0,68.0,132
418.0,51,28.0,74.0,139
428.0,46,27.0,78.0,127
425.0,47,26.0,80.0,129
423.0,24,26.0,79.0,76
423.0,35,27.0,78.0,99
424.0,29,27.0,78.0,86
423.0,32,27.0,79.0,93
419.0,32,28.0,78.0,93
408.0,17,28.0,79.0,61
408.0,19,29.0,78.0,65
410.0,21,29.0,77.0,70
411.0,19,29.0,73.0,65
411.0,17,30.0,72.0,61
413.0,17,31.0,67.0,61
417.0,32,31.0,70.0,93
414.0,35,32.0,64.0,99
418.0,21,34.0,58.0,70
418.0,15,38.0,43.0,57
425.0,15,39.0,42.0,57
419.0,10,36.0,48.0,41
417.0,17,34.0,56.0,61
420.0,16,34.0,54.0,59
423.0,34,32.0,60.0,97
425.0,73,30.0,69.0,160
446.0,129,29.0,77.0,189
450.0,107,27.0,82.0,178
455.0,143,26.0,83.0,196
452.0,155,27.0,82.0,205
423.0,43,27.0,81.0,119
412.0,13,28.0,80.0,53
411.0,14,28.0,80.0,55
410.0,15,28.0,80.0,57
407.0,10,28.0,79.0,41
407.0,15,28.0,79.0,57
409.0,12,29.0,77.0,50
413.0,10,29.0,75.0,41
410.0,12,30.0,72.0,50
412.0,12,30.0,69.0,50
411.0,13,32.0,62.0,53
414.0,11,34.0,54.0,45
418.0,10,36.0,46.0,41
419.0,6,37.0,43.0,25
416.0,7,35.0,47.0,29
417.0,8,34.0,54.0,33
419.0,10,33.0,59.0,41
420.0,16,32.0,61.0,59
414.0,10,31.0,65.0,41
424.0,42,29.0,73.0,117
445.0,71,27.0,80.0,159
440.0,62,26.0,81.0,154
436.0,36,26.0,81.0,102
424.0,32,26.0,80.0,93
422.0,30,26.0,79.0,88
422.0,33,26.0,78.0,95
422.0,42,27.0,77.0,117
420.0,43,27.0,76.0,119
422.0,59,27.0,75.0,153
419.0,71,28.0,75.0,159
415.0,29,28.0,74.0,86
412.0,24,29.0,74.0,76
412.0,24,29.0,72.0,76
411.0,29,29.0,70.0,86
408.0,31,30.0,67.0,91
412.0,26,31.0,60.0,80
415.0,17,32.0,58.0,61
412.0,13,33.0,52.0,53
416.0,8,35.0,46.0,33
416.0,6,35.0,46.0,25
417.0,10,34.0,52.0,41
415.0,17,32.0,60.0,61
423.0,41,30.0,67.0,114
440.0,79,28.0,75.0,163
450.0,83,27.0,80.0,165
447.0,73,26.0,81.0,160
429.0,59,26.0,81.0,153
424.0,30,26.0,80.0,88
420.0,29,26.0,79.0,86
417.0,32,26.0,79.0,93
417.0,31,27.0,77.0,91
415.0,42,27.0,75.0,117
414.0,48,28.0,74.0,132
409.0,37,28.0,77.0,105
410.0,30,29.0,73.0,88
405.0,26,29.0,69.0,80
409.0,21,30.0,61.0,70
413.0,25,32.0,57.0,78
412.0,19,34.0,47.0,65
416.0,15,36.0,44.0,57
417.0,15,38.0,41.0,57
416.0,13,36.0,44.0,53
417.0,14,34.0,47.0,55
423.0,52,32.0,57.0,141
424.0,69,31.0,58.0,158
428.0,57,30.0,66.0,152
420.0,72,28.0,74.0,160
434.0,65,26.0,78.0,156
435.0,42,26.0,80.0,117
429.0,43,25.0,79.0,119
424.0,40,26.0,79.0,112
425.0,43,26.0,77.0,119
424.0,52,26.0,76.0,141
426.0,68,27.0,74.0,157
426.0,71,27.0,72.0,159
420.0,51,28.0,73.0,139
411.0,39,28.0,71.0,110
407.0,27,29.0,69.0,82
409.0,19,29.0,62.0,65
406.0,16,29.0,60.0,59
406.0,14,30.0,53.0,55
411.0,18,31.0,52.0,63
412.0,17,34.0,45.0,61
412.0,11,36.0,41.0,45
413.0,10,37.0,40.0,41
411.0,9,35.0,43.0,37
410.0,12,33.0,46.0,50
413.0,17,32.0,47.0,61
414.0,22,31.0,53.0,72
422.0,58,29.0,64.0,152
425.0,79,27.0,72.0,163
437.0,91,26.0,77.0,169
434.0,53,25.0,78.0,144
429.0,43,25.0,77.0,119
426.0,45,25.0,76.0,124
425.0,50,25.0,75.0,137
425.0,59,26.0,74.0,153
429.0,77,26.0,74.0,162
423.0,69,27.0,73.0,158
408.0,29,28.0,73.0,86
406.0,26,28.0,72.0,80
406.0,27,28.0,72.0,82
405.0,24,29.0,69.0,76
405.0,27,29.0,66.0,82
407.0,23,30.0,59.0,74
411.0,25,31.0,49.0,78
414.0,20,34.0,40.0,68
416.0,20,37.0,36.0,68
415.0,20,36.0,40.0,68
413.0,20,34.0,42.0,68
415.0,23,33.0,46.0,74
417.0,23,32.0,53.0,74
420.0,52,30.0,62.0,141
429.0,82,28.0,71.0,165
436.0,84,26.0,76.0,166
433.0,56,25.0,77.0,151
430.0,43,25.0,76.0,119
423.0,39,25.0,75.0,110
420.0,34,26.0,74.0,97
419.0,34,26.0,73.0,97
419.0,37,26.0,72.0,105
422.0,48,27.0,73.0,132
417.0,35,28.0,71.0,99
413.0,27,28.0,69.0,82
412.0,28,29.0,68.0,84
405.0,24,29.0,66.0,76
407.0,17,29.0,66.0,61
409.0,15,30.0,61.0,57
410.0,26,31.0,58.0,80
414.0,20,34.0,56.0,68
415.0,17,35.0,54.0,61
422.0,12,38.0,42.0,50
414.0,12,36.0,48.0,50
416.0,11,34.0,51.0,45
418.0,12,33.0,54.0,50
427.0,41,31.0,61.0,114
428.0,65,30.0,69.0,156
427.0,56,28.0,76.0,151
432.0,47,26.0,80.0,129
435.0,41,25.0,82.0,114
441.0,44,25.0,82.0,122
432.0,56,25.0,81.0,151
425.0,42,26.0,80.0,117
425.0,60,27.0,77.0,153
419.0,39,27.0,78.0,110
410.0,42,28.0,76.0,117
417.0,178,28.0,77.0,228
412.0,26,28.0,76.0,80
409.0,28,28.0,75.0,84
408.0,16,28.0,73.0,59
407.0,16,29.0,70.0,59
406.0,18,29.0,63.0,63
406.0,16,30.0,58.0,59
408.0,16,31.0,52.0,59
412.0,14,32.0,49.0,55
414.0,12,34.0,47.0,50
416.0,15,34.0,48.0,57
416.0,15,33.0,51.0,57
414.0,14,32.0,55.0,55
419.0,42,30.0,62.0,117
424.0,71,28.0,70.0,159
451.0,105,26.0,78.0,177
457.0,69,25.0,79.0,158
435.0,55,25.0,78.0,149
431.0,63,25.0,78.0,155
434.0,62,25.0,76.0,154
439.0,79,26.0,74.0,163
443.0,89,26.0,72.0,168
432.0,49,27.0,71.0,134
417.0,28,27.0,69.0,84
416.0,25,28.0,67.0,78
411.0,27,28.0,66.0,82
410.0,22,28.0,63.0,72
406.0,14,28.0,62.0,55
405.0,14,29.0,61.0,55
404.0,18,30.0,54.0,63
409.0,14,32.0,46.0,55
414.0,15,35.0,41.0,57
416.0,17,36.0,39.0,61
412.0,13,34.0,43.0,53
411.0,13,32.0,48.0,53
413.0,17,32.0,49.0,61
413.0,24,31.0,53.0,76
420.0,56,29.0,62.0,151
417.0,60,27.0,71.0,153
425.0,69,25.0,76.0,158
457.0,65,25.0,78.0,156
427.0,65,24.0,79.0,156
421.0,53,24.0,77.0,144
416.0,49,25.0,76.0,134
416.0,29,25.0,74.0,86
416.0,32,25.0,72.0,93
417.0,43,26.0,71.0,119
417.0,52,27.0,71.0,141
413.0,27,27.0,69.0,82
407.0,27,28.0,70.0,82
405.0,17,28.0,70.0,61
403.0,19,28.0,70.0,65
403.0,28,29.0,68.0,84
402.0,26,30.0,61.0,80
407.0,30,32.0,55.0,88
414.0,22,36.0,46.0,72
417.0,20,37.0,43.0,68
415.0,15,36.0,45.0,57
415.0,12,34.0,46.0,50
416.0,13,33.0,48.0,53
413.0,15,31.0,51.0,57
417.0,39,29.0,61.0,110
442.0,78,27.0,74.0,163
424.0,73,26.0,79.0,160
430.0,53,25.0,80.0,144
432.0,47,25.0,79.0,129
426.0,47,25.0,78.0,129
420.0,35,25.0,79.0,99
421.0,42,26.0,79.0,117
420.0,46,26.0,78.0,127
421.0,49,27.0,76.0,134
458.0,311,28.0,76.0,361
441.0,125,28.0,74.0,187
405.0,27,28.0,75.0,82
404.0,25,28.0,75.0,78
406.0,19,29.0,70.0,65
408.0,18,30.0,61.0,63
408.0,20,31.0,52.0,68
413.0,18,34.0,41.0,63
416.0,13,37.0,35.0,53
416.0,12,37.0,33.0,50
413.0,10,35.0,40.0,41
414.0,10,33.0,45.0,41
411.0,11,32.0,47.0,45
412.0,14,31.0,52.0,55
416.0,23,30.0,62.0,74
430.0,59,27.0,72.0,153
434.0,105,25.0,79.0,177
449.0,121,24.0,82.0,185
441.0,87,24.0,82.0,167
432.0,70,25.0,81.0,158
426.0,60,25.0,81.0,153
429.0,76,26.0,79.0,162
429.0,94,26.0,77.0,171
428.0,64,27.0,76.0,155
418.0,42,27.0,76.0,117
408.0,18,28.0,73.0,63
405.0,19,28.0,71.0,65
405.0,14,29.0,70.0,55
405.0,15,29.0,66.0,57
404.0,16,30.0,61.0,59
404.0,18,31.0,54.0,63
408.0,20,34.0,44.0,68
412.0,15,36.0,39.0,57
415.0,14,37.0,37.0,55
411.0,9,35.0,36.0,37
412.0,10,33.0,43.0,41
412.0,12,32.0,46.0,50
410.0,16,31.0,54.0,59
418.0,41,29.0,66.0,114
425.0,58,27.0,78.0,152
427.0,54,25.0,82.0,146
441.0,51,25.0,82.0,139
438.0,34,25.0,81.0,97
431.0,44,25.0,80.0,122
421.0,39,26.0,79.0,110
410.0,22,27.0,77.0,72
407.0,18,27.0,77.0,63
406.0,19,28.0,77.0,65
405.0,16,28.0,76.0,59
402.0,17,28.0,74.0,61
404.0,19,29.0,75.0,65
407.0,18,29.0,72.0,63
407.0,19,29.0,67.0,65
406.0,20,31.0,61.0,68
410.0,19,34.0,49.0,65
414.0,19,36.0,46.0,65
417.0,31,37.0,49.0,91
413.0,22,36.0,48.0,72
413.0,27,33.0,53.0,82
415.0,36,32.0,59.0,102
418.0,109,31.0,66.0,179
418.0,57,29.0,70.0,152
422.0,54,27.0,77.0,146
437.0,67,26.0,81.0,157
441.0,83,25.0,83.0,165
444.0,67,25.0,81.0,157
434.0,65,25.0,81.0,156
434.0,78,26.0,79.0,163
436.0,82,26.0,75.0,165
432.0,64,26.0,73.0,155
431.0,38,27.0,72.0,107
418.0,43,28.0,69.0,119
413.0,29,28.0,66.0,86
410.0,21,28.0,67.0,70
405.0,14,29.0,68.0,55
406.0,17,29.0,66.0,61
406.0,15,30.0,62.0,57
408.0,21,31.0,57.0,70
412.0,14,34.0,49.0,55
414.0,16,37.0,43.0,59
414.0,13,37.0,41.0,53
409.0,7,35.0,40.0,29
412.0,9,33.0,42.0,37
411.0,10,32.0,46.0,41
412.0,12,31.0,49.0,50
410.0,14,30.0,57.0,55
418.0,40,28.0,70.0,112
446.0,123,26.0,76.0,186
462.0,117,25.0,78.0,183
445.0,62,25.0,77.0,154
432.0,46,26.0,78.0,127
412.0,17,26.0,76.0,61
408.0,13,27.0,74.0,53
407.0,15,27.0,74.0,57
403.0,12,27.0,71.0,50
404.0,12,27.0,69.0,50
404.0,13,27.0,73.0,53
403.0,15,28.0,76.0,57
405.0,14,28.0,76.0,55
403.0,14,28.0,74.0,55
407.0,18,31.0,63.0,63
410.0,18,33.0,47.0,63
413.0,15,36.0,45.0,57
414.0,13,37.0,49.0,53
412.0,12,35.0,54.0,50
409.0,13,33.0,59.0,53
410.0,12,32.0,61.0,50
410.0,11,31.0,61.0,45
409.0,14,30.0,66.0,55
409.0,14,28.0,72.0,55
420.0,47,27.0,78.0,129
437.0,49,25.0,80.0,134
439.0,40,25.0,80.0,112
427.0,34,25.0,80.0,97
425.0,30,26.0,80.0,88
415.0,21,26.0,78.0,70
411.0,17,27.0,77.0,61
409.0,17,27.0,73.0,61
402.0,27,27.0,72.0,82
403.0,14,27.0,70.0,55
401.0,12,28.0,67.0,50
399.0,13,28.0,61.0,53
401.0,16,29.0,65.0,59
405.0,22,29.0,64.0,72
406.0,12,31.0,58.0,50
408.0,11,33.0,47.0,45
411.0,11,35.0,37.0,45
412.0,8,36.0,40.0,33
409.0,8,35.0,49.0,33
408.0,8,33.0,53.0,33
409.0,12,32.0,56.0,50
413.0,35,31.0,62.0,99
423.0,76,29.0,69.0,162
426.0,92,27.0,75.0,170
428.0,83,26.0,78.0,165
433.0,52,26.0,79.0,141
432.0,37,26.0,78.0,105
432.0,61,26.0,77.0,154
433.0,72,27.0,76.0,160
430.0,58,27.0,74.0,152
416.0,35,27.0,73.0,99
405.0,20,28.0,73.0,68
408.0,24,28.0,71.0,76
409.0,22,28.0,71.0,72
406.0,17,28.0,70.0,61
401.0,20,29.0,70.0,68
400.0,24,29.0,68.0,76
404.0,24,30.0,61.0,76
405.0,21,32.0,52.0,70
408.0,16,34.0,43.0,59
409.0,9,36.0,36.0,37
414.0,8,38.0,36.0,33
416.0,13,36.0,43.0,53
412.0,11,34.0,45.0,45
414.0,21,31.0,53.0,70
417.0,56,29.0,65.0,151
421.0,66,27.0,77.0,156
426.0,77,26.0,81.0,162
432.0,53,25.0,82.0,144
430.0,38,25.0,81.0,107
427.0,43,25.0,80.0,119
424.0,42,26.0,79.0,117
421.0,48,26.0,78.0,132
420.0,49,27.0,77.0,134
425.0,43,27.0,76.0,119
411.0,22,28.0,75.0,72
405.0,22,28.0,75.0,72
407.0,27,28.0,73.0,82
403.0,20,29.0,70.0,68
404.0,17,29.0,67.0,61
406.0,24,30.0,64.0,76
409.0,25,31.0,56.0,78
411.0,18,34.0,47.0,63
413.0,9,36.0,43.0,37
417.0,9,37.0,41.0,37
412.0,11,35.0,46.0,45
412.0,13,33.0,49.0,53
416.0,21,32.0,53.0,70
421.0,49,31.0,63.0,134
424.0,46,27.0,76.0,127
437.0,48,26.0,81.0,132
438.0,39,25.0,82.0,110
432.0,44,25.0,82.0,122
428.0,48,25.0,81.0,132
429.0,63,26.0,80.0,155
426.0,55,26.0,79.0,149
434.0,81,27.0,77.0,164
428.0,65,27.0,75.0,156
412.0,34,28.0,76.0,97
410.0,25,28.0,75.0,78
404.0,17,28.0,73.0,61
404.0,14,29.0,70.0,55
406.0,12,30.0,63.0,50
407.0,16,31.0,57.0,59
410.0,13,34.0,50.0,53
413.0,11,36.0,45.0,45
412.0,12,33.0,48.0,50
412.0,10,32.0,50.0,41
417.0,27,31.0,60.0,82
420.0,43,29.0,73.0,119
423.0,55,27.0,80.0,149
433.0,61,26.0,84.0,154
438.0,33,25.0,85.0,95
424.0,20,25.0,84.0,68
421.0,20,25.0,82.0,68
425.0,30,26.0,81.0,88
423.0,31,26.0,80.0,91
428.0,57,27.0,80.0,152
418.0,33,28.0,78.0,95
419.0,22,29.0,75.0,72
410.0,26,29.0,75.0,80
407.0,18,29.0,69.0,63
414.0,15,30.0,64.0,57
408.0,14,30.0,61.0,55
412.0,18,32.0,56.0,63
419.0,18,34.0,58.0,63
428.0,16,37.0,50.0,59
425.0,15,38.0,42.0,57
416.0,19,35.0,53.0,65
421.0,21,34.0,56.0,70
420.0,22,33.0,58.0,72
417.0,24,31.0,64.0,76
415.0,22,30.0,73.0,72
415.0,17,28.0,80.0,61
433.0,56,27.0,86.0,151
465.0,100,25.0,88.0,174
475.0,97,25.0,88.0,172
464.0,95,26.0,88.0,171
457.0,98,26.0,87.0,173
453.0,91,26.0,85.0,169
445.0,62,27.0,85.0,154
428.0,52,27.0,83.0,141
417.0,25,27.0,82.0,78
411.0,49,28.0,83.0,134
418.0,45,28.0,83.0,124
412.0,88,29.0,80.0,168
411.0,17,29.0,77.0,61
412.0,19,30.0,68.0,65
410.0,20,31.0,70.0,68
416.0,15,32.0,68.0,57
421.0,11,37.0,50.0,45
417.0,28,35.0,55.0,84
414.0,16,32.0,60.0,59
414.0,17,31.0,66.0,61
418.0,31,30.0,70.0,91
423.0,63,29.0,75.0,155
436.0,96,27.0,83.0,172
461.0,94,26.0,87.0,171
476.0,118,25.0,89.0,183
471.0,115,26.0,89.0,182
465.0,130,26.0,88.0,189
442.0,58,26.0,88.0,152
426.0,25,26.0,87.0,78
418.0,30,27.0,86.0,88
417.0,28,27.0,86.0,84
419.0,40,27.0,85.0,112
419.0,37,27.0,83.0,105
428.0,66,27.0,83.0,156
420.0,26,28.0,77.0,80
423.0,47,29.0,74.0,129
415.0,43,29.0,73.0,119
412.0,26,30.0,70.0,80
416.0,24,30.0,70.0,76
419.0,27,32.0,66.0,82
417.0,16,35.0,54.0,59
415.0,22,32.0,62.0,72
419.0,46,30.0,70.0,127
431.0,90,29.0,75.0,169
431.0,98,29.0,78.0,173
437.0,74,28.0,84.0,161
465.0,87,26.0,87.0,167
464.0,61,26.0,88.0,154
455.0,60,25.0,88.0,153
443.0,69,26.0,87.0,158
439.0,72,26.0,86.0,160
438.0,56,26.0,85.0,151
436.0,60,27.0,85.0,153
423.0,31,27.0,85.0,91
422.0,34,27.0,82.0,97
412.0,58,28.0,80.0,152
405.0,23,28.0,79.0,74
407.0,24,28.0,78.0,76
406.0,24,29.0,75.0,76
415.0,42,29.0,73.0,117
421.0,37,31.0,68.0,105
418.0,47,32.0,62.0,129
427.0,44,34.0,53.0,122
421.0,15,35.0,53.0,57
421.0,10,34.0,53.0,41
419.0,10,33.0,55.0,41
417.0,18,31.0,64.0,63
426.0,50,30.0,71.0,137
426.0,52,29.0,79.0,141
439.0,64,27.0,86.0,155
461.0,59,26.0,89.0,153
449.0,49,25.0,90.0,134
456.0,45,25.0,90.0,124
441.0,39,25.0,88.0,110
443.0,60,25.0,88.0,153
446.0,60,26.0,87.0,153
438.0,56,26.0,86.0,151
424.0,33,27.0,85.0,95
411.0,46,27.0,84.0,127
412.0,19,27.0,81.0,65
415.0,43,28.0,75.0,119
414.0,9,28.0,72.0,37
414.0,14,28.0,68.0,55
413.0,21,29.0,63.0,70
409.0,15,30.0,63.0,57
418.0,9,35.0,55.0,37
420.0,6,36.0,54.0,25
415.0,4,34.0,60.0,17
414.0,4,32.0,67.0,17
413.0,4,31.0,69.0,17
409.0,4,30.0,75.0,17
410.0,6,28.0,82.0,25
412.0,6,27.0,87.0,25
419.0,7,26.0,91.0,29
459.0,12,25.0,94.0,50
422.0,10,25.0,93.0,41
408.0,7,25.0,94.0,29
410.0,9,25.0,93.0,37
407.0,5,25.0,92.0,21
413.0,13,25.0,92.0,53
417.0,18,25.0,91.0,63
409.0,9,25.0,90.0,37
410.0,19,26.0,90.0,65
413.0,23,26.0,89.0,74
405.0,5,26.0,85.0,21
401.0,18,27.0,84.0,63
411.0,40,29.0,76.0,112
408.0,57,30.0,74.0,152
407.0,16,31.0,69.0,59
407.0,18,31.0,66.0,63
408.0,13,33.0,61.0,53
407.0,11,33.0,61.0,45
407.0,15,32.0,64.0,57
411.0,26,31.0,67.0,80
410.0,28,30.0,72.0,84
418.0,58,29.0,76.0,152
426.0,92,28.0,79.0,170
431.0,102,27.0,82.0,175
448.0,88,26.0,82.0,168
430.0,93,26.0,82.0,170
428.0,84,26.0,81.0,166
428.0,109,26.0,81.0,179
427.0,111,27.0,81.0,180
406.0,47,27.0,81.0,129
404.0,47,27.0,81.0,129
405.0,40,28.0,80.0,112
405.0,36,28.0,80.0,102
403.0,25,28.0,81.0,78
400.0,11,28.0,80.0,45
404.0,12,29.0,78.0,50
403.0,13,29.0,75.0,53
402.0,16,30.0,69.0,59
404.0,12,33.0,59.0,50
404.0,12,34.0,54.0,50
402.0,9,33.0,57.0,37
404.0,12,31.0,64.0,50
406.0,10,33.0,60.0,41
406.0,17,32.0,63.0,61
406.0,16,31.0,66.0,59
409.0,29,29.0,73.0,86
428.0,96,28.0,80.0,172
439.0,128,27.0,82.0,188
459.0,98,26.0,84.0,173
451.0,103,26.0,84.0,176
435.0,121,26.0,82.0,185
418.0,77,27.0,82.0,162
408.0,30,27.0,82.0,88
402.0,26,27.0,82.0,80
399.0,16,27.0,81.0,59
401.0,19,28.0,81.0,65
400.0,19,28.0,81.0,65
400.0,19,28.0,80.0,65
397.0,18,29.0,75.0,63
400.0,21,30.0,69.0,70
406.0,24,31.0,59.0,76
409.0,26,34.0,54.0,80
414.0,24,37.0,46.0,76
411.0,20,37.0,44.0,68
408.0,19,33.0,55.0,65
409.0,18,32.0,60.0,63
408.0,20,30.0,66.0,68
404.0,22,29.0,71.0,72
406.0,25,28.0,78.0,78
423.0,60,26.0,84.0,153
443.0,88,26.0,83.0,168
438.0,79,26.0,83.0,163
430.0,52,26.0,84.0,141
410.0,22,26.0,84.0,72
405.0,22,26.0,83.0,72
402.0,19,27.0,82.0,65
402.0,23,27.0,81.0,74
401.0,22,27.0,80.0,72
399.0,20,28.0,79.0,68
400.0,16,28.0,77.0,59
405.0,32,28.0,73.0,93
400.0,19,29.0,72.0,65
401.0,19,29.0,66.0,65
406.0,25,31.0,57.0,78
406.0,31,33.0,50.0,91
406.0,20,35.0,48.0,68
409.0,19,36.0,48.0,65
408.0,20,35.0,52.0,68
408.0,16,32.0,59.0,59
407.0,20,31.0,63.0,68
411.0,38,30.0,66.0,107
407.0,32,29.0,70.0,93
415.0,36,27.0,76.0,102
425.0,58,26.0,81.0,152
429.0,43,25.0,81.0,119
425.0,49,25.0,81.0,134
428.0,65,26.0,81.0,156
411.0,31,26.0,84.0,91
409.0,33,27.0,81.0,95
402.0,18,27.0,81.0,63
401.0,23,27.0,81.0,74
399.0,22,27.0,79.0,72
397.0,28,27.0,78.0,84
401.0,25,28.0,77.0,78
396.0,15,28.0,73.0,57
397.0,16,29.0,70.0,59
404.0,27,29.0,66.0,82
409.0,30,31.0,58.0,88
410.0,36,33.0,52.0,102
410.0,32,34.0,49.0,93
409.0,33,34.0,50.0,95
407.0,28,33.0,55.0,84
412.0,39,32.0,60.0,110
417.0,58,31.0,61.0,152
416.0,74,30.0,65.0,161
412.0,53,29.0,70.0,144
432.0,94,27.0,75.0,171
425.0,75,25.0,77.0,161
422.0,60,25.0,77.0,153
418.0,26,25.0,76.0,80
415.0,32,25.0,75.0,93
414.0,40,26.0,74.0,112
413.0,44,26.0,72.0,122
412.0,45,26.0,72.0,124
413.0,52,26.0,72.0,141
419.0,46,27.0,73.0,127
421.0,37,28.0,72.0,105
415.0,32,28.0,70.0,93
399.0,25,28.0,69.0,78
403.0,26,29.0,69.0,80
399.0,23,29.0,65.0,74
402.0,28,30.0,63.0,84
405.0,27,34.0,50.0,82
408.0,25,36.0,46.0,78
406.0,29,35.0,49.0,86
406.0,24,33.0,53.0,76
411.0,38,31.0,58.0,107
416.0,85,30.0,69.0,166
428.0,122,28.0,77.0,185
438.0,126,26.0,80.0,187
455.0,93,25.0,82.0,170
451.0,71,25.0,82.0,159
439.0,65,25.0,82.0,156
428.0,60,25.0,82.0,153
425.0,59,25.0,83.0,153
416.0,50,26.0,81.0,137
411.0,39,26.0,81.0,110
410.0,36,26.0,84.0,102
413.0,54,26.0,86.0,146
415.0,63,27.0,85.0,155
414.0,68,27.0,83.0,157
408.0,45,27.0,81.0,124
406.0,40,28.0,74.0,112
406.0,35,30.0,66.0,99
419.0,43,31.0,62.0,119
419.0,47,32.0,57.0,129
422.0,35,33.0,53.0,99
427.0,50,34.0,54.0,137
421.0,63,33.0,58.0,155
422.0,57,32.0,61.0,152
421.0,85,30.0,66.0,166
424.0,81,30.0,67.0,164
425.0,78,29.0,72.0,163
434.0,92,27.0,77.0,170
428.0,85,26.0,80.0,166
427.0,43,25.0,81.0,119
423.0,27,25.0,80.0,82
418.0,29,25.0,79.0,86
425.0,57,25.0,80.0,152
432.0,93,26.0,80.0,170
427.0,85,26.0,78.0,166
415.0,53,27.0,76.0,144
412.0,52,27.0,77.0,141
411.0,39,27.0,78.0,110
413.0,40,28.0,73.0,112
413.0,28,28.0,71.0,84
409.0,38,29.0,68.0,107
408.0,32,29.0,68.0,93
411.0,36,31.0,65.0,102
416.0,38,31.0,63.0,107
416.0,24,33.0,55.0,76
414.0,21,34.0,53.0,70
411.0,25,32.0,60.0,78
413.0,39,30.0,66.0,110
421.0,61,30.0,70.0,154
431.0,87,28.0,74.0,167
439.0,80,27.0,77.0,164
439.0,87,26.0,80.0,167
451.0,85,25.0,81.0,166
443.0,110,25.0,81.0,179
445.0,99,25.0,81.0,173
444.0,126,26.0,80.0,187
428.0,79,26.0,79.0,163
411.0,37,27.0,79.0,105
407.0,31,27.0,79.0,91
407.0,34,27.0,79.0,97
405.0,40,27.0,79.0,112
405.0,23,27.0,79.0,74
408.0,17,28.0,75.0,61
409.0,22,28.0,74.0,72
412.0,30,29.0,70.0,88
415.0,34,30.0,67.0,97
424.0,27,33.0,56.0,82
418.0,17,34.0,52.0,61
413.0,21,33.0,54.0,70
410.0,15,32.0,55.0,57
412.0,19,31.0,58.0,65
414.0,29,30.0,63.0,86
420.0,59,28.0,69.0,153
429.0,101,26.0,75.0,174
446.0,82,25.0,78.0,165
454.0,63,24.0,79.0,155
438.0,61,24.0,77.0,154
431.0,74,25.0,77.0,161
428.0,65,25.0,76.0,156
426.0,67,25.0,75.0,157
431.0,79,26.0,75.0,163
426.0,75,26.0,75.0,161
418.0,54,27.0,74.0,146
411.0,32,27.0,74.0,93
407.0,19,28.0,73.0,65
407.0,16,28.0,72.0,59
408.0,23,28.0,69.0,74
413.0,28,29.0,63.0,84
415.0,31,30.0,58.0,91
416.0,21,33.0,53.0,70
414.0,19,34.0,51.0,65
416.0,20,35.0,49.0,68
412.0,17,33.0,54.0,61
412.0,20,31.0,59.0,68
414.0,39,29.0,66.0,110
417.0,46,29.0,66.0,127
427.0,55,28.0,68.0,149
458.0,71,26.0,76.0,159
441.0,61,25.0,79.0,154
430.0,45,24.0,78.0,124
427.0,35,24.0,78.0,99
422.0,41,25.0,78.0,114
417.0,31,25.0,77.0,91
417.0,43,25.0,76.0,119
420.0,44,25.0,74.0,122
422.0,54,26.0,73.0,146
427.0,65,27.0,73.0,156
413.0,32,27.0,73.0,93
408.0,28,28.0,70.0,84
406.0,29,29.0,68.0,86
410.0,28,30.0,63.0,84
410.0,24,31.0,56.0,76
417.0,20,33.0,49.0,68
424.0,21,36.0,44.0,70
418.0,18,37.0,44.0,63
414.0,16,35.0,48.0,59
414.0,15,32.0,53.0,57
414.0,32,30.0,62.0,93
423.0,71,29.0,67.0,159
435.0,109,28.0,72.0,179
430.0,93,26.0,75.0,170
427.0,69,25.0,78.0,158
426.0,50,24.0,79.0,137
428.0,54,24.0,78.0,146
422.0,28,24.0,77.0,84
418.0,28,24.0,76.0,84
416.0,32,25.0,75.0,93
416.0,33,25.0,74.0,95
419.0,51,25.0,74.0,139
420.0,53,26.0,72.0,144
419.0,56,26.0,70.0,151
422.0,57,27.0,67.0,152
413.0,48,28.0,67.0,132
424.0,37,28.0,69.0,105
416.0,56,29.0,62.0,151
421.0,49,30.0,59.0,134
416.0,23,31.0,54.0,74
414.0,23,31.0,52.0,74
415.0,24,32.0,53.0,76
418.0,32,32.0,54.0,93
417.0,26,32.0,52.0,80
418.0,30,31.0,57.0,88
414.0,27,30.0,62.0,82
412.0,29,28.0,69.0,86
421.0,32,24.0,79.0,93
420.0,25,24.0,80.0,78
433.0,25,24.0,79.0,78
419.0,30,24.0,79.0,88
418.0,34,24.0,77.0,97
420.0,48,24.0,76.0,132
420.0,68,25.0,76.0,157
421.0,84,25.0,74.0,166
426.0,100,25.0,70.0,174
441.0,85,26.0,67.0,166
436.0,41,27.0,65.0,114
436.0,36,28.0,62.0,102
436.0,35,29.0,58.0,99
426.0,35,30.0,53.0,99
409.0,15,30.0,47.0,57
408.0,13,33.0,41.0,53
412.0,12,35.0,37.0,50
417.0,12,37.0,33.0,50
413.0,9,35.0,34.0,37
413.0,12,32.0,37.0,50
414.0,18,31.0,40.0,63
418.0,43,29.0,49.0,119
426.0,88,27.0,60.0,168
448.0,97,25.0,70.0,172
472.0,101,24.0,74.0,174
514.0,82,23.0,74.0,165
432.0,42,23.0,73.0,117
427.0,44,23.0,72.0,122
423.0,69,23.0,71.0,158
419.0,67,24.0,71.0,157
417.0,56,24.0,71.0,151
416.0,46,24.0,70.0,127
417.0,57,25.0,68.0,152
417.0,58,26.0,64.0,152
418.0,72,26.0,61.0,160
410.0,29,27.0,61.0,86
413.0,22,27.0,59.0,72
405.0,20,28.0,57.0,68
402.0,19,28.0,55.0,65
403.0,21,29.0,52.0,70
408.0,30,30.0,53.0,88
421.0,45,32.0,51.0,124
415.0,41,31.0,55.0,114
419.0,56,31.0,59.0,151
422.0,62,31.0,60.0,154
428.0,63,30.0,66.0,155
431.0,54,28.0,70.0,146
431.0,47,26.0,75.0,129
426.0,49,25.0,78.0,134
441.0,65,25.0,79.0,156
431.0,30,25.0,77.0,88
415.0,23,25.0,76.0,74
414.0,24,25.0,77.0,76
414.0,24,25.0,76.0,76
415.0,26,25.0,76.0,80
415.0,41,26.0,75.0,114
415.0,49,27.0,73.0,134
419.0,58,28.0,71.0,152
407.0,29,28.0,69.0,86
409.0,25,29.0,67.0,78
406.0,29,30.0,63.0,86
408.0,34,31.0,59.0,97
413.0,23,33.0,52.0,74
416.0,19,35.0,44.0,65
414.0,17,36.0,44.0,61
414.0,13,33.0,47.0,53
414.0,19,32.0,50.0,65
418.0,56,30.0,60.0,151
421.0,80,28.0,69.0,164
438.0,91,26.0,77.0,169
477.0,96,25.0,78.0,172
441.0,57,24.0,80.0,152
440.0,58,24.0,80.0,152
429.0,46,25.0,78.0,127
425.0,57,25.0,78.0,152
423.0,54,25.0,77.0,146
421.0,56,25.0,77.0,151
423.0,61,26.0,76.0,154
424.0,72,26.0,75.0,160
422.0,53,27.0,73.0,144
413.0,44,28.0,71.0,122
408.0,28,29.0,63.0,84
407.0,36,28.0,69.0,102
407.0,33,29.0,59.0,95
407.0,37,30.0,53.0,105
411.0,24,33.0,47.0,76
411.0,21,35.0,43.0,70
411.0,15,36.0,39.0,57
410.0,13,34.0,43.0,53
408.0,14,32.0,49.0,55
408.0,15,31.0,52.0,57
413.0,38,29.0,57.0,107
421.0,72,27.0,65.0,160
440.0,79,26.0,73.0,163
450.0,97,24.0,77.0,172
521.0,72,24.0,78.0,160
428.0,50,23.0,79.0,137
424.0,63,23.0,79.0,155
421.0,60,24.0,78.0,153
421.0,60,24.0,76.0,153
418.0,65,24.0,74.0,156
424.0,85,25.0,73.0,166
430.0,86,26.0,71.0,167
428.0,46,27.0,68.0,127
411.0,46,27.0,65.0,127
418.0,32,28.0,64.0,93
411.0,26,28.0,61.0,80
409.0,27,29.0,56.0,82
407.0,26,30.0,48.0,80
409.0,22,32.0,47.0,72
412.0,19,34.0,42.0,65
410.0,18,35.0,40.0,63
410.0,12,34.0,42.0,50
410.0,19,32.0,48.0,65
409.0,14,31.0,49.0,55
411.0,23,29.0,54.0,74
418.0,59,27.0,63.0,153
431.0,112,25.0,73.0,180
467.0,127,24.0,77.0,188
441.0,47,23.0,77.0,129
446.0,41,23.0,77.0,114
428.0,38,23.0,76.0,107
428.0,38,24.0,75.0,107
420.0,38,24.0,73.0,107
423.0,43,25.0,72.0,119
422.0,53,25.0,70.0,144
418.0,53,26.0,68.0,144
417.0,52,26.0,67.0,141
423.0,60,27.0,68.0,153
419.0,39,27.0,67.0,110
419.0,40,28.0,62.0,112
404.0,25,29.0,58.0,78
404.0,30,29.0,54.0,88
412.0,36,32.0,47.0,102
411.0,27,34.0,45.0,82
417.0,23,35.0,43.0,74
416.0,28,34.0,46.0,84
414.0,37,31.0,52.0,105
418.0,64,30.0,59.0,155
420.0,63,29.0,64.0,155
420.0,59,27.0,71.0,153
424.0,58,26.0,74.0,152
429.0,55,24.0,78.0,149
437.0,47,24.0,78.0,129
433.0,37,24.0,77.0,105
423.0,29,24.0,76.0,86
415.0,17,24.0,75.0,61
419.0,27,25.0,74.0,82
414.0,34,25.0,74.0,97
415.0,35,25.0,73.0,99
414.0,47,26.0,72.0,129
414.0,59,26.0,72.0,153
414.0,67,27.0,71.0,157
428.0,59,28.0,70.0,153
418.0,45,29.0,68.0,124
408.0,30,29.0,63.0,88
408.0,28,30.0,58.0,84
415.0,27,33.0,49.0,82
418.0,15,35.0,44.0,57
414.0,17,36.0,45.0,61
412.0,16,34.0,50.0,59
410.0,12,32.0,54.0,50
410.0,19,31.0,56.0,65
416.0,34,30.0,62.0,97
421.0,68,28.0,71.0,157
425.0,95,27.0,77.0,171
444.0,78,25.0,81.0,163
475.0,67,25.0,82.0,157
431.0,62,24.0,82.0,154
428.0,49,25.0,82.0,134
422.0,44,25.0,81.0,122
417.0,38,26.0,80.0,107
410.0,38,26.0,79.0,107
417.0,47,26.0,78.0,129
413.0,59,27.0,76.0,153
406.0,45,28.0,74.0,124
396.0,22,28.0,73.0,72
396.0,27,29.0,72.0,82
395.0,31,29.0,69.0,91
398.0,32,30.0,65.0,93
402.0,31,31.0,56.0,91
406.0,23,33.0,49.0,74
409.0,16,37.0,44.0,59
408.0,18,35.0,48.0,63
406.0,15,33.0,52.0,57
408.0,17,32.0,54.0,61
410.0,47,30.0,61.0,129
411.0,53,29.0,71.0,144
422.0,79,27.0,81.0,163
423.0,85,25.0,85.0,166
435.0,59,25.0,86.0,153
430.0,63,25.0,86.0,155
420.0,52,25.0,84.0,141
420.0,47,26.0,83.0,129
417.0,52,26.0,82.0,141
419.0,72,26.0,81.0,160
426.0,77,27.0,81.0,162
409.0,33,28.0,78.0,95
403.0,19,28.0,76.0,65
401.0,18,28.0,75.0,63
402.0,19,29.0,73.0,65
405.0,16,29.0,68.0,59
408.0,20,30.0,62.0,68
402.0,24,31.0,59.0,76
405.0,19,33.0,53.0,65
407.0,14,36.0,49.0,55
407.0,12,36.0,48.0,50
410.0,13,35.0,52.0,53
406.0,12,33.0,57.0,50
406.0,17,32.0,61.0,61
406.0,23,31.0,64.0,74
409.0,27,29.0,71.0,82
429.0,79,28.0,80.0,163
454.0,119,26.0,86.0,184
446.0,154,26.0,87.0,204
430.0,66,26.0,86.0,156
415.0,54,26.0,83.0,146
410.0,39,27.0,82.0,110
400.0,21,27.0,79.0,70
397.0,15,27.0,78.0,57
399.0,18,27.0,77.0,63
398.0,24,27.0,77.0,76
394.0,21,28.0,75.0,70
395.0,13,28.0,74.0,53
397.0,18,28.0,75.0,63
401.0,19,28.0,76.0,65
400.0,22,29.0,75.0,72
400.0,23,30.0,69.0,74
403.0,24,32.0,63.0,76
411.0,17,34.0,56.0,61
411.0,17,36.0,52.0,61
406.0,19,34.0,55.0,65
407.0,20,32.0,64.0,68
408.0,36,30.0,70.0,102
415.0,64,29.0,74.0,155
409.0,47,29.0,79.0,129
418.0,37,27.0,85.0,105
426.0,36,26.0,87.0,102
431.0,45,26.0,89.0,124
422.0,39,26.0,89.0,110
418.0,37,26.0,89.0,105
419.0,65,26.0,88.0,156
418.0,71,27.0,85.0,159
411.0,44,27.0,82.0,122
404.0,29,27.0,82.0,86
399.0,24,28.0,80.0,76
397.0,59,28.0,77.0,153
397.0,15,29.0,71.0,57
402.0,22,29.0,67.0,72
403.0,15,30.0,65.0,57
404.0,20,31.0,66.0,68
404.0,24,32.0,62.0,76
405.0,14,35.0,51.0,55
405.0,12,36.0,50.0,50
405.0,12,35.0,51.0,50
403.0,10,33.0,56.0,41
407.0,13,32.0,61.0,53
408.0,28,30.0,64.0,84
415.0,58,29.0,72.0,152
419.0,58,27.0,81.0,152
425.0,43,26.0,85.0,119
426.0,44,26.0,84.0,122
420.0,51,25.0,84.0,139
414.0,36,26.0,83.0,102
409.0,24,26.0,82.0,76
407.0,17,26.0,81.0,61
410.0,24,26.0,79.0,76
411.0,41,27.0,77.0,114
417.0,61,27.0,75.0,154
406.0,30,28.0,73.0,88
402.0,29,28.0,71.0,86
398.0,29,29.0,68.0,86
399.0,36,29.0,68.0,102
399.0,34,30.0,67.0,97
404.0,37,31.0,61.0,105
406.0,51,34.0,52.0,139
406.0,17,36.0,45.0,61
407.0,14,37.0,44.0,55
405.0,17,36.0,48.0,61
407.0,19,33.0,53.0,65
415.0,42,32.0,60.0,117
422.0,86,30.0,68.0,167
421.0,83,29.0,71.0,165
446.0,72,27.0,77.0,160
448.0,63,26.0,80.0,155
426.0,50,25.0,81.0,137
423.0,36,25.0,81.0,102
416.0,36,25.0,81.0,102
416.0,48,26.0,80.0,132
416.0,70,26.0,79.0,158
416.0,72,26.0,79.0,160
415.0,80,27.0,77.0,164
413.0,79,27.0,74.0,163
408.0,90,28.0,72.0,169
412.0,92,28.0,70.0,170
410.0,88,29.0,67.0,168
426.0,67,30.0,57.0,157
420.0,40,31.0,51.0,112
403.0,44,32.0,46.0,122
403.0,15,34.0,42.0,57
417.0,23,36.0,44.0,74
411.0,19,37.0,43.0,65
409.0,24,35.0,48.0,76
408.0,30,33.0,54.0,88
410.0,33,32.0,56.0,95
411.0,42,30.0,60.0,117
411.0,44,29.0,71.0,122
414.0,53,27.0,79.0,144
417.0,46,25.0,84.0,127
434.0,52,25.0,85.0,141
427.0,46,25.0,85.0,127
419.0,42,25.0,84.0,117
421.0,64,25.0,83.0,155
430.0,107,26.0,82.0,178
429.0,106,26.0,81.0,177
419.0,71,27.0,82.0,159
406.0,42,28.0,81.0,117
402.0,28,28.0,81.0,84
400.0,21,28.0,79.0,70
402.0,22,28.0,77.0,72
401.0,16,29.0,75.0,59
403.0,18,29.0,71.0,63
403.0,17,30.0,66.0,61
405.0,19,33.0,57.0,65
406.0,16,35.0,55.0,59
408.0,10,35.0,55.0,41
410.0,12,33.0,60.0,50
410.0,14,32.0,61.0,55
412.0,13,32.0,63.0,53
410.0,12,31.0,65.0,50
408.0,11,29.0,69.0,45
411.0,37,28.0,75.0,105
423.0,40,26.0,83.0,112
432.0,39,26.0,85.0,110
424.0,24,26.0,84.0,76
418.0,26,26.0,83.0,80
419.0,28,26.0,84.0,84
413.0,17,26.0,81.0,61
409.0,30,26.0,80.0,88
408.0,34,26.0,80.0,97
406.0,27,27.0,77.0,82
405.0,29,27.0,73.0,86
404.0,19,28.0,67.0,65
412.0,22,28.0,67.0,72
408.0,20,29.0,70.0,68
409.0,17,30.0,65.0,61
406.0,19,30.0,64.0,65
409.0,19,32.0,54.0,65
413.0,14,35.0,47.0,55
416.0,13,36.0,47.0,53
415.0,19,34.0,54.0,65
411.0,13,32.0,58.0,53
413.0,17,31.0,62.0,61
417.0,24,30.0,69.0,76
434.0,80,28.0,79.0,164
438.0,76,26.0,88.0,162
461.0,75,25.0,90.0,161
486.0,118,25.0,91.0,183
477.0,151,25.0,90.0,201
459.0,122,25.0,89.0,185
451.0,124,25.0,89.0,186
442.0,77,25.0,87.0,162
442.0,46,26.0,87.0,127
427.0,41,26.0,87.0,114
425.0,37,26.0,86.0,105
421.0,38,26.0,85.0,107
415.0,31,26.0,83.0,91
435.0,47,27.0,82.0,129
435.0,85,27.0,81.0,166
425.0,49,28.0,78.0,134
409.0,20,28.0,75.0,68
411.0,24,29.0,75.0,76
420.0,27,29.0,76.0,82
418.0,30,30.0,74.0,88
418.0,15,28.0,84.0,57
428.0,25,29.0,77.0,78
414.0,23,29.0,77.0,74
406.0,16,27.0,84.0,59
416.0,45,28.0,76.0,124
429.0,75,27.0,79.0,161
459.0,149,26.0,86.0,199
468.0,151,25.0,86.0,201
463.0,115,25.0,85.0,182
444.0,100,26.0,85.0,174
429.0,46,26.0,85.0,127
411.0,23,27.0,84.0,74
408.0,37,27.0,82.0,105
407.0,26,27.0,81.0,80
406.0,14,27.0,80.0,55
406.0,17,27.0,80.0,61
406.0,20,28.0,79.0,68
405.0,15,28.0,78.0,57
406.0,15,28.0,76.0,57
406.0,14,28.0,74.0,55
407.0,15,29.0,69.0,57
408.0,27,30.0,63.0,82
413.0,46,32.0,57.0,127
412.0,14,33.0,54.0,55
411.0,11,34.0,53.0,45
410.0,11,32.0,58.0,45
409.0,15,31.0,63.0,57
412.0,29,30.0,68.0,86
426.0,76,29.0,74.0,162
431.0,80,27.0,80.0,164
448.0,112,26.0,83.0,180
453.0,88,26.0,83.0,168
442.0,58,26.0,83.0,152
434.0,54,26.0,83.0,146
431.0,62,26.0,82.0,154
429.0,70,26.0,82.0,158
430.0,78,27.0,81.0,163
424.0,70,28.0,80.0,158
410.0,29,28.0,79.0,86
407.0,23,28.0,78.0,74
405.0,15,29.0,75.0,57
405.0,12,29.0,73.0,50
405.0,13,30.0,69.0,53
406.0,19,30.0,63.0,65
410.0,16,33.0,55.0,59
415.0,12,35.0,48.0,50
415.0,13,37.0,48.0,53
412.0,17,35.0,52.0,61
410.0,11,33.0,55.0,45
409.0,11,32.0,57.0,45
410.0,15,31.0,61.0,57
416.0,31,29.0,70.0,91
428.0,78,27.0,81.0,163
441.0,112,26.0,83.0,180
442.0,63,25.0,85.0,155
438.0,54,25.0,84.0,146
432.0,52,25.0,83.0,141
432.0,54,26.0,82.0,146
433.0,79,26.0,83.0,163
428.0,57,27.0,83.0,152
417.0,27,27.0,82.0,82
408.0,18,28.0,80.0,63
410.0,26,28.0,78.0,80
414.0,35,28.0,77.0,99
412.0,46,28.0,76.0,127
416.0,74,29.0,77.0,161
419.0,63,29.0,72.0,155
421.0,44,31.0,62.0,122
423.0,18,31.0,57.0,63
415.0,20,33.0,53.0,68
419.0,15,36.0,47.0,57
414.0,21,34.0,54.0,70
423.0,56,32.0,61.0,151
422.0,54,31.0,61.0,146
421.0,44,31.0,65.0,122
426.0,52,29.0,72.0,141
426.0,61,27.0,79.0,154
429.0,82,26.0,82.0,165
431.0,48,25.0,83.0,132
431.0,42,25.0,83.0,117
427.0,42,25.0,82.0,117
424.0,43,26.0,81.0,119
425.0,56,26.0,80.0,151
424.0,67,26.0,78.0,157
430.0,94,27.0,77.0,171
429.0,79,28.0,75.0,163
416.0,48,29.0,74.0,132
415.0,45,29.0,72.0,124
420.0,37,29.0,68.0,105
420.0,28,29.0,62.0,84
414.0,30,30.0,55.0,88
408.0,29,31.0,51.0,86
413.0,18,33.0,48.0,63
415.0,16,36.0,44.0,59
414.0,15,37.0,42.0,57
415.0,13,36.0,45.0,53
413.0,17,33.0,49.0,61
422.0,57,32.0,60.0,152
418.0,56,30.0,65.0,151
415.0,47,29.0,71.0,129
423.0,62,27.0,77.0,154
423.0,62,25.0,82.0,154
438.0,60,25.0,84.0,153
433.0,52,25.0,83.0,141
430.0,42,25.0,83.0,117
429.0,49,25.0,83.0,134
424.0,48,26.0,82.0,132
424.0,58,26.0,81.0,152
422.0,59,26.0,80.0,153
422.0,86,27.0,80.0,167
422.0,95,27.0,78.0,171
421.0,80,28.0,74.0,164
409.0,36,29.0,71.0,102
407.0,31,29.0,70.0,91
414.0,28,30.0,63.0,84
413.0,30,31.0,53.0,88
413.0,26,33.0,49.0,80
417.0,24,35.0,47.0,76
418.0,16,37.0,44.0,59
411.0,12,36.0,48.0,50
411.0,12,33.0,54.0,50
416.0,18,32.0,56.0,63
411.0,27,31.0,61.0,82
420.0,78,29.0,72.0,163
421.0,84,27.0,79.0,166
431.0,133,25.0,83.0,191
439.0,58,24.0,84.0,152
438.0,41,25.0,82.0,114
425.0,40,25.0,80.0,112
422.0,34,25.0,80.0,97
417.0,26,25.0,80.0,80
415.0,27,26.0,79.0,82
414.0,35,26.0,78.0,99
415.0,53,26.0,79.0,144
418.0,67,27.0,78.0,157
411.0,23,28.0,74.0,74
407.0,25,29.0,73.0,78
407.0,28,29.0,69.0,84
401.0,38,30.0,65.0,107
424.0,78,28.0,77.0,163
429.0,85,27.0,81.0,166
449.0,95,26.0,84.0,171
455.0,86,25.0,86.0,167
445.0,44,25.0,86.0,122
438.0,45,25.0,84.0,124
425.0,58,26.0,82.0,152
425.0,52,26.0,81.0,141
417.0,42,26.0,79.0,117
413.0,44,27.0,78.0,122
412.0,54,27.0,76.0,146
415.0,72,28.0,75.0,160
421.0,77,28.0,77.0,162
423.0,60,29.0,75.0,153
409.0,54,29.0,74.0,146
409.0,34,30.0,64.0,97
407.0,46,31.0,60.0,127
413.0,25,33.0,56.0,78
414.0,18,35.0,51.0,63
412.0,15,35.0,49.0,57
413.0,14,33.0,54.0,55
420.0,17,32.0,58.0,61
419.0,28,30.0,64.0,84
418.0,48,28.0,74.0,132
431.0,77,26.0,82.0,162
450.0,65,25.0,86.0,156
449.0,56,24.0,87.0,151
448.0,57,25.0,86.0,152
436.0,79,25.0,86.0,163
432.0,55,25.0,86.0,149
436.0,52,25.0,85.0,141
448.0,75,26.0,85.0,161
462.0,105,26.0,84.0,177
419.0,28,27.0,82.0,84
413.0,30,27.0,80.0,88
413.0,28,28.0,79.0,84
414.0,24,28.0,78.0,76
412.0,18,29.0,75.0,63
419.0,32,29.0,69.0,93
473.0,67,25.0,91.0,157
466.0,73,24.0,92.0,160
474.0,51,24.0,91.0,139
454.0,47,24.0,91.0,129
452.0,46,24.0,90.0,127
451.0,60,24.0,90.0,153
447.0,55,25.0,89.0,149
447.0,54,25.0,88.0,146
449.0,57,25.0,87.0,152
440.0,55,25.0,87.0,149
427.0,36,26.0,85.0,102
420.0,31,26.0,83.0,91
418.0,28,26.0,82.0,84
414.0,13,26.0,79.0,53
410.0,16,26.0,81.0,59
410.0,26,28.0,76.0,80
415.0,23,29.0,72.0,74
414.0,23,29.0,73.0,74
411.0,34,28.0,78.0,97
423.0,35,29.0,74.0,99
424.0,41,30.0,70.0,114
430.0,78,30.0,70.0,163
424.0,68,29.0,76.0,157
441.0,109,27.0,81.0,179
455.0,119,26.0,85.0,184
457.0,105,26.0,87.0,177
451.0,94,26.0,87.0,171
445.0,101,26.0,86.0,174
444.0,94,26.0,85.0,171
434.0,57,27.0,84.0,152
435.0,61,27.0,83.0,154
431.0,59,27.0,82.0,153
426.0,45,27.0,81.0,124
417.0,30,28.0,75.0,88
415.0,32,28.0,75.0,93
416.0,66,28.0,79.0,156
411.0,22,28.0,74.0,72
412.0,22,28.0,70.0,72
410.0,28,29.0,67.0,84
416.0,21,31.0,64.0,70
412.0,13,31.0,59.0,53
402.0,14,32.0,57.0,55
410.0,17,31.0,59.0,61
412.0,18,30.0,59.0,63
422.0,42,29.0,68.0,117
428.0,77,27.0,76.0,162
457.0,121,25.0,82.0,185
472.0,115,24.0,83.0,182
468.0,100,25.0,83.0,174
461.0,100,25.0,83.0,174
465.0,105,25.0,81.0,177
444.0,41,26.0,78.0,114
428.0,29,26.0,76.0,86
410.0,19,27.0,75.0,65
410.0,22,28.0,77.0,72
411.0,30,28.0,75.0,88
412.0,25,28.0,74.0,78
413.0,18,28.0,71.0,63
409.0,19,29.0,67.0,65
400.0,18,29.0,62.0,63
409.0,15,31.0,55.0,57
415.0,20,30.0,58.0,68
410.0,26,29.0,63.0,80
421.0,76,27.0,76.0,162
435.0,114,25.0,81.0,181
444.0,102,24.0,83.0,175
438.0,81,24.0,83.0,164
440.0,89,25.0,81.0,168
433.0,72,25.0,80.0,160
427.0,61,25.0,79.0,154
428.0,67,26.0,78.0,157
430.0,75,26.0,77.0,161
449.0,106,27.0,76.0,177
419.0,56,28.0,73.0,151
408.0,23,28.0,70.0,74
410.0,19,29.0,67.0,65
415.0,25,29.0,62.0,78
402.0,24,30.0,51.0,76
431.0,82,29.0,71.0,165
440.0,111,27.0,79.0,180
459.0,124,25.0,84.0,186
468.0,106,25.0,85.0,177
448.0,59,25.0,84.0,153
433.0,53,25.0,83.0,144
433.0,51,25.0,82.0,139
430.0,60,26.0,81.0,153
434.0,70,26.0,80.0,158
442.0,98,27.0,79.0,173
429.0,48,27.0,78.0,132
413.0,34,28.0,75.0,97
408.0,29,28.0,74.0,86
413.0,28,29.0,71.0,84
417.0,24,30.0,66.0,76
415.0,30,30.0,67.0,88
402.0,26,31.0,62.0,80
411.0,20,32.0,60.0,68
413.0,28,30.0,64.0,84
418.0,40,29.0,71.0,112
429.0,85,27.0,80.0,166
449.0,98,26.0,85.0,173
447.0,59,25.0,85.0,153
444.0,50,25.0,84.0,137
430.0,44,26.0,82.0,122
431.0,50,26.0,83.0,137
435.0,69,26.0,82.0,158
450.0,101,27.0,81.0,174
420.0,34,28.0,79.0,97
406.0,26,28.0,77.0,80
412.0,36,29.0,76.0,102
409.0,23,29.0,74.0,74
413.0,27,29.0,70.0,82
415.0,24,30.0,66.0,76
407.0,33,30.0,64.0,95
437.0,76,27.0,78.0,162
449.0,94,25.0,83.0,171
461.0,79,25.0,84.0,163
446.0,64,25.0,84.0,155
446.0,78,25.0,83.0,163
445.0,94,25.0,82.0,171
445.0,104,26.0,81.0,176
444.0,120,26.0,80.0,184
409.0,23,28.0,77.0,74
409.0,20,28.0,76.0,68
415.0,30,28.0,72.0,88
407.0,24,29.0,69.0,76
406.0,21,29.0,68.0,70
410.0,34,30.0,61.0,97
408.0,27,31.0,55.0,82
398.0,19,31.0,50.0,65
421.0,59,31.0,59.0,153
422.0,50,30.0,63.0,137
425.0,53,28.0,73.0,144
423.0,40,27.0,80.0,112
433.0,44,26.0,85.0,122
444.0,62,25.0,86.0,154
447.0,62,25.0,87.0,154
447.0,64,25.0,85.0,155
440.0,59,25.0,85.0,153
441.0,61,26.0,85.0,154
433.0,41,26.0,86.0,114
414.0,22,27.0,85.0,72
408.0,23,27.0,85.0,74
406.0,22,28.0,81.0,72
408.0,23,28.0,78.0,74
407.0,19,29.0,76.0,65
407.0,20,29.0,74.0,68
414.0,34,31.0,62.0,97
411.0,31,30.0,70.0,91
413.0,42,33.0,55.0,117
418.0,23,36.0,48.0,74
416.0,17,36.0,46.0,61
416.0,15,36.0,48.0,57
414.0,14,33.0,55.0,55
417.0,19,32.0,58.0,65
418.0,27,31.0,64.0,82
419.0,41,29.0,73.0,114
426.0,62,28.0,81.0,154
451.0,111,26.0,85.0,180
465.0,78,25.0,85.0,163
466.0,65,25.0,86.0,156
443.0,67,25.0,84.0,157
442.0,71,26.0,84.0,159
445.0,75,26.0,84.0,161
450.0,106,27.0,82.0,177
443.0,89,27.0,80.0,168
435.0,76,27.0,79.0,162
423.0,57,28.0,79.0,152
421.0,57,28.0,77.0,152
430.0,76,29.0,74.0,162
423.0,78,29.0,72.0,163
427.0,42,30.0,65.0,117
427.0,38,31.0,58.0,107
414.0,28,33.0,49.0,84
417.0,25,35.0,49.0,78
423.0,50,33.0,56.0,137
423.0,49,31.0,62.0,134
420.0,50,30.0,67.0,137
422.0,55,28.0,73.0,149
425.0,58,26.0,77.0,152
430.0,57,25.0,81.0,152
445.0,40,24.0,82.0,112
439.0,33,24.0,81.0,95
434.0,42,25.0,81.0,117
428.0,41,25.0,81.0,114
429.0,64,25.0,80.0,155
429.0,84,25.0,78.0,166
435.0,80,26.0,76.0,164
448.0,100,26.0,75.0,174
445.0,90,27.0,74.0,169
459.0,95,28.0,74.0,171
443.0,97,29.0,72.0,172
436.0,93,29.0,69.0,170
426.0,76,30.0,57.0,162
421.0,76,31.0,49.0,162
424.0,27,33.0,47.0,82
432.0,18,35.0,41.0,63
417.0,18,34.0,43.0,63
421.0,25,35.0,46.0,78
426.0,64,32.0,58.0,155
427.0,63,31.0,63.0,155
417.0,47,30.0,64.0,129
418.0,53,28.0,74.0,144
427.0,68,26.0,81.0,157
436.0,66,25.0,82.0,156
467.0,69,25.0,84.0,158
462.0,64,24.0,84.0,155
446.0,75,25.0,84.0,161
443.0,99,25.0,84.0,173
444.0,97,25.0,83.0,172
458.0,134,26.0,81.0,191
442.0,93,26.0,80.0,170
429.0,42,27.0,78.0,117
420.0,33,28.0,76.0,95
450.0,47,28.0,71.0,129
458.0,54,28.0,68.0,146
443.0,46,29.0,64.0,127
422.0,30,30.0,59.0,88
412.0,45,31.0,55.0,124
411.0,18,32.0,49.0,63
415.0,11,35.0,42.0,45
422.0,12,36.0,42.0,50
422.0,11,35.0,46.0,45
415.0,16,32.0,54.0,59
420.0,30,31.0,62.0,88
437.0,75,30.0,67.0,161
428.0,83,28.0,73.0,165
464.0,79,26.0,79.0,163
475.0,72,25.0,81.0,160
503.0,56,25.0,81.0,151
450.0,62,24.0,81.0,154
436.0,51,24.0,81.0,139
430.0,50,25.0,80.0,137
423.0,39,25.0,78.0,110
420.0,41,25.0,77.0,114
423.0,47,26.0,76.0,129
423.0,54,26.0,75.0,146
415.0,44,27.0,78.0,122
413.0,27,28.0,73.0,82
401.0,21,29.0,70.0,70
406.0,39,29.0,65.0,110
413.0,24,30.0,58.0,76
414.0,27,32.0,51.0,82
420.0,25,34.0,47.0,78
421.0,32,35.0,48.0,93
412.0,23,35.0,50.0,74
410.0,30,32.0,56.0,88
418.0,84,31.0,67.0,166
433.0,109,30.0,73.0,179
416.0,75,29.0,75.0,161
428.0,65,27.0,79.0,156
434.0,97,26.0,81.0,172
444.0,81,25.0,83.0,164
431.0,66,25.0,83.0,156
427.0,51,25.0,81.0,139
429.0,57,25.0,81.0,152
430.0,65,26.0,80.0,156
429.0,74,27.0,79.0,161
419.0,52,27.0,79.0,141
406.0,24,28.0,79.0,76
406.0,28,28.0,78.0,84
410.0,47,28.0,75.0,129
408.0,38,29.0,75.0,107
407.0,40,29.0,74.0,112
404.0,61,30.0,68.0,154
408.0,40,31.0,62.0,112
415.0,51,34.0,50.0,139
411.0,53,36.0,45.0,144
415.0,42,37.0,44.0,117
407.0,17,36.0,45.0,61
405.0,9,34.0,50.0,37
405.0,11,32.0,52.0,45
408.0,18,31.0,56.0,63
418.0,42,29.0,66.0,117
419.0,55,27.0,77.0,149
436.0,58,26.0,84.0,152
449.0,60,26.0,83.0,153
450.0,47,26.0,83.0,129
434.0,74,25.0,83.0,161
429.0,71,26.0,82.0,159
422.0,63,27.0,81.0,155
431.0,92,27.0,79.0,170
399.0,22,28.0,76.0,72
399.0,21,29.0,74.0,70
398.0,17,29.0,72.0,61
400.0,24,30.0,69.0,76
403.0,35,31.0,62.0,99
402.0,32,33.0,51.0,93
402.0,13,34.0,48.0,53
404.0,12,36.0,45.0,50
405.0,13,35.0,46.0,53
407.0,13,33.0,49.0,53
406.0,15,32.0,52.0,57
411.0,47,30.0,61.0,129
420.0,91,29.0,73.0,169
424.0,79,27.0,81.0,163
444.0,82,26.0,83.0,165
443.0,89,25.0,83.0,168
438.0,52,25.0,83.0,141
428.0,61,26.0,82.0,154
421.0,41,26.0,81.0,114
418.0,37,26.0,81.0,105
422.0,46,27.0,81.0,127
397.0,22,28.0,77.0,72
407.0,16,29.0,73.0,59
397.0,14,29.0,70.0,55
396.0,12,29.0,69.0,50
396.0,15,30.0,66.0,57
396.0,25,30.0,60.0,78
401.0,12,32.0,54.0,50
404.0,12,35.0,46.0,50
407.0,11,36.0,47.0,45
401.0,9,35.0,52.0,37
399.0,10,33.0,55.0,41
399.0,12,31.0,60.0,50
402.0,16,31.0,63.0,59
405.0,29,30.0,69.0,86
445.0,114,27.0,83.0,181
423.0,72,28.0,79.0,160
469.0,73,26.0,84.0,160
456.0,76,26.0,85.0,162
448.0,84,26.0,85.0,166
441.0,81,26.0,84.0,164
451.0,100,27.0,83.0,174
458.0,94,27.0,82.0,171
456.0,68,28.0,80.0,157
435.0,44,28.0,79.0,122
416.0,43,29.0,78.0,119
407.0,32,29.0,77.0,93
422.0,46,30.0,74.0,127
421.0,50,30.0,70.0,137
431.0,46,31.0,62.0,127
402.0,30,31.0,58.0,88
402.0,18,34.0,54.0,63
404.0,12,36.0,47.0,50
408.0,16,36.0,48.0,59
408.0,12,35.0,51.0,50
411.0,28,33.0,58.0,84
421.0,81,31.0,69.0,164
411.0,66,30.0,70.0,156
423.0,76,28.0,77.0,162
428.0,77,27.0,82.0,162
427.0,60,26.0,85.0,153
460.0,49,26.0,84.0,134
439.0,39,26.0,85.0,110
438.0,46,25.0,85.0,127
429.0,50,26.0,83.0,137
430.0,58,26.0,82.0,152
431.0,68,26.0,81.0,157
427.0,70,26.0,80.0,158
427.0,87,27.0,79.0,167
437.0,101,27.0,78.0,174
431.0,80,28.0,80.0,164
411.0,51,29.0,78.0,139
433.0,69,29.0,72.0,158
417.0,45,29.0,67.0,124
401.0,35,30.0,63.0,99
402.0,25,32.0,55.0,78
401.0,18,32.0,53.0,63
402.0,15,32.0,53.0,57
403.0,13,33.0,51.0,53
404.0,19,31.0,57.0,65
408.0,35,31.0,61.0,99
417.0,74,30.0,68.0,161
420.0,88,28.0,77.0,168
427.0,72,27.0,81.0,160
428.0,45,26.0,82.0,124
432.0,32,26.0,83.0,93
429.0,22,26.0,83.0,72
424.0,26,26.0,82.0,80
419.0,27,26.0,82.0,82
422.0,47,26.0,81.0,129
422.0,56,26.0,80.0,151
417.0,42,27.0,79.0,117
421.0,49,28.0,79.0,134
412.0,36,28.0,77.0,102
398.0,22,29.0,76.0,72
399.0,26,29.0,76.0,80
393.0,19,29.0,73.0,65
394.0,19,30.0,72.0,65
397.0,21,31.0,68.0,70
399.0,26,33.0,59.0,80
413.0,22,37.0,48.0,72
411.0,15,37.0,46.0,57
409.0,9,37.0,47.0,37
403.0,10,33.0,57.0,41
404.0,17,32.0,59.0,61
408.0,25,31.0,63.0,78
417.0,47,29.0,74.0,129
426.0,60,28.0,82.0,153
448.0,100,27.0,86.0,174
470.0,72,26.0,87.0,160
456.0,54,26.0,87.0,146
444.0,60,26.0,87.0,153
441.0,79,26.0,86.0,163
455.0,100,27.0,85.0,174
448.0,70,27.0,84.0,158
432.0,40,28.0,84.0,112
421.0,24,28.0,82.0,76
423.0,37,29.0,81.0,105
416.0,20,29.0,78.0,68
407.0,18,29.0,76.0,63
409.0,16,29.0,73.0,59
409.0,22,30.0,68.0,72
408.0,29,31.0,66.0,86
411.0,24,33.0,59.0,76
414.0,26,36.0,51.0,80
420.0,11,37.0,49.0,45
417.0,13,36.0,52.0,53
415.0,9,33.0,57.0,37
415.0,12,32.0,61.0,50
414.0,12,31.0,64.0,50
414.0,21,30.0,70.0,70
422.0,58,28.0,80.0,152
444.0,93,27.0,85.0,170
469.0,98,26.0,87.0,173
460.0,64,26.0,86.0,155
453.0,55,26.0,86.0,149
453.0,52,26.0,85.0,141
463.0,61,27.0,85.0,154
459.0,66,27.0,84.0,156
468.0,75,28.0,84.0,161
434.0,57,28.0,80.0,152
429.0,62,28.0,79.0,154
434.0,66,29.0,81.0,156
418.0,67,29.0,80.0,157
423.0,52,29.0,78.0,141
411.0,32,30.0,74.0,93
417.0,37,31.0,65.0,105
414.0,20,33.0,62.0,68
416.0,20,35.0,56.0,68
422.0,11,36.0,51.0,45
413.0,9,35.0,49.0,37
413.0,9,34.0,51.0,37
413.0,14,32.0,55.0,55
422.0,60,30.0,66.0,153
427.0,66,29.0,76.0,156
441.0,98,27.0,83.0,173
471.0,126,26.0,87.0,187
484.0,93,26.0,87.0,170
502.0,85,26.0,87.0,166
460.0,80,26.0,86.0,164
463.0,98,26.0,84.0,173
461.0,94,26.0,82.0,171
462.0,88,27.0,80.0,168
467.0,56,27.0,80.0,151
471.0,43,28.0,79.0,119
442.0,50,28.0,77.0,137
423.0,19,29.0,75.0,65
415.0,18,29.0,74.0,63
412.0,16,29.0,73.0,59
413.0,32,30.0,67.0,93
408.0,36,31.0,64.0,102
412.0,66,32.0,57.0,156
420.0,245,34.0,52.0,295
414.0,13,34.0,53.0,53
412.0,11,33.0,56.0,45
412.0,11,32.0,62.0,45
413.0,18,30.0,71.0,63
426.0,64,29.0,79.0,155
433.0,80,28.0,86.0,164
451.0,87,27.0,91.0,167
477.0,35,26.0,91.0,99
460.0,18,26.0,91.0,63
432.0,14,27.0,89.0,55
421.0,14,27.0,88.0,55
429.0,25,27.0,87.0,78
420.0,31,27.0,86.0,91
426.0,33,28.0,86.0,95
423.0,40,28.0,84.0,112
423.0,44,29.0,84.0,122
412.0,27,29.0,83.0,82
410.0,16,29.0,81.0,59
410.0,24,29.0,76.0,76
422.0,30,30.0,72.0,88
413.0,29,31.0,67.0,86
412.0,13,32.0,62.0,53
416.0,13,35.0,58.0,53
421.0,11,36.0,58.0,45
418.0,12,34.0,64.0,50
413.0,9,32.0,74.0,37
411.0,7,30.0,78.0,29
412.0,8,29.0,82.0,33
417.0,14,27.0,89.0,55
419.0,9,26.0,93.0,37
422.0,8,26.0,93.0,33
419.0,8,26.0,93.0,33
416.0,10,26.0,93.0,41
414.0,12,26.0,93.0,50
436.0,24,27.0,93.0,76
433.0,25,27.0,91.0,78
430.0,31,27.0,88.0,91
447.0,31,27.0,90.0,91
420.0,20,28.0,87.0,68
419.0,25,28.0,86.0,78
418.0,35,28.0,85.0,99
416.0,18,28.0,84.0,63
421.0,18,29.0,81.0,63
413.0,29,29.0,78.0,86
413.0,29,30.0,75.0,86
418.0,15,31.0,69.0,57
417.0,10,33.0,62.0,41
421.0,9,32.0,66.0,37
417.0,19,31.0,72.0,65
416.0,23,30.0,78.0,74
417.0,44,29.0,82.0,122
417.0,39,28.0,88.0,110
424.0,41,27.0,91.0,114
417.0,19,26.0,90.0,65
411.0,19,26.0,89.0,65
412.0,33,26.0,89.0,95
448.0,73,26.0,86.0,160
465.0,85,27.0,84.0,166
476.0,104,28.0,81.0,176
425.0,47,28.0,79.0,129
408.0,24,28.0,80.0,76
414.0,32,29.0,76.0,93
414.0,27,29.0,73.0,82
423.0,39,30.0,71.0,110
419.0,30,30.0,67.0,88
418.0,33,31.0,60.0,95
409.0,40,31.0,54.0,112
411.0,28,33.0,46.0,84
415.0,15,37.0,41.0,57
417.0,15,36.0,44.0,57
421.0,50,33.0,58.0,137
420.0,67,32.0,65.0,157
418.0,59,30.0,68.0,153
420.0,56,29.0,74.0,151
421.0,71,27.0,79.0,159
440.0,74,26.0,82.0,161
453.0,62,25.0,84.0,154
452.0,59,25.0,84.0,153
456.0,72,25.0,83.0,160
456.0,89,25.0,82.0,168
451.0,78,26.0,81.0,163
457.0,92,26.0,79.0,170
457.0,93,27.0,77.0,170
422.0,36,28.0,77.0,102
408.0,28,28.0,75.0,84
412.0,26,29.0,69.0,80
425.0,31,29.0,64.0,91
432.0,45,30.0,58.0,124
434.0,58,31.0,51.0,152
414.0,41,31.0,46.0,114
411.0,25,34.0,43.0,78
419.0,22,36.0,41.0,72
421.0,16,37.0,42.0,59
416.0,22,36.0,48.0,72
412.0,22,33.0,55.0,72
414.0,32,32.0,59.0,93
415.0,43,30.0,64.0,119
423.0,70,29.0,72.0,158
431.0,79,27.0,77.0,163
490.0,158,26.0,85.0,208
482.0,131,25.0,85.0,190
484.0,121,25.0,84.0,185
471.0,123,25.0,84.0,186
460.0,127,26.0,82.0,188
444.0,93,26.0,80.0,170
437.0,67,27.0,78.0,157
440.0,76,27.0,77.0,162
438.0,70,27.0,76.0,158
443.0,71,28.0,73.0,159
421.0,60,28.0,70.0,153
418.0,51,29.0,68.0,139
432.0,50,29.0,65.0,137
426.0,48,30.0,60.0,132
420.0,54,31.0,55.0,146
410.0,26,33.0,53.0,80
411.0,19,35.0,49.0,65
419.0,19,36.0,48.0,65
416.0,25,35.0,53.0,78
416.0,37,33.0,61.0,105
415.0,42,32.0,67.0,117
421.0,53,30.0,73.0,144
425.0,79,29.0,77.0,163
425.0,73,27.0,82.0,160
457.0,141,26.0,85.0,195
480.0,130,26.0,86.0,189
476.0,104,25.0,85.0,176
464.0,93,26.0,84.0,170
452.0,85,26.0,83.0,166
452.0,70,26.0,83.0,158
448.0,60,27.0,83.0,153
431.0,41,27.0,81.0,114
419.0,30,27.0,79.0,88
405.0,28,28.0,78.0,84
403.0,24,28.0,76.0,76
407.0,24,29.0,72.0,76
411.0,20,29.0,68.0,68
411.0,26,30.0,64.0,80
408.0,21,31.0,56.0,70
408.0,22,33.0,45.0,72
412.0,14,35.0,41.0,55
415.0,10,36.0,43.0,41
415.0,15,35.0,51.0,57
412.0,12,33.0,53.0,50
412.0,20,31.0,61.0,68
415.0,39,30.0,71.0,110
417.0,42,29.0,71.0,117
431.0,59,27.0,75.0,153
474.0,124,26.0,84.0,186
488.0,112,25.0,86.0,180
468.0,79,25.0,85.0,163
460.0,73,25.0,83.0,160
455.0,72,26.0,82.0,160
442.0,67,26.0,81.0,157
435.0,47,27.0,80.0,129
430.0,33,27.0,79.0,95
413.0,30,28.0,77.0,88
407.0,21,28.0,75.0,70
403.0,19,28.0,72.0,65
403.0,19,28.0,74.0,65
401.0,16,29.0,71.0,59
405.0,21,29.0,68.0,70
405.0,25,30.0,63.0,78
405.0,23,31.0,58.0,74
413.0,24,33.0,54.0,76
415.0,21,35.0,52.0,70
413.0,21,34.0,57.0,70
413.0,30,32.0,64.0,88
415.0,32,31.0,65.0,93
425.0,66,30.0,71.0,156
425.0,80,29.0,77.0,164
430.0,61,27.0,83.0,154
457.0,68,26.0,85.0,157
468.0,49,26.0,85.0,134
465.0,34,26.0,86.0,97
473.0,52,26.0,87.0,141
482.0,55,26.0,86.0,149
431.0,20,27.0,85.0,68
416.0,19,27.0,83.0,65
416.0,25,27.0,82.0,78
415.0,34,28.0,81.0,97
418.0,32,28.0,78.0,93
420.0,30,29.0,75.0,88
456.0,33,29.0,73.0,95
462.0,30,30.0,70.0,88
419.0,25,30.0,68.0,78
411.0,24,30.0,65.0,76
412.0,28,32.0,59.0,84
415.0,17,34.0,54.0,61
418.0,30,35.0,54.0,88
412.0,16,34.0,55.0,59
412.0,15,32.0,60.0,57
415.0,31,32.0,62.0,91
417.0,28,30.0,67.0,84
419.0,48,29.0,77.0,132
427.0,36,27.0,82.0,102
445.0,33,26.0,87.0,95
457.0,34,25.0,88.0,97
452.0,24,25.0,87.0,76
453.0,33,25.0,87.0,95
445.0,39,25.0,87.0,110
443.0,50,26.0,87.0,137
451.0,68,26.0,86.0,157
457.0,85,26.0,85.0,166
460.0,91,27.0,84.0,169
462.0,91,27.0,82.0,169
449.0,64,28.0,80.0,155
434.0,56,28.0,77.0,151
462.0,70,29.0,77.0,158
465.0,62,29.0,73.0,154
428.0,54,30.0,66.0,146
420.0,55,31.0,64.0,149
421.0,23,32.0,62.0,74
413.0,17,32.0,62.0,61
411.0,27,32.0,65.0,82
422.0,52,31.0,69.0,141
418.0,49,31.0,72.0,134
421.0,42,30.0,78.0,117
426.0,52,28.0,81.0,141
426.0,38,27.0,85.0,107
436.0,37,26.0,89.0,105
456.0,28,25.0,90.0,84
461.0,26,25.0,90.0,80
445.0,25,25.0,89.0,78
442.0,29,26.0,88.0,86
433.0,28,26.0,88.0,84
429.0,32,26.0,87.0,93
428.0,55,27.0,85.0,149
426.0,37,26.0,86.0,105
429.0,72,27.0,86.0,160
429.0,72,28.0,84.0,160
433.0,56,28.0,81.0,151
423.0,29,29.0,76.0,86
433.0,33,29.0,76.0,95
416.0,24,29.0,75.0,76
423.0,30,30.0,71.0,88
425.0,55,31.0,70.0,149
425.0,64,32.0,69.0,155
421.0,49,33.0,64.0,134
424.0,34,33.0,64.0,97
417.0,36,32.0,66.0,102
417.0,33,31.0,71.0,95
420.0,35,29.0,77.0,99
432.0,47,27.0,83.0,129
449.0,51,26.0,87.0,139
444.0,33,25.0,88.0,95
440.0,27,25.0,87.0,82
429.0,27,26.0,86.0,82
434.0,40,26.0,85.0,112
431.0,51,26.0,84.0,139
425.0,47,26.0,83.0,129
430.0,65,27.0,82.0,156
434.0,75,27.0,80.0,161
439.0,82,28.0,77.0,165
448.0,62,29.0,75.0,154
421.0,59,29.0,71.0,153
459.0,57,30.0,67.0,152
437.0,50,31.0,63.0,137
415.0,26,31.0,59.0,80
405.0,16,33.0,51.0,59
410.0,13,36.0,46.0,53
412.0,13,37.0,46.0,53
409.0,11,36.0,48.0,45
409.0,11,33.0,56.0,45
409.0,17,32.0,61.0,61
412.0,24,30.0,68.0,76
424.0,49,29.0,76.0,134
418.0,45,27.0,80.0,124
450.0,50,26.0,84.0,137
444.0,39,25.0,85.0,110
458.0,37,25.0,86.0,105
439.0,38,26.0,86.0,107
433.0,39,26.0,85.0,110
440.0,42,26.0,85.0,117
428.0,38,27.0,83.0,107
415.0,22,27.0,81.0,72
415.0,27,28.0,81.0,82
406.0,26,28.0,80.0,80
411.0,25,28.0,78.0,78
403.0,23,28.0,75.0,74
403.0,16,29.0,73.0,59
400.0,13,29.0,71.0,53
400.0,14,30.0,67.0,55
405.0,15,32.0,61.0,57
407.0,12,35.0,53.0,50
409.0,10,36.0,52.0,41
408.0,8,35.0,52.0,33
406.0,8,33.0,55.0,33
405.0,10,32.0,58.0,41
408.0,11,31.0,61.0,45
415.0,30,29.0,71.0,88
449.0,59,27.0,82.0,153
519.0,85,26.0,88.0,166
528.0,206,25.0,88.0,256
520.0,56,25.0,88.0,151
473.0,57,25.0,89.0,152
468.0,64,26.0,88.0,155
460.0,60,26.0,87.0,153
448.0,29,26.0,85.0,86
415.0,15,27.0,83.0,57
410.0,14,27.0,82.0,55
407.0,14,27.0,80.0,55
404.0,19,28.0,78.0,65
404.0,13,28.0,78.0,53
403.0,12,28.0,77.0,50
402.0,11,28.0,77.0,45
402.0,12,29.0,75.0,50
402.0,13,30.0,70.0,53
406.0,9,32.0,63.0,37
410.0,7,34.0,59.0,29
408.0,8,33.0,61.0,33
406.0,6,32.0,66.0,25
405.0,6,30.0,71.0,25
404.0,14,29.0,79.0,55
417.0,18,28.0,87.0,63
426.0,46,26.0,93.0,127
465.0,84,26.0,91.0,166
485.0,72,25.0,91.0,160
479.0,60,25.0,91.0,153
466.0,61,25.0,90.0,154
461.0,64,26.0,89.0,155
456.0,70,26.0,89.0,158
446.0,45,26.0,87.0,124
427.0,55,27.0,86.0,149
405.0,22,27.0,81.0,72
410.0,25,27.0,83.0,78
409.0,20,27.0,82.0,68
411.0,21,28.0,80.0,70
417.0,30,28.0,81.0,88
421.0,43,28.0,81.0,119
421.0,42,29.0,78.0,117
414.0,33,29.0,77.0,95
413.0,33,29.0,75.0,95
412.0,34,30.0,75.0,97
409.0,35,31.0,75.0,99
415.0,34,30.0,75.0,97
414.0,42,31.0,75.0,117
419.0,43,31.0,75.0,119
419.0,50,29.0,81.0,137
424.0,77,27.0,84.0,162
444.0,55,26.0,84.0,149
449.0,42,26.0,87.0,117
425.0,26,25.0,88.0,80
418.0,17,25.0,88.0,61
414.0,20,26.0,88.0,68
446.0,55,26.0,92.0,149
458.0,63,26.0,94.0,155
448.0,60,27.0,94.0,153
440.0,56,27.0,93.0,151
446.0,70,27.0,93.0,158
444.0,56,27.0,91.0,151
435.0,63,27.0,92.0,155
427.0,66,28.0,90.0,156
425.0,71,28.0,88.0,159
457.0,77,28.0,86.0,162
504.0,41,29.0,84.0,114
509.0,36,30.0,82.0,102
511.0,36,30.0,80.0,102
455.0,33,31.0,77.0,95
426.0,35,30.0,79.0,99
425.0,41,30.0,81.0,114
427.0,33,29.0,83.0,95
443.0,46,28.0,87.0,127
468.0,45,27.0,92.0,124
479.0,44,26.0,93.0,122
485.0,40,26.0,93.0,112
533.0,48,26.0,93.0,132
456.0,42,25.0,93.0,117
452.0,43,25.0,92.0,119
449.0,42,26.0,92.0,117
453.0,51,26.0,92.0,139
449.0,62,26.0,92.0,154
456.0,63,27.0,92.0,155
457.0,53,27.0,94.0,144
451.0,29,27.0,92.0,86
461.0,30,28.0,90.0,88
431.0,21,28.0,89.0,70
421.0,36,28.0,87.0,102
415.0,18,28.0,84.0,63
413.0,21,29.0,82.0,70
417.0,21,29.0,85.0,70
414.0,15,28.0,87.0,57
421.0,17,29.0,79.0,61
416.0,14,30.0,78.0,55
415.0,13,30.0,79.0,53
412.0,18,29.0,85.0,63
414.0,16,28.0,89.0,59
421.0,15,27.0,92.0,57
438.0,21,26.0,94.0,70
449.0,17,26.0,94.0,61
444.0,13,26.0,93.0,53
429.0,13,26.0,92.0,53
420.0,12,27.0,91.0,50
423.0,18,27.0,91.0,63
424.0,20,27.0,89.0,68
424.0,22,27.0,89.0,72
429.0,38,27.0,88.0,107
431.0,35,28.0,86.0,99
414.0,19,28.0,86.0,65
433.0,19,28.0,84.0,65
431.0,25,29.0,81.0,78
413.0,30,29.0,82.0,88
412.0,30,30.0,74.0,88
416.0,10,32.0,63.0,41
417.0,6,36.0,55.0,25
411.0,7,34.0,67.0,29
417.0,9,32.0,72.0,37
411.0,11,30.0,78.0,45
411.0,16,30.0,80.0,59
417.0,30,29.0,84.0,88
431.0,68,28.0,88.0,157
441.0,62,26.0,93.0,154
472.0,59,26.0,94.0,153
465.0,35,26.0,94.0,99
434.0,19,26.0,94.0,65
442.0,16,26.0,94.0,59
416.0,13,26.0,93.0,53
412.0,18,27.0,90.0,63
426.0,33,27.0,88.0,95
455.0,62,27.0,86.0,154
480.0,74,28.0,83.0,161
543.0,53,28.0,82.0,144
520.0,53,29.0,79.0,144
504.0,42,29.0,76.0,117
474.0,65,30.0,77.0,156
417.0,35,31.0,74.0,99
424.0,30,33.0,67.0,88
438.0,26,34.0,65.0,80
441.0,19,32.0,69.0,65
416.0,23,31.0,74.0,74
414.0,10,30.0,78.0,41
413.0,14,28.0,82.0,55
412.0,11,27.0,87.0,45
418.0,11,26.0,90.0,45
441.0,8,25.0,93.0,33
542.0,10,25.0,95.0,41
471.0,9,24.0,94.0,37
426.0,9,24.0,95.0,37
425.0,14,24.0,96.0,55
425.0,19,24.0,96.0,65
424.0,24,24.0,96.0,76
415.0,15,24.0,96.0,57
408.0,10,25.0,97.0,41
409.0,17,25.0,95.0,61
410.0,12,25.0,94.0,50
420.0,20,25.0,94.0,68
420.0,21,25.0,93.0,70
410.0,11,25.0,92.0,45
419.0,9,26.0,90.0,37
416.0,7,26.0,89.0,29
409.0,6,26.0,90.0,25
418.0,21,27.0,92.0,70
419.0,39,28.0,88.0,110
420.0,40,29.0,87.0,112
408.0,25,29.0,83.0,78
418.0,27,30.0,83.0,82
421.0,32,29.0,85.0,93
421.0,38,28.0,88.0,107
431.0,33,26.0,92.0,95
450.0,46,25.0,93.0,127
458.0,38,25.0,93.0,107
457.0,42,25.0,93.0,117
464.0,50,25.0,93.0,137
465.0,52,26.0,92.0,141
459.0,50,26.0,91.0,137
454.0,55,26.0,91.0,149
437.0,49,26.0,90.0,134
428.0,40,26.0,89.0,112
424.0,43,27.0,89.0,119
422.0,38,27.0,86.0,107
416.0,32,27.0,83.0,93
412.0,31,28.0,82.0,91
407.0,28,28.0,82.0,84
431.0,43,29.0,82.0,119
424.0,43,30.0,81.0,119
420.0,29,31.0,77.0,86
420.0,45,31.0,76.0,124
418.0,30,31.0,76.0,88
420.0,27,31.0,77.0,82
411.0,25,29.0,83.0,78
411.0,28,28.0,88.0,84
415.0,44,27.0,91.0,122
434.0,59,26.0,95.0,153
450.0,60,25.0,95.0,153
454.0,46,25.0,94.0,127
435.0,33,25.0,93.0,95
429.0,23,25.0,92.0,74
424.0,24,26.0,92.0,76
426.0,19,26.0,92.0,65
416.0,16,26.0,91.0,59
411.0,16,26.0,91.0,59
410.0,16,26.0,89.0,59
410.0,13,26.0,87.0,53
408.0,9,27.0,86.0,37
402.0,3,26.0,85.0,12
402.0,11,27.0,85.0,45
400.0,25,29.0,80.0,78
412.0,35,33.0,66.0,99
417.0,18,38.0,57.0,63
411.0,15,36.0,63.0,57
409.0,15,34.0,69.0,57
408.0,16,32.0,74.0,59
412.0,24,30.0,82.0,76
410.0,21,30.0,82.0,70
406.0,19,29.0,85.0,65
412.0,22,27.0,89.0,72
417.0,18,27.0,90.0,63
413.0,16,26.0,91.0,59
405.0,13,27.0,91.0,53
407.0,19,27.0,91.0,65
407.0,21,27.0,90.0,70
416.0,18,28.0,85.0,63
441.0,38,29.0,84.0,107
421.0,31,29.0,84.0,91
421.0,34,29.0,83.0,97
420.0,34,30.0,81.0,97
412.0,37,30.0,79.0,105
414.0,45,30.0,77.0,124
407.0,39,31.0,74.0,110
409.0,35,32.0,71.0,99
415.0,30,34.0,64.0,88
422.0,33,36.0,59.0,95
424.0,33,37.0,54.0,95
423.0,20,38.0,51.0,68
421.0,13,35.0,58.0,53
426.0,17,33.0,64.0,61
427.0,41,32.0,74.0,114
424.0,62,30.0,78.0,154
449.0,66,29.0,83.0,156
462.0,63,27.0,85.0,155
449.0,46,27.0,86.0,127
443.0,38,26.0,86.0,107
435.0,28,27.0,84.0,84
442.0,32,27.0,88.0,93
433.0,25,28.0,86.0,78
428.0,19,28.0,84.0,65
420.0,20,28.0,83.0,68
414.0,19,28.0,81.0,65
416.0,33,29.0,84.0,95
415.0,37,29.0,83.0,105
419.0,27,29.0,81.0,82
414.0,28,30.0,79.0,84
414.0,36,30.0,77.0,102
446.0,32,31.0,73.0,93
432.0,29,32.0,70.0,86
421.0,19,34.0,64.0,65
426.0,25,35.0,60.0,78
425.0,25,37.0,54.0,78
420.0,20,34.0,63.0,68
419.0,17,33.0,67.0,61
429.0,22,31.0,74.0,72
450.0,52,30.0,80.0,141
427.0,45,28.0,83.0,124
439.0,46,27.0,85.0,127
460.0,55,26.0,86.0,149
465.0,45,26.0,86.0,124
459.0,34,27.0,85.0,97
450.0,39,27.0,85.0,110
443.0,37,27.0,85.0,105
439.0,40,28.0,85.0,112
432.0,34,28.0,85.0,97
426.0,43,28.0,85.0,119
428.0,47,29.0,83.0,129
425.0,47,29.0,83.0,129
421.0,54,29.0,84.0,146
415.0,51,30.0,83.0,139
430.0,46,31.0,72.0,127
462.0,25,33.0,63.0,78
426.0,18,35.0,57.0,63
446.0,21,37.0,55.0,70
437.0,21,36.0,60.0,70
427.0,21,35.0,62.0,70
437.0,17,33.0,67.0,61
429.0,12,32.0,71.0,50
423.0,12,31.0,77.0,50
427.0,11,29.0,85.0,45
428.0,19,28.0,91.0,65
432.0,41,27.0,92.0,114
459.0,58,26.0,93.0,152
464.0,47,26.0,93.0,129
465.0,44,26.0,93.0,122
458.0,40,26.0,92.0,112
452.0,43,26.0,92.0,119
456.0,56,27.0,92.0,151
465.0,82,27.0,91.0,165
447.0,93,27.0,90.0,170
441.0,59,27.0,89.0,153
434.0,55,28.0,88.0,149
435.0,47,28.0,86.0,129
430.0,44,28.0,84.0,122
443.0,40,29.0,82.0,112
451.0,36,30.0,78.0,102
432.0,15,30.0,74.0,57
423.0,16,33.0,67.0,59
431.0,10,37.0,58.0,41
423.0,11,36.0,60.0,45
422.0,17,32.0,72.0,61
435.0,23,31.0,77.0,74
430.0,30,30.0,83.0,88
434.0,27,29.0,85.0,82
440.0,27,28.0,91.0,82
479.0,41,27.0,94.0,114
527.0,49,26.0,96.0,134
524.0,49,25.0,97.0,134
507.0,53,26.0,97.0,144
496.0,56,26.0,96.0,151
492.0,51,26.0,96.0,139
478.0,62,26.0,96.0,154
463.0,52,26.0,95.0,141
509.0,64,26.0,94.0,155
492.0,52,26.0,93.0,141
485.0,69,26.0,92.0,158
521.0,65,27.0,91.0,156
483.0,72,27.0,91.0,160
499.0,37,27.0,90.0,105
431.0,27,28.0,87.0,82
427.0,30,28.0,85.0,88
427.0,32,29.0,83.0,93
460.0,13,29.0,84.0,53
420.0,18,28.0,85.0,63
421.0,55,27.0,88.0,149
421.0,21,26.0,91.0,70
428.0,13,25.0,92.0,53
418.0,10,25.0,92.0,41
417.0,6,25.0,92.0,25
437.0,17,27.0,92.0,61
449.0,42,26.0,95.0,117
474.0,37,26.0,95.0,105
485.0,38,26.0,94.0,107
485.0,39,26.0,94.0,110
472.0,42,26.0,93.0,117
487.0,48,26.0,93.0,132
510.0,49,27.0,93.0,134
473.0,52,27.0,92.0,141
467.0,68,27.0,92.0,157
450.0,54,28.0,90.0,146
446.0,52,28.0,89.0,141
429.0,33,28.0,88.0,95
415.0,23,28.0,87.0,74
412.0,13,29.0,82.0,53
410.0,16,28.0,85.0,59
406.0,12,28.0,86.0,50
415.0,19,32.0,69.0,65
415.0,12,34.0,60.0,50
418.0,16,32.0,67.0,59
431.0,68,30.0,76.0,157
425.0,55,30.0,78.0,149
425.0,32,28.0,85.0,93
434.0,51,27.0,88.0,139
441.0,31,26.0,89.0,91
439.0,24,26.0,89.0,76
434.0,29,26.0,88.0,86
432.0,33,26.0,88.0,95
429.0,34,26.0,87.0,97
428.0,28,26.0,86.0,84
426.0,31,27.0,85.0,91
424.0,32,27.0,85.0,93
423.0,35,27.0,85.0,99
425.0,52,28.0,85.0,141
425.0,54,28.0,84.0,146
420.0,54,29.0,80.0,146
417.0,60,30.0,75.0,153
416.0,44,30.0,71.0,122
410.0,19,31.0,69.0,65
411.0,25,32.0,70.0,78
411.0,13,32.0,65.0,53
411.0,18,31.0,70.0,63
412.0,11,33.0,64.0,45
417.0,23,32.0,70.0,74
427.0,46,31.0,75.0,127
419.0,36,30.0,78.0,102
419.0,35,29.0,84.0,99
419.0,28,26.0,89.0,84
431.0,31,26.0,89.0,91
430.0,23,25.0,89.0,74
426.0,23,25.0,89.0,74
427.0,26,26.0,89.0,80
426.0,33,26.0,88.0,95
428.0,30,26.0,89.0,88
422.0,36,26.0,88.0,102
424.0,42,26.0,87.0,117
427.0,54,26.0,87.0,146
431.0,70,27.0,87.0,158
429.0,63,27.0,86.0,155
425.0,63,28.0,84.0,155
411.0,26,28.0,83.0,80
411.0,40,28.0,82.0,112
410.0,40,28.0,81.0,112
422.0,36,29.0,79.0,102
424.0,31,29.0,78.0,91
415.0,86,31.0,73.0,167
421.0,69,32.0,74.0,158
418.0,37,32.0,74.0,105
415.0,39,31.0,75.0,110
424.0,45,30.0,80.0,124
441.0,61,29.0,84.0,154
442.0,67,28.0,85.0,157
453.0,50,27.0,87.0,137
456.0,43,27.0,88.0,119
447.0,41,27.0,87.0,114
447.0,49,27.0,87.0,134
444.0,67,28.0,85.0,157
437.0,66,28.0,83.0,156
444.0,80,28.0,83.0,164
444.0,67,29.0,81.0,157
420.0,33,30.0,79.0,95
414.0,27,30.0,78.0,82
411.0,26,30.0,78.0,80
407.0,29,30.0,74.0,86
412.0,37,31.0,67.0,105
409.0,17,32.0,62.0,61
407.0,16,33.0,60.0,59
407.0,16,34.0,56.0,59
413.0,11,37.0,50.0,45
414.0,10,36.0,52.0,41
414.0,11,34.0,58.0,45
415.0,18,33.0,62.0,63
412.0,25,32.0,64.0,78
425.0,46,29.0,80.0,127
430.0,42,28.0,84.0,117
444.0,42,27.0,85.0,117
442.0,44,27.0,86.0,122
445.0,73,27.0,86.0,160
429.0,61,28.0,85.0,154
418.0,35,28.0,83.0,99
408.0,28,29.0,82.0,84
404.0,23,29.0,82.0,74
403.0,17,29.0,81.0,61
404.0,23,29.0,79.0,74
403.0,21,30.0,77.0,70
404.0,16,30.0,72.0,59
405.0,18,31.0,67.0,63
409.0,22,32.0,60.0,72
408.0,25,34.0,54.0,78
417.0,10,36.0,49.0,41
415.0,14,37.0,50.0,55
414.0,17,37.0,52.0,61
412.0,11,35.0,57.0,45
415.0,13,33.0,60.0,53
411.0,22,32.0,63.0,72
416.0,49,30.0,70.0,134
429.0,71,28.0,79.0,159
445.0,77,27.0,84.0,162
462.0,101,26.0,86.0,174
464.0,96,26.0,86.0,172
458.0,96,27.0,85.0,172
461.0,100,27.0,84.0,174
464.0,117,27.0,83.0,183
456.0,126,27.0,82.0,187
446.0,102,28.0,80.0,175
425.0,70,28.0,79.0,158
420.0,37,29.0,77.0,105
416.0,22,30.0,73.0,72
409.0,15,30.0,73.0,57
411.0,18,30.0,70.0,63
404.0,15,30.0,67.0,57
408.0,23,31.0,64.0,74
407.0,17,32.0,57.0,61
409.0,28,35.0,52.0,84
412.0,13,36.0,51.0,53
410.0,10,34.0,55.0,41
414.0,11,33.0,56.0,45
413.0,13,32.0,59.0,53
417.0,40,30.0,68.0,112
448.0,126,28.0,80.0,187
456.0,107,27.0,84.0,178
462.0,81,26.0,85.0,164
463.0,79,26.0,86.0,163
460.0,88,26.0,85.0,168
458.0,82,26.0,84.0,165
450.0,72,27.0,82.0,160
444.0,80,27.0,82.0,164
456.0,96,27.0,81.0,172
459.0,74,28.0,80.0,161
445.0,66,28.0,79.0,156
431.0,42,29.0,77.0,117
416.0,32,29.0,75.0,93
406.0,31,30.0,74.0,91
409.0,21,30.0,71.0,70
410.0,28,31.0,67.0,84
404.0,24,31.0,63.0,76
408.0,17,33.0,58.0,61
408.0,12,35.0,54.0,50
408.0,13,34.0,54.0,53
412.0,12,34.0,57.0,50
411.0,14,33.0,59.0,55
410.0,17,32.0,62.0,61
412.0,21,30.0,66.0,70
430.0,66,29.0,78.0,156
455.0,104,27.0,85.0,176
455.0,92,27.0,87.0,170
453.0,86,27.0,86.0,167
446.0,65,27.0,85.0,156
427.0,37,27.0,83.0,105
415.0,19,28.0,81.0,65
408.0,17,28.0,81.0,61
415.0,26,28.0,79.0,80
422.0,35,29.0,78.0,99
413.0,35,29.0,76.0,99
405.0,27,29.0,74.0,82
403.0,25,29.0,71.0,78
405.0,23,30.0,70.0,74
407.0,25,31.0,64.0,78
406.0,23,32.0,57.0,74
406.0,19,33.0,53.0,65
410.0,21,36.0,48.0,70
414.0,13,37.0,45.0,53
413.0,11,37.0,47.0,45
409.0,10,34.0,53.0,41
411.0,9,33.0,55.0,37
411.0,10,32.0,60.0,41
414.0,24,30.0,68.0,76
434.0,72,28.0,80.0,160
465.0,125,27.0,88.0,187
473.0,107,26.0,90.0,178
452.0,53,27.0,90.0,144
431.0,27,27.0,89.0,82
423.0,39,27.0,86.0,110
456.0,102,27.0,84.0,175
451.0,78,28.0,84.0,163
442.0,63,28.0,84.0,155
421.0,32,28.0,82.0,93
412.0,36,29.0,81.0,102
409.0,19,29.0,77.0,65
408.0,17,29.0,75.0,61
407.0,17,30.0,73.0,61
409.0,18,30.0,68.0,63
409.0,18,31.0,64.0,63
409.0,20,32.0,63.0,68
410.0,16,34.0,58.0,59
416.0,14,36.0,53.0,55
416.0,11,36.0,51.0,45
413.0,13,33.0,57.0,53
413.0,17,31.0,69.0,61
426.0,38,29.0,80.0,107
478.0,92,28.0,89.0,170
457.0,94,27.0,91.0,171
464.0,84,26.0,93.0,166
456.0,62,26.0,92.0,154
454.0,81,26.0,91.0,164
458.0,82,26.0,92.0,165
458.0,81,26.0,91.0,164
448.0,63,26.0,90.0,155
445.0,61,27.0,89.0,154
436.0,65,27.0,88.0,156
427.0,54,27.0,86.0,146
417.0,40,27.0,85.0,112
414.0,37,28.0,84.0,105
422.0,51,28.0,84.0,139
425.0,63,29.0,83.0,155
438.0,39,29.0,81.0,110
416.0,21,29.0,81.0,70
407.0,15,30.0,78.0,57
414.0,15,31.0,75.0,57
412.0,12,33.0,66.0,50
409.0,10,32.0,72.0,41
408.0,10,30.0,79.0,41
406.0,14,29.0,84.0,55
406.0,13,28.0,85.0,53
414.0,13,27.0,90.0,53
411.0,12,26.0,93.0,50
409.0,10,26.0,91.0,41
407.0,8,25.0,93.0,33
412.0,15,26.0,91.0,57
411.0,15,26.0,92.0,57
433.0,26,27.0,92.0,80
469.0,42,27.0,92.0,117
479.0,33,27.0,92.0,95
461.0,28,27.0,90.0,84
459.0,40,28.0,89.0,112
432.0,54,28.0,91.0,146
437.0,23,28.0,90.0,74
404.0,17,29.0,84.0,61
409.0,17,29.0,81.0,61
412.0,23,31.0,70.0,74
410.0,14,33.0,66.0,55
412.0,12,32.0,70.0,50
414.0,10,31.0,71.0,41
408.0,8,30.0,73.0,33
409.0,9,29.0,84.0,37
418.0,11,28.0,89.0,45
435.0,18,27.0,91.0,63
460.0,15,26.0,93.0,57
448.0,28,26.0,92.0,84
420.0,8,26.0,91.0,33
422.0,18,25.0,90.0,63
427.0,31,25.0,90.0,91
419.0,24,25.0,89.0,76
414.0,24,25.0,90.0,76
410.0,19,25.0,90.0,65
407.0,9,25.0,87.0,37
415.0,24,25.0,87.0,76
412.0,30,25.0,86.0,88
409.0,6,27.0,85.0,25
408.0,13,28.0,84.0,53
406.0,12,29.0,81.0,50
403.0,10,30.0,76.0,41
407.0,9,31.0,70.0,37
418.0,5,33.0,65.0,21
409.0,5,34.0,64.0,21
410.0,6,33.0,68.0,25
409.0,7,32.0,72.0,29
406.0,5,30.0,77.0,21
406.0,7,29.0,88.0,29
407.0,9,27.0,91.0,37
407.0,7,26.0,90.0,29
407.0,8,26.0,89.0,33
426.0,9,27.0,89.0,37
425.0,9,27.0,88.0,37
413.0,8,27.0,87.0,33
404.0,5,27.0,86.0,21
408.0,16,28.0,86.0,59
413.0,28,29.0,83.0,84
406.0,18,29.0,80.0,63
407.0,33,30.0,81.0,95
407.0,44,30.0,80.0,122
406.0,35,31.0,77.0,99
408.0,41,31.0,75.0,114
408.0,39,32.0,71.0,110
407.0,28,33.0,64.0,84
413.0,10,37.0,50.0,41
417.0,6,38.0,49.0,25
413.0,6,37.0,54.0,25
409.0,6,34.0,63.0,25
407.0,7,33.0,66.0,29
407.0,9,32.0,68.0,37
411.0,22,31.0,76.0,72
429.0,58,29.0,81.0,152
452.0,89,28.0,85.0,168
452.0,99,27.0,87.0,173
450.0,71,27.0,87.0,159
459.0,92,27.0,87.0,170
458.0,103,28.0,85.0,176
457.0,113,28.0,84.0,181
454.0,100,28.0,83.0,174
429.0,55,29.0,82.0,149
402.0,22,29.0,80.0,72
401.0,24,30.0,71.0,76
407.0,23,30.0,73.0,74
404.0,20,31.0,71.0,68
405.0,32,32.0,66.0,93
408.0,20,33.0,59.0,68
409.0,19,35.0,53.0,65
409.0,18,37.0,50.0,63
412.0,24,37.0,51.0,76
412.0,21,37.0,50.0,70
410.3,15,34.7,52.0,58
409.3,14,33.7,52.8,55
416.8,26,32.4,61.5,81
420.3,47,30.7,70.8,130
424.8,56,28.9,79.3,151
440.5,64,27.5,85.0,155
441.5,46,26.7,86.3,126
442.8,46,26.4,86.0,127
434.5,40,26.7,85.0,111
434.3,47,27.0,84.0,130
431.5,56,27.3,83.3,151
431.0,64,27.6,81.8,155
447.3,87,28.3,80.8,167
423.8,57,29.0,79.8,152
410.5,51,29.4,78.0,138
410.3,46,29.8,77.3,127
413.0,51,30.1,76.5,138
409.0,33,30.3,75.5,94
411.5,37,30.7,73.8,105
415.8,40,31.6,70.3,111
408.8,29,33.5,64.8,87
413.0,12,36.2,50.8,51
416.8,15,37.5,48.5,57
416.5,13,36.7,50.8,52
412.3,15,33.5,59.8,56
415.5,19,32.2,64.3,65
414.0,18,31.4,67.8,63
420.0,42,29.9,74.8,116
447.8,114,28.5,84.5,181
469.8,123,27.3,88.5,186
494.0,131,26.4,90.0,190
487.3,113,26.4,89.0,180
465.3,98,26.6,87.8,173
446.3,83,26.8,85.8,165
433.8,48,27.0,84.5,132
430.0,47,27.3,85.3,128
423.3,36,27.6,85.8,102
412.8,35,27.9,84.3,99
416.8,31,28.2,83.6,91
441.5,52,28.5,82.0,141
437.0,57,28.7,80.8,152
439.0,62,28.9,79.3,155
431.2,50,29.1,76.4,137
419.3,33,29.7,74.0,95
409.3,21,30.1,73.3,69
403.3,27,29.9,75.0,82
413.0,26,31.1,73.3,80
413.8,15,33.2,63.8,57
410.5,14,33.5,60.0,55
412.3,13,32.8,63.5,53
413.0,17,31.7,67.8,60
416.3,34,30.1,76.3,96
423.5,61,29.4,81.0,154
434.8,79,28.0,84.5,163
436.0,79,27.6,86.3,163
423.8,25,27.3,85.2,78
416.5,17,27.3,83.8,61
411.3,16,27.6,81.5,60
406.8,17,27.9,81.3,62
410.5,29,28.3,83.5,87
416.5,41,28.7,81.5,113
410.0,42,29.0,78.8,116
408.0,38,29.2,79.5,106
415.8,51,29.7,77.8,139
410.0,43,29.9,75.5,119
406.0,60,30.2,73.3,153
407.0,38,30.4,72.3,107
399.0,45,31.0,70.3,125
404.8,22,34.0,57.8,71
408.0,15,36.3,51.0,56
408.8,13,37.0,46.5,53
408.3,17,35.4,55.8,61
406.5,20,33.6,59.0,68
406.8,23,33.2,60.3,73
409.3,25,32.1,64.3,77
410.0,33,30.7,71.3,95
410.5,42,29.2,76.8,116
434.5,109,27.7,83.3,178
473.0,184,26.8,84.8,234
478.5,110,26.6,84.8,179
480.0,101,26.9,83.8,174
463.0,113,27.1,82.8,180
448.3,89,27.3,82.0,168
445.0,92,27.6,83.0,170
439.0,88,27.9,83.3,168
420.3,82,28.4,82.8,165
412.0,59,28.8,81.5,153
412.5,37,29.1,79.8,104
407.0,27,29.3,78.3,83
404.0,36,29.6,76.5,103
403.0,40,30.7,70.3,112
402.0,30,29.9,74.0,87
408.0,29,32.6,62.3,87
409.0,22,34.9,55.0,71
409.8,17,35.9,52.8,60
407.3,20,34.7,56.8,68
406.0,21,31.8,64.8,70
417.3,47,30.1,73.8,129
414.5,54,29.7,76.0,146
422.8,76,28.6,82.8,161
433.3,85,27.1,86.5,166
442.3,95,26.5,86.5,171
447.0,81,26.1,88.5,164
444.5,79,26.1,89.0,163
442.8,72,26.4,89.5,160
445.0,51,26.7,88.5,140
435.3,40,27.1,86.8,112
421.5,61,27.4,84.8,154
406.0,32,27.6,82.5,93
402.3,31,27.4,82.0,90
400.8,24,27.3,81.3,76
398.0,27,27.4,82.3,81
411.3,158,29.4,76.5,209
412.0,90,29.9,77.0,169
401.0,31,30.4,74.3,90
405.0,26,31.4,68.0,80
407.5,38,33.5,60.3,106
410.8,18,36.2,45.0,63
411.3,22,37.8,42.5,71
408.8,15,36.8,45.8,58
408.3,20,33.9,52.3,66
409.8,16,32.9,53.8,59
418.8,54,31.5,66.0,146
412.3,47,29.8,72.0,129
418.5,54,28.3,77.3,146
428.3,53,26.9,79.8,144
472.3,40,26.3,80.8,112
432.8,44,26.0,82.0,121
441.3,64,26.5,83.0,155
434.3,62,26.7,82.0,155
429.0,63,27.0,81.3,155
439.5,83,27.5,83.0,165
438.5,71,27.9,82.5,159
435.5,59,28.2,82.3,153
436.5,90,28.5,81.5,169
443.5,82,28.8,80.3,165
427.8,68,29.2,78.0,157
409.0,51,29.6,75.5,140
403.3,52,29.8,74.8,142
403.0,43,30.3,70.3,119
409.0,30,31.2,65.3,89
416.3,35,34.2,56.3,99
411.8,11,35.6,50.8,46
408.0,13,33.6,57.8,53
409.8,16,32.1,61.8,59
411.5,21,32.4,63.3,70
407.3,19,31.2,68.5,65
414.3,39,29.2,75.3,108
421.3,59,28.6,78.0,153
432.8,121,27.2,83.8,185
454.3,120,26.2,87.0,185
461.0,70,26.1,87.0,159
459.3,79,26.4,85.5,163
447.5,70,26.7,84.8,158
434.0,66,26.9,84.0,156
429.0,67,27.1,84.0,157
434.3,80,27.4,82.5,163
456.5,103,28.0,80.5,176
439.5,66,28.7,78.8,157
423.0,62,29.0,77.0,154
428.5,74,29.4,76.5,161
418.8,54,29.9,75.3,146
415.5,57,30.3,73.3,152
436.8,43,31.1,68.5,119
408.5,27,33.2,57.3,82
409.5,14,35.4,48.8,55
407.8,11,36.0,49.0,44
405.8,12,33.7,57.0,50
403.0,11,32.7,59.0,44
407.3,19,32.1,63.5,65
407.0,21,30.8,67.8,69
405.8,24,29.7,72.3,76
404.8,28,28.5,80.0,84
412.0,36,26.6,89.3,103
428.0,48,25.6,92.8,130
423.8,42,25.3,93.0,118
421.5,34,25.3,92.5,97
422.0,26,25.5,90.8,81
417.3,20,25.6,90.0,66
408.8,15,25.7,90.0,57
400.0,13,25.7,90.0,53
401.3,13,25.9,89.5,53
404.5,20,26.3,89.3,67
402.0,34,26.5,86.8,98
414.0,32,27.3,82.5,92
410.0,31,27.7,80.5,91
413.8,40,28.1,80.0,112
414.5,41,28.5,78.3,114
410.3,22,28.6,78.0,72
412.3,20,28.5,76.5,68
406.0,17,28.5,77.3,62
410.0,13,33.0,59.0,52
409.8,11,33.4,58.5,43
407.8,13,31.9,64.5,52
403.8,10,30.7,68.8,40
404.0,21,29.3,76.3,70
406.3,17,28.3,80.3,61
403.5,19,27.0,82.8,65
424.8,24,26.0,89.0,75
454.3,49,25.7,90.0,134
435.0,26,26.0,88.8,80
431.3,38,26.1,89.0,106
422.0,31,26.3,87.5,90
410.3,21,26.6,86.8,70
439.8,44,26.8,89.3,122
437.5,36,27.0,88.8,102
424.3,33,27.4,87.3,95
424.3,40,27.7,86.0,113
413.8,33,27.9,84.3,94
416.3,34,28.3,81.5,97
440.5,40,28.6,77.5,111
429.8,32,29.1,75.5,92
409.8,22,29.6,74.0,71
400.8,22,29.7,74.5,71
400.3,18,29.1,77.3,62
406.8,22,29.1,81.0,72
409.8,24,31.4,67.8,75
411.3,25,31.9,66.8,78
415.0,53,30.4,73.3,144
417.3,71,29.7,76.0,159
429.0,111,28.4,82.8,180
455.5,169,27.2,86.3,219
462.3,110,26.8,86.3,179
471.3,119,27.0,86.5,184
460.8,116,27.3,85.5,182
460.0,122,27.3,85.5,186
438.0,73,27.5,82.5,160
417.0,27,27.9,80.8,82
413.5,29,28.3,80.3,87
418.8,50,28.6,81.8,136
410.8,51,29.1,75.3,140
397.8,17,29.5,71.5,61
395.3,18,29.7,70.0,63
397.8,13,30.1,66.3,52
398.3,11,30.6,64.3,47
401.0,22,31.5,63.5,72
399.5,35,33.2,60.5,99
409.3,12,35.7,52.8,51
406.8,10,38.0,43.8,40
404.8,8,36.2,48.3,34
402.5,9,33.5,55.3,36
405.0,13,32.5,60.8,53
404.3,16,31.1,66.5,58
406.5,19,30.1,71.5,65
417.5,43,28.6,80.3,119
450.8,82,27.0,87.5,165
482.5,104,25.9,89.5,176
482.0,121,25.8,89.8,185
471.8,110,26.2,88.8,179
471.5,102,26.4,90.0,175
466.5,105,26.6,89.3,177
464.3,105,26.9,88.3,176
451.5,58,27.2,86.8,152
449.0,59,27.6,85.3,153
430.0,40,27.8,84.0,111
426.8,50,27.9,84.0,137
433.8,76,28.1,85.3,162
427.0,96,28.5,83.3,172
421.5,89,29.1,80.0,168
420.5,53,29.7,76.5,145
417.0,30,30.2,74.3,88
412.0,22,30.4,74.0,71
400.3,19,30.1,73.8,65
397.6,12,31.6,62.1,48
399.0,8,33.3,56.5,32
399.0,9,32.0,62.8,38
401.5,15,30.8,70.8,57
402.5,25,29.2,82.3,79
403.0,26,28.0,87.0,81
418.8,54,27.0,89.5,146
455.8,77,26.1,91.3,162
456.0,80,25.7,90.5,164
446.5,74,25.8,90.5,161
443.0,70,25.8,90.0,158
430.3,44,26.1,88.5,121
430.8,50,26.2,88.8,135
418.3,41,26.5,87.5,114
415.8,35,26.8,86.8,98
414.5,26,27.1,86.3,80
404.8,17,27.3,84.0,61
394.5,18,27.4,82.5,63
390.3,25,27.7,81.8,77
400.8,19,30.9,73.5,65
396.0,18,29.5,79.8,64
423.3,23,32.6,67.3,74
403.8,21,35.3,56.5,70
407.3,11,36.3,49.3,44
409.0,15,36.6,50.3,56
404.0,18,33.6,56.8,63
407.5,31,32.0,70.8,91
419.3,82,30.9,75.0,165
424.0,102,29.8,77.0,175
450.5,111,28.4,81.0,180
463.3,116,27.8,81.0,182
475.5,145,27.4,83.5,197
473.0,117,27.1,84.3,183
463.8,114,27.5,83.8,181
457.0,124,27.7,82.5,186
452.5,109,27.9,80.8,179
449.8,119,28.2,78.5,184
441.0,76,28.6,76.5,161
425.0,57,28.9,74.3,152
407.8,37,29.3,69.8,104
416.8,41,29.7,70.0,114
413.3,29,30.1,66.3,86
409.5,24,30.6,63.3,75
396.5,14,30.9,58.8,56
395.0,21,31.7,55.8,70
396.5,17,33.3,50.5,61
398.5,12,35.5,44.0,51
402.3,8,36.6,44.3,34
400.8,9,36.1,45.5,36
403.0,9,34.3,50.5,37
402.0,15,33.2,58.0,57
401.5,15,31.9,63.0,58
403.8,31,30.6,72.0,91
406.0,39,29.0,80.3,108
421.8,39,27.6,84.8,109
443.5,32,26.8,85.0,92
421.3,29,26.5,85.5,87
408.5,24,27.0,84.8,77
424.5,42,27.3,86.0,118
424.0,63,27.6,84.3,155
406.5,56,28.1,82.3,151
406.3,54,28.5,81.3,147
406.8,59,28.9,78.8,153
401.3,55,29.2,76.3,148
400.0,38,29.5,75.3,106
398.3,34,30.1,73.8,96
393.3,17,30.4,69.3,61
398.8,21,31.3,67.0,69
395.8,46,32.1,62.5,127
399.3,25,34.5,58.8,77
400.8,15,37.2,51.3,58
401.3,9,37.7,48.0,36
397.8,9,34.9,55.3,36
399.0,8,34.1,58.3,32
399.5,10,32.9,62.3,39
397.0,10,31.9,68.5,40
397.8,13,30.9,72.8,52
401.3,17,29.6,78.0,60
430.3,51,28.4,84.3,138
475.0,66,27.3,87.5,156
443.3,49,27.2,87.5,133
429.5,50,27.5,87.0,137
423.0,38,27.9,85.8,106
399.5,11,28.4,83.5,43
415.3,26,28.6,86.0,80
416.5,34,28.8,86.0,96
408.5,34,29.1,84.0,97
399.5,42,29.4,81.5,117
395.5,22,29.5,78.8,71
393.8,23,29.9,76.8,74
402.3,67,30.6,76.3,157
393.8,27,31.2,72.8,81
397.0,22,32.1,64.5,72
399.8,15,34.4,56.0,56
402.5,14,35.9,55.0,55
405.3,9,38.0,49.3,38
403.3,7,36.4,53.8,30
401.0,7,33.9,60.3,29
399.3,7,32.8,66.3,29
399.3,8,31.3,71.3,32
400.5,15,29.8,79.8,57
411.0,25,29.0,82.0,79
423.5,36,27.9,85.8,102
449.5,41,27.1,89.8,114
449.8,44,26.7,91.0,122
446.3,44,26.8,90.0,122
436.8,21,27.1,88.5,69
418.8,14,27.5,87.0,54
404.5,16,27.8,86.0,60
414.5,24,28.1,84.8,76
404.8,19,28.4,83.3,65
405.3,18,28.6,83.0,64
405.8,18,29.0,81.8,63
411.5,22,29.5,78.8,72
409.5,17,29.9,75.8,62
410.3,17,30.5,72.8,61
410.0,17,31.7,66.8,60
416.5,17,34.3,62.3,61
415.8,11,36.5,57.5,45
416.0,9,36.5,57.5,35
407.8,9,34.1,61.8,38
410.5,9,32.3,66.5,35
410.3,9,31.2,71.3,36
408.3,6,30.7,73.5,23
409.8,8,29.6,80.5,31
415.3,11,28.4,87.0,44
423.8,11,27.5,91.4,45
422.5,13,26.4,92.8,52
413.5,10,26.0,93.0,40
405.5,7,26.0,91.8,27
406.3,9,26.4,91.8,36
411.0,12,26.7,90.0,48
410.8,12,27.3,85.0,49
422.3,26,28.1,86.0,79
456.0,55,28.5,86.3,149
441.5,59,28.8,85.8,153
436.0,53,29.2,83.0,145
423.0,54,29.6,80.5,145
414.3,28,30.1,77.8,84
409.3,35,30.6,76.8,98
411.0,16,33.8,65.0,59
463.0,25,36.4,58.0,78
428.5,23,37.3,57.0,74
417.3,14,35.8,57.8,55
415.3,9,32.8,63.3,37
410.5,50,30.8,72.8,136
410.8,23,29.5,78.0,74
414.5,32,29.6,81.0,92
420.3,37,28.6,84.8,105
435.8,54,27.4,90.5,147
518.8,118,26.5,93.8,183
518.8,131,26.1,95.0,190
510.8,122,26.2,94.8,185
498.8,95,26.4,94.0,172
494.8,92,26.6,93.3,170
503.5,96,26.8,92.8,172
498.3,97,27.1,92.0,172
498.0,91,27.3,91.0,169
487.0,95,27.5,90.3,172
458.8,106,27.9,88.0,177
480.3,112,28.2,87.3,180
461.8,81,28.5,85.3,164
438.3,46,28.8,83.3,126
449.0,32,29.9,78.8,92
415.8,18,31.9,73.0,64
420.3,14,32.4,72.8,56
427.5,15,31.8,74.8,57
409.8,14,30.9,79.5,54
418.0,14,29.0,84.5,56
422.0,15,28.4,82.5,57
415.5,15,28.8,85.0,56
435.8,36,28.5,88.0,100
446.3,30,27.6,90.3,88
444.0,36,26.5,93.3,103
450.3,43,25.6,94.0,118
441.8,30,25.2,93.0,88
423.5,13,25.4,92.3,52
417.0,11,25.6,92.8,44
436.5,35,25.8,93.8,98
425.8,38,26.3,92.3,107
416.3,20,26.5,91.5,68
411.8,21,26.9,89.5,69
425.8,54,27.2,88.3,145
440.3,54,27.6,88.3,146
431.3,57,28.1,85.5,152
417.0,49,28.4,84.3,135
412.8,33,29.1,81.3,95
411.8,18,29.7,79.8,63
416.3,31,29.6,81.3,90
420.3,21,29.0,81.3,70
411.0,21,29.5,79.3,70
418.3,37,30.8,75.8,103
420.8,39,30.0,77.8,110
425.0,35,30.9,76.3,99
430.8,83,29.0,83.5,165
439.5,86,27.5,91.3,167
501.3,174,26.0,95.0,224
528.5,202,25.1,96.0,252
522.5,192,25.0,95.0,242
505.3,142,25.1,94.5,195
515.3,137,25.2,94.0,193
511.3,146,25.4,94.5,198
506.8,146,25.5,95.0,198
511.0,155,25.7,94.5,206
498.3,140,25.9,93.8,195
473.3,105,26.1,92.3,177
461.5,89,26.3,91.8,168
454.0,87,26.6,91.0,167
456.0,81,26.9,90.3,164
454.0,46,27.3,89.0,126
440.5,38,27.9,86.0,107
423.0,18,28.5,84.0,63
412.5,24,28.2,84.3,76
409.5,24,27.7,86.8,76
406.0,13,27.1,89.0,52
413.3,19,27.5,90.3,65
415.8,19,28.2,88.3,64
420.5,28,28.4,87.8,84
413.3,35,28.7,85.0,98
419.5,43,28.1,89.0,120
441.7,41,27.1,90.7,114
435.8,46,26.7,91.5,126
432.8,31,26.2,92.0,91
417.8,23,26.3,91.0,73
409.0,19,26.4,89.0,64
428.8,55,26.7,89.5,148
470.8,138,26.9,88.6,193
466.8,149,27.2,87.0,199
470.0,170,27.3,86.8,220
472.0,139,27.8,85.0,194
463.3,120,28.1,83.3,184
448.5,112,28.4,81.5,180
440.5,112,28.6,80.3,180
435.3,150,29.2,79.5,200
424.0,27,30.6,76.8,82
419.0,71,30.9,74.0,159
413.3,19,31.8,68.8,65
419.0,17,35.2,62.3,61
411.0,17,33.6,66.3,60
417.0,40,32.5,71.0,112
423.5,62,30.9,76.5,154
427.8,53,30.9,75.3,145
419.5,53,29.6,80.3,143
425.8,60,28.5,85.3,153
464.0,112,27.1,89.3,180
481.8,144,26.2,91.3,197
457.5,100,26.0,90.0,174
446.8,66,26.3,89.8,156
432.3,31,26.7,88.5,90
425.8,25,27.0,86.8,79
417.8,29,27.3,85.5,86
412.3,35,27.6,83.5,99
416.5,27,27.9,82.3,83
438.5,55,28.3,84.8,148
448.5,77,28.7,83.3,162
431.0,51,29.3,81.5,138
417.0,31,29.5,80.5,91
411.0,19,29.7,79.3,65
409.3,22,30.5,76.0,71
418.3,41,32.4,67.8,114
423.3,22,35.2,61.8,71
427.8,52,31.6,73.8,142
426.8,23,30.1,76.8,74
419.3,34,28.8,81.8,97
425.5,42,27.5,85.5,116
444.3,64,26.5,90.0,156
450.3,71,25.8,92.8,159
455.3,73,25.5,92.8,160
447.3,78,25.5,92.8,163
435.8,67,25.6,92.0,157
428.8,38,25.6,91.0,106
417.3,21,25.7,89.8,70
408.5,28,25.8,88.5,83
412.3,17,25.8,88.5,61
405.0,18,25.8,88.0,64
404.8,23,26.6,86.3,74
409.3,29,27.8,81.3,87
409.0,35,28.9,76.8,98
409.3,21,29.2,80.8,70
413.3,20,30.2,77.0,66
420.8,20,32.3,69.3,67
423.0,19,35.3,60.5,66
421.3,18,37.0,54.8,63
418.3,9,34.9,58.5,37
414.3,12,32.1,66.3,48
418.5,21,30.8,74.0,70
420.0,41,29.6,79.0,115
439.8,80,28.2,84.3,164
434.5,35,26.9,90.0,100
432.3,39,25.9,93.0,110
429.0,23,25.5,93.3,73
434.0,15,25.2,93.3,56
417.5,11,25.3,93.0,45
408.5,10,25.3,92.5,40
416.0,14,25.5,91.3,56
409.3,13,25.8,92.0,52
410.8,15,26.1,91.3,57
412.3,15,26.4,90.0,58
407.8,14,26.5,88.8,55
412.8,17,27.2,86.8,62
419.5,22,27.7,85.8,72
422.8,46,27.9,84.8,126
424.3,68,28.3,83.0,157
410.5,32,29.0,79.5,92
418.5,31,32.3,66.8,91
421.8,19,35.0,59.0,65
423.0,28,35.0,59.8,85
416.3,43,32.9,70.3,118
424.8,43,32.0,73.3,120
430.0,38,31.2,76.0,107
419.0,25,30.6,78.5,79
415.8,20,29.5,82.0,68
418.0,22,27.9,88.0,72
423.3,16,26.7,92.5,59
454.8,12,25.9,94.3,48
421.5,10,25.7,94.8,41
417.3,10,25.8,94.5,40
414.5,10,25.9,94.0,39
423.8,18,25.9,93.5,63
418.3,23,26.1,93.0,73
416.0,27,26.2,92.5,81
414.0,18,26.4,91.5,62
406.5,15,26.4,90.5,57
405.5,14,26.3,89.0,54
418.0,35,28.9,84.5,98
412.3,25,29.4,80.8,78
414.0,71,29.7,78.8,159
415.8,26,30.8,72.0,80
421.0,26,33.3,59.0,80
427.0,37,35.8,56.0,105
421.3,10,36.7,53.5,41
417.8,11,33.7,63.3,43
415.0,17,31.8,71.0,61
430.3,29,30.6,78.0,86
423.3,33,29.2,82.8,95
415.3,31,28.3,85.0,91
419.8,43,27.2,88.8,118
436.8,64,26.1,93.0,155
444.8,60,25.2,93.0,154
439.5,44,25.1,93.0,122
426.8,43,25.3,92.0,118
418.3,35,25.4,92.0,99
412.8,11,25.6,91.0,43
407.8,9,25.9,91.3,35
404.3,7,25.7,91.0,27
404.0,7,26.1,88.3,30
404.3,14,26.6,87.3,54
414.5,28,28.6,84.8,85
413.5,39,29.1,82.3,110
425.5,50,29.9,73.0,137
428.8,67,30.6,67.3,157
420.0,41,31.5,61.3,114
421.5,31,33.1,58.3,91
423.0,19,37.6,51.0,65
423.5,11,36.5,54.3,46
421.0,11,34.3,59.5,45
423.3,27,32.2,67.5,82
428.7,19,31.6,68.0,65
419.8,29,30.5,73.0,85
425.5,47,28.8,82.0,129
433.3,58,27.1,89.3,152
447.0,55,25.7,94.0,149
456.5,40,24.7,95.0,112
464.0,42,24.5,95.0,116
447.3,38,24.5,94.8,108
455.5,57,24.6,94.0,152
451.5,62,24.8,94.0,154
455.5,63,25.0,94.0,155
449.0,74,25.1,93.3,160
439.0,53,25.3,92.8,144
436.3,54,25.5,91.5,146
433.5,43,25.7,90.3,119
425.8,38,25.8,90.0,108
418.5,34,25.8,90.8,97
421.3,48,26.3,90.3,132
414.8,29,26.7,89.3,86
429.3,27,27.2,87.0,82
418.8,37,27.1,87.0,104
411.0,25,28.1,81.5,77
418.0,17,31.8,69.3,61
420.5,22,32.4,70.3,71
417.8,23,31.1,76.8,74
424.5,28,29.5,81.3,85
422.3,35,28.1,85.3,98
426.0,35,26.8,89.8,98
431.3,51,25.5,94.5,139
450.0,62,24.7,95.5,154
445.8,64,24.5,95.0,155
447.0,69,24.7,95.0,158
454.0,100,24.8,94.3,174
451.8,90,25.0,94.0,169
442.0,66,25.2,93.3,156
434.5,57,25.3,92.8,152
422.5,31,25.5,92.0,90
418.0,29,25.6,91.3,87
422.0,49,25.7,91.0,135
424.5,66,25.9,90.5,156
416.5,41,26.1,89.5,114
414.0,48,26.7,89.0,130
415.5,54,27.5,83.3,147
425.3,43,29.0,78.8,120
416.3,27,29.6,75.8,81
424.8,34,31.0,72.3,96
417.8,25,32.9,66.5,78
422.0,16,31.7,68.5,58
426.0,21,30.8,73.8,69
422.8,36,29.4,80.0,103
419.8,31,28.2,83.8,90
432.3,42,26.7,91.5,118
450.3,57,25.4,96.3,152
456.3,60,24.5,97.0,153
459.3,68,24.4,97.0,158
462.0,100,24.5,97.0,174
453.0,101,24.6,97.0,174
446.8,105,24.7,97.0,176
456.3,120,24.8,96.0,184
463.0,129,24.9,96.0,189
461.8,146,25.1,96.0,198
461.3,158,25.2,95.0,209
451.3,123,25.3,95.5,186
454.0,94,25.4,94.8,171
448.0,86,25.5,95.0,167
439.0,56,25.5,92.5,151
424.8,35,25.8,92.3,98
429.8,42,26.2,90.8,116
427.5,20,26.1,89.0,68
414.5,10,25.8,88.0,40
419.0,27,27.5,84.3,83
423.8,39,30.8,75.5,109
425.3,37,31.0,80.0,103
420.8,36,29.3,83.3,103
424.0,47,27.9,88.3,129
445.0,57,26.7,92.3,152
449.8,49,25.9,93.5,134
469.3,49,25.4,94.0,135
473.3,60,25.2,94.0,153
462.8,62,25.3,93.3,154
452.0,56,25.4,93.0,151
451.5,61,25.5,93.0,154
453.3,75,25.8,94.0,161
444.5,74,26.0,94.0,161
434.5,69,26.2,93.0,158
432.3,76,26.4,92.3,161
434.8,118,26.6,92.0,183
430.8,66,26.8,91.0,156
429.8,95,27.1,91.8,172
428.5,70,27.3,90.3,159
420.5,29,27.6,88.3,86
413.0,15,27.9,84.3,57
413.0,36,30.7,79.0,101
426.0,15,34.3,64.3,56
421.3,21,32.8,71.8,69
420.8,54,30.9,80.0,147
424.5,29,29.3,84.0,85
414.0,42,29.7,82.8,117
413.3,23,28.0,88.5,73
419.8,23,27.0,92.8,73
427.5,26,26.0,95.3,79
426.8,21,25.2,94.5,70
421.0,18,25.1,94.0,63
410.8,17,25.1,94.0,61
409.5,15,25.3,94.3,56
415.5,21,25.4,93.0,69
410.3,18,25.4,91.8,62
403.8,14,25.6,90.8,54
402.3,14,25.6,90.5,54
401.3,9,25.7,89.0,38
408.3,24,26.8,88.0,76
410.8,17,27.1,87.0,62
406.8,23,27.4,86.0,74
415.8,25,28.6,82.3,77
419.0,66,31.5,74.5,156
423.0,44,33.9,65.5,121
429.0,48,35.8,60.3,131
432.5,44,36.6,60.3,121
425.3,36,35.7,60.8,100
426.8,27,34.0,64.8,82
430.0,35,32.7,71.5,98
425.5,33,31.3,75.0,94
419.5,30,30.1,78.3,88
421.8,37,28.4,85.5,105
432.8,61,26.2,92.8,154
463.0,114,25.2,94.0,181
458.0,76,24.9,93.8,162
454.5,71,24.9,93.0,159
444.3,77,25.0,92.5,162
434.3,66,25.1,92.0,156
428.3,60,25.3,91.0,153
421.3,56,25.4,90.3,151
417.8,41,25.6,89.3,114
415.3,35,25.8,88.8,98
412.0,32,25.9,87.3,92
405.0,12,26.2,86.0,50
439.5,58,27.9,87.5,152
418.5,41,28.3,85.5,113
423.5,75,28.4,85.0,161
424.0,42,28.7,83.8,116
417.5,37,28.6,83.3,105
417.8,72,29.4,80.8,159
414.0,61,29.9,80.5,154
416.0,63,29.6,80.5,155
428.5,59,29.6,80.0,153
422.8,59,28.9,82.5,153
438.5,65,27.7,86.5,156
473.0,128,26.2,92.0,188
484.5,128,25.3,94.3,188
475.0,104,25.1,93.5,176
461.0,76,25.2,92.8,161
449.5,80,25.3,92.0,164
441.8,80,25.5,91.3,163
435.5,64,25.7,90.5,155
430.0,66,25.9,89.5,156
421.8,47,26.1,88.5,129
419.5,56,26.3,88.3,151
420.3,40,26.6,88.0,113
418.0,35,26.9,87.8,99
465.5,49,27.6,87.3,134
459.3,45,28.1,85.5,125
441.3,28,28.8,82.0,85
417.0,21,29.3,80.8,69
425.5,20,29.5,80.3,68
409.0,18,29.4,80.5,64
402.5,16,30.0,79.5,59
417.5,29,31.6,77.0,86
433.5,67,29.5,86.0,157
437.3,110,28.9,88.3,179
435.5,96,27.9,87.0,172
424.3,60,28.8,86.0,153
456.8,136,27.3,90.5,193
493.3,166,26.4,92.8,217
513.0,159,26.1,93.0,210
494.0,186,26.2,92.8,236
481.8,173,26.4,92.0,223
474.3,130,26.6,91.3,189
466.5,81,26.8,90.0,164
465.5,89,27.0,89.5,168
467.0,72,27.2,89.0,159
473.8,46,27.5,88.0,126
448.0,46,27.8,86.3,126
433.5,46,28.0,84.8,126
428.5,53,28.1,84.0,144
415.0,31,28.2,84.0,91
411.3,40,28.6,83.0,111
407.0,22,28.9,83.3,72
411.3,42,29.1,82.5,116
410.3,25,30.0,79.0,79
404.0,20,30.6,75.0,68
414.3,42,31.1,73.3,116
410.8,21,30.2,77.8,69
403.0,18,28.5,81.0,64
417.8,43,28.3,83.5,120
443.5,99,27.6,89.0,173
478.8,144,26.5,92.3,197
495.0,228,25.9,93.8,278
501.0,176,25.7,92.0,227
491.3,134,25.9,93.0,192
474.3,119,26.1,92.3,184
463.0,119,26.4,89.8,184
456.5,119,26.5,89.3,184
445.0,78,26.7,88.0,163
429.5,43,27.1,87.0,118
432.5,44,27.5,86.0,121
444.3,69,27.9,85.5,158
438.8,70,28.1,85.0,158
428.3,50,28.4,84.0,136
413.0,46,28.6,82.8,127
414.3,53,29.2,80.0,145
409.3,31,29.7,74.8,90
414.5,31,29.6,78.3,90
410.8,27,30.0,74.3,81
405.3,17,32.3,65.9,61
405.5,7,33.1,62.3,27
404.0,7,31.5,68.5,28
407.0,13,30.5,74.0,53
415.3,48,29.2,81.0,130
423.5,72,28.0,85.5,159
443.5,118,27.2,89.3,183
477.5,174,26.3,92.3,224
476.0,138,25.8,91.5,194
464.5,146,25.8,91.0,198
461.8,158,25.9,90.5,209
457.3,132,26.1,90.0,190
451.0,106,26.4,90.0,177
449.8,111,26.5,90.0,180
446.5,112,26.8,88.5,180
440.0,100,26.9,87.5,174
439.5,146,27.2,86.8,198
429.3,167,27.6,85.0,217
425.0,152,27.9,83.5,202
418.0,159,28.3,82.0,209
425.0,81,29.6,79.8,164
418.0,43,30.2,78.5,119
406.5,54,30.3,78.5,145
416.8,43,34.1,64.0,119
414.5,27,34.9,58.5,82
418.0,49,33.6,64.3,135
430.0,77,31.9,71.3,162
422.5,68,31.0,73.0,158
422.0,68,29.7,77.0,157
426.3,88,28.1,84.5,168
462.5,83,26.8,89.5,165
487.5,100,25.8,91.5,174
434.3,26,33.4,64.8,81
427.5,32,31.1,72.0,92
427.3,49,25.6,90.0,135
421.3,38,25.6,89.0,108
420.3,60,25.8,88.0,153
425.0,83,26.0,88.0,165
440.0,165,26.5,88.5,215
436.0,135,26.8,88.0,192
438.8,82,27.3,86.0,165
437.8,67,27.6,85.5,157
447.3,68,27.9,84.8,157
427.0,84,28.3,83.8,166
423.8,46,29.2,80.8,127
417.3,17,30.4,75.5,61
438.3,24,31.4,76.5,75
413.5,21,30.7,78.3,70
414.5,25,31.0,76.5,79
431.5,69,30.1,83.0,158
421.0,50,28.2,84.3,137
422.0,51,29.5,83.8,138
475.5,163,27.4,91.3,213
501.0,164,26.5,92.5,214
491.5,104,26.0,93.5,176
506.0,106,25.5,94.5,177
505.0,98,25.4,93.3,173
480.3,98,25.5,92.8,173
468.3,98,25.7,91.8,173
449.8,74,26.0,90.3,161
454.8,90,25.9,91.3,169
436.5,63,26.2,89.0,155
430.3,57,26.3,88.3,152
418.0,42,26.5,87.5,118
413.8,47,26.7,86.5,129
421.3,96,27.2,87.5,172
423.0,72,27.9,86.0,160
424.3,33,28.3,82.3,94
423.5,17,28.9,83.0,62
419.3,16,29.9,80.8,59
428.3,25,30.5,81.5,77
413.5,23,30.4,82.0,73
414.8,17,28.9,83.5,62
413.3,38,29.4,80.5,108
416.3,22,32.4,70.8,71
416.3,23,31.2,76.0,74
416.0,37,29.7,81.3,105
431.8,56,28.1,88.0,151
459.3,83,26.9,91.5,165
481.0,88,26.2,93.0,168
478.5,75,25.9,93.0,161
452.8,76,26.0,92.3,162
462.0,95,26.1,92.3,171
453.3,110,26.4,92.0,179
454.8,93,26.5,90.8,170
438.8,59,26.6,89.5,153
435.3,59,26.8,88.3,153
431.0,40,27.1,85.5,112
432.5,38,27.4,85.3,107
426.0,41,27.6,84.8,114
424.3,37,27.7,83.0,104
409.3,23,27.7,80.8,74
399.3,29,28.7,78.0,86
409.8,21,31.8,69.0,69
419.8,30,34.2,61.0,89
419.5,31,35.2,60.3,90
422.3,38,34.7,60.0,106
415.3,31,33.5,64.0,90
416.8,25,32.6,67.0,79
420.0,43,31.1,74.0,120
405.3,27,29.9,77.8,83
426.5,50,29.0,82.5,137
458.5,119,27.3,86.5,184
477.8,138,26.5,87.8,193
467.3,106,26.4,86.8,177
467.0,127,26.5,86.0,188
476.5,142,26.8,86.3,196
466.8,119,27.1,85.5,184
451.5,80,27.5,86.0,164
463.3,55,27.9,85.0,149
459.3,36,28.4,84.5,100
452.6,54,28.6,83.2,145
446.3,59,29.1,79.8,153
473.5,59,29.6,77.5,153
469.5,47,29.9,77.3,129
440.0,39,30.4,75.0,110
415.8,19,31.0,73.3,65
413.0,15,34.4,61.0,57
417.8,13,37.4,55.0,52
415.0,11,37.5,50.3,45
408.5,5,34.7,50.8,19
408.0,8,33.1,58.3,32
408.0,9,32.2,62.3,37
412.0,15,31.0,70.8,57
412.3,22,29.5,77.5,72
416.0,34,27.6,86.0,97
438.3,62,26.4,90.0,154
443.8,38,25.5,91.0,106
440.3,37,25.3,91.0,105
434.3,54,25.3,91.0,146
430.0,66,25.5,91.0,156
429.5,52,25.8,91.3,141
423.0,21,26.1,90.8,69
416.0,18,26.3,90.3,63
406.0,14,26.5,89.3,56
404.5,16,26.7,86.8,58
407.3,15,27.3,82.0,58
417.3,36,28.7,80.8,102
419.5,48,29.0,80.8,132
406.8,25,29.0,80.5,77
405.0,28,29.6,77.3,84
405.5,35,31.4,69.8,98
403.0,18,32.7,68.5,62
407.0,37,33.2,64.5,104
409.8,6,34.6,59.5,26
407.8,8,32.9,65.8,31
414.0,21,30.7,76.0,70
414.5,33,29.2,80.8,96
420.3,49,29.1,81.0,134
431.5,93,28.1,85.8,170
450.3,112,26.6,91.3,180
472.8,117,25.8,92.5,183
477.3,105,25.6,93.0,176
475.8,128,25.8,93.3,188
466.5,117,26.0,92.3,183
461.0,115,26.1,92.0,182
456.3,112,26.3,90.8,180
448.3,152,26.6,89.5,203
442.0,178,26.9,88.5,228
442.0,196,27.2,87.5,246
441.5,84,27.6,85.5,166
431.8,49,28.0,83.5,134
423.3,47,28.2,81.8,128
413.3,35,28.3,79.3,99
412.8,34,28.8,77.8,96
406.3,37,29.7,75.8,104
415.0,19,31.1,68.5,65
412.0,17,32.0,63.0,61
417.4,31,29.5,75.8,91
422.3,63,32.8,67.5,155
428.5,54,31.4,70.8,146
409.1,33,27.4,83.6,95
414.5,53,28.4,84.3,145
434.0,60,27.6,88.6,154
431.4,51,27.6,87.3,140
491.0,79,24.7,94.3,163
488.5,88,24.5,94.0,168
472.0,99,24.6,93.8,174
463.8,100,24.7,93.0,174
457.8,80,24.8,92.3,164
450.5,63,25.0,92.0,155
448.0,60,25.2,91.8,154
440.5,66,25.3,90.5,156
430.3,70,25.5,89.8,159
424.0,81,25.8,88.5,164
420.3,130,26.0,88.0,189
421.3,200,26.3,88.3,250
412.3,38,26.5,86.3,108
410.0,13,27.2,83.0,53
405.5,14,27.4,82.0,54
404.5,17,28.0,79.0,60
413.0,18,33.2,61.3,62
423.0,53,35.3,56.5,143
418.3,54,34.1,61.0,147
424.3,44,33.0,65.8,121
413.0,26,31.3,71.8,79
409.8,31,29.3,78.0,91
411.4,30,27.9,83.4,89
425.5,38,26.6,87.5,107
433.3,35,25.7,89.0,98
437.0,42,25.7,89.3,118
433.8,36,25.9,89.8,102
424.0,26,26.1,89.0,79
429.0,39,26.3,89.3,108
428.3,42,26.5,89.3,116
423.8,18,26.8,86.5,62
411.3,10,27.1,85.0,42
410.8,17,27.3,86.0,60
411.0,15,27.7,86.5,56
412.3,46,28.0,84.8,128
409.5,27,28.4,82.3,81
410.5,16,28.9,80.8,60
413.8,23,29.8,76.5,73
414.8,12,31.1,69.5,49
421.5,17,31.0,70.3,61
406.3,12,29.7,75.8,48
401.5,11,29.0,77.8,44
412.5,16,31.7,69.5,60
414.5,12,32.1,66.8,51
417.5,21,30.1,77.3,70
417.5,24,29.1,82.3,75
426.8,38,27.9,86.8,107
433.0,63,27.1,89.8,155
442.8,27,26.3,91.0,83
470.8,18,26.0,90.8,63
434.8,14,26.1,90.0,56
420.3,14,26.4,88.5,55
429.3,27,26.7,89.0,82
422.8,21,26.8,88.3,70
421.3,17,27.0,87.0,61
414.8,18,27.2,87.0,63
420.5,23,27.5,86.5,73
419.3,39,27.8,85.8,110
414.0,32,28.0,84.8,92
412.0,49,28.2,83.3,133
417.0,57,30.1,74.3,152
411.3,29,28.9,79.8,86
421.0,39,31.8,70.5,111
417.8,25,34.6,64.0,77
414.5,8,35.2,65.0,32
419.0,10,32.2,74.3,40
414.0,11,29.7,83.0,43
421.5,32,30.3,78.3,93
448.3,71,30.4,77.0,159
438.8,54,28.7,84.0,146
433.3,73,27.3,88.5,160
452.8,90,26.1,92.0,169
493.0,77,25.5,92.3,162
518.5,74,25.0,93.0,160
461.8,73,25.0,92.8,160
462.8,74,25.2,92.5,161
477.8,98,25.4,92.5,173
483.8,101,25.6,90.5,174
489.8,61,25.9,91.5,154
504.8,45,26.1,91.5,124
490.8,63,26.5,90.0,155
504.8,60,26.7,89.3,153
464.5,55,26.9,87.8,148
456.6,44,27.1,87.2,123
422.5,32,27.5,85.0,93
437.3,24,28.2,83.5,75
418.5,15,28.6,81.5,56
417.0,14,28.9,82.0,55
418.3,25,28.4,86.8,77
418.0,67,29.3,81.7,157
409.0,51,31.1,75.3,140
423.0,53,29.8,79.5,145
424.0,38,28.9,81.5,107
409.0,35,28.3,84.0,98
413.0,44,27.3,87.8,122
429.5,71,25.7,91.5,159
462.5,99,24.9,93.0,174
458.8,77,24.8,92.0,162
448.0,71,25.0,92.0,159
441.8,62,25.1,91.8,154
437.3,66,25.3,91.0,157
432.0,69,25.6,91.0,158
429.5,68,25.7,90.3,157
429.4,88,26.0,90.0,168
427.0,50,26.3,89.8,137
424.0,29,26.9,88.0,86
420.5,35,26.9,87.5,99
417.4,18,33.7,63.1,64
408.8,13,29.3,76.6,53
422.0,20,30.2,74.0,68
416.8,24,31.7,67.3,75
407.0,23,33.9,65.0,73
410.7,11,31.7,64.0,45
410.0,11,29.1,75.5,43
409.8,11,31.8,67.8,46
407.8,10,31.8,66.5,41
409.0,13,29.5,75.0,53
413.8,12,29.1,79.0,50
423.5,22,28.0,85.3,72
439.3,41,26.8,91.0,115
475.5,41,25.6,94.5,114
491.0,35,25.4,94.0,99
493.7,30,25.4,93.0,88
501.0,38,25.6,93.7,108
490.3,45,25.7,92.0,124
478.0,48,25.8,90.8,132
472.3,42,25.9,89.5,117
463.3,44,26.2,88.3,123
439.3,36,26.4,87.0,102
436.5,28,26.6,86.0,84
425.0,44,26.6,85.5,123
415.5,21,26.7,85.0,70
406.7,51,26.9,85.3,139
413.8,21,27.8,84.8,69
404.5,15,28.8,80.8,56
406.0,17,29.4,78.5,61
409.3,18,28.8,80.3,64
408.8,9,27.9,80.3,35
406.8,9,27.2,82.8,37
409.0,8,30.8,73.5,34
407.5,9,30.0,75.5,37
407.3,8,29.1,80.7,34
405.8,9,28.0,86.8,38
418.3,15,26.5,91.5,58
439.5,13,25.7,91.8,53
417.0,12,25.5,91.0,50
414.5,16,25.5,91.0,58
413.8,18,25.6,91.3,62
414.5,23,25.7,91.3,74
416.0,21,26.0,92.0,70
414.5,20,26.1,91.3,66
413.3,12,26.6,89.3,48
405.3,11,26.5,87.0,45
402.0,11,27.1,87.0,43
403.7,14,27.7,85.0,55
410.0,31,29.7,77.0,91
412.3,53,30.0,75.0,143
413.3,31,30.5,71.8,90
413.5,17,32.0,68.0,61
408.0,12,34.5,65.0,50
406.3,11,33.5,65.8,45
407.7,12,32.4,69.7,48
413.3,11,32.0,68.0,45
412.0,22,30.5,78.0,72
420.3,62,29.4,83.0,154
422.3,68,28.6,84.3,158
427.0,70,28.1,86.3,158
450.0,98,27.0,89.3,173
459.3,101,26.1,91.3,175
443.5,50,25.8,91.5,136
429.3,25,25.8,91.0,79
418.0,18,26.0,90.0,63
408.8,10,26.0,89.3,39
404.5,11,25.9,87.8,45
454.0,60,26.9,88.0,153
440.3,63,27.4,85.5,155
470.3,82,27.9,83.3,164
456.5,86,28.3,81.5,167
433.0,69,28.4,81.0,158
429.8,56,28.7,78.8,151
416.5,19,29.2,73.8,66
414.0,28,29.9,75.0,84
414.0,39,30.7,71.5,110
418.0,45,33.5,65.5,123
422.3,40,35.2,59.3,111
413.3,14,34.3,55.8,55
422.5,26,33.1,66.5,81
426.0,41,31.8,72.0,115
423.3,61,31.2,74.5,154
425.3,54,29.8,77.8,147
446.0,45,28.1,83.3,123
437.5,57,26.8,85.3,152
473.3,87,26.0,92.8,167
488.7,89,25.9,92.7,168
452.8,90,26.0,92.3,169
465.8,146,26.3,92.0,198
458.3,87,26.5,91.0,167
446.3,72,26.7,90.0,160
443.0,72,26.9,89.8,159
431.5,54,27.1,88.3,147
424.3,27,27.2,87.3,83
412.8,27,27.3,85.5,81
435.3,66,28.3,85.0,156
436.0,51,28.8,83.3,140
430.5,49,29.2,81.8,135
423.3,33,29.5,80.5,95
439.3,68,30.6,76.3,157
425.3,44,32.6,68.0,121
424.5,38,33.9,65.5,107
422.8,43,32.8,71.5,120
430.3,60,31.5,75.3,153
429.0,56,31.6,75.5,151
427.3,84,30.7,78.3,166
431.3,101,29.1,84.0,174
454.0,145,28.0,88.3,197
470.8,126,27.2,90.3,187
501.0,141,26.4,92.0,195
500.5,145,26.1,92.8,197
481.5,146,26.2,92.0,198
484.0,119,26.4,92.0,184
477.3,105,26.5,92.0,176
472.0,129,26.8,91.0,189
464.8,106,27.1,90.3,177
464.0,79,27.4,89.5,163
470.3,77,27.6,89.0,162
456.8,86,27.8,88.0,166
439.0,88,27.9,88.0,168
435.5,101,28.2,87.0,174
429.0,90,28.8,83.3,169
416.5,70,29.0,77.8,158
426.0,56,30.1,77.5,151
433.8,58,31.4,71.8,152
437.8,48,34.0,63.5,132
440.3,38,33.6,64.8,107
434.5,41,33.1,66.8,113
428.5,65,31.5,73.5,156
421.3,54,30.3,75.8,147
420.3,59,28.9,81.0,153
432.3,83,27.8,84.8,165
453.5,111,26.3,90.0,180
476.5,112,25.4,91.5,180
468.3,98,25.4,91.8,173
477.3,106,25.5,92.0,177
459.8,92,25.6,91.4,170
472.3,108,25.8,92.5,178
460.8,79,26.1,92.0,163
442.5,67,26.4,89.7,157
458.5,89,26.6,90.0,168
453.8,53,27.3,89.0,144
446.3,50,27.6,87.1,136
436.5,41,27.1,87.8,115
434.5,44,27.8,86.0,121
420.0,39,27.3,86.8,109
427.5,36,27.8,85.5,103
420.3,71,29.4,79.3,159
429.5,56,32.6,65.3,151
433.0,40,34.0,56.0,113
429.5,38,34.5,58.8,107
424.5,46,33.8,64.3,127
427.3,51,33.1,66.3,138
435.8,48,31.8,70.5,132
425.0,46,30.2,76.3,126
429.3,67,28.9,83.0,157
451.0,96,27.7,86.5,172
494.3,131,27.1,88.0,190
502.8,111,27.0,88.0,180
484.0,113,27.3,87.3,181
471.0,137,27.5,86.0,193
470.0,113,27.8,85.0,180
469.0,109,27.9,85.0,179
476.3,113,28.1,84.3,181
462.8,102,28.6,82.3,175
444.0,98,29.1,80.5,173
437.5,81,29.6,78.8,164
433.8,60,30.0,76.3,153
431.3,46,30.7,73.5,128
426.8,35,31.3,70.0,98
421.8,29,32.1,67.8,85
423.0,24,33.7,63.8,75
422.5,26,35.4,60.3,81
429.3,29,36.1,61.0,86
431.0,36,34.8,64.0,103
433.8,25,34.0,64.3,77
430.5,24,33.0,67.8,76
423.5,29,31.3,75.0,86
423.8,32,30.0,79.0,92
423.0,28,29.0,84.3,84
447.0,44,27.8,90.5,123
476.0,54,26.9,91.0,146
483.3,46,26.6,91.3,126
459.3,41,26.8,90.0,115
458.5,40,27.1,89.3,112
461.8,50,27.3,88.8,137
463.5,61,27.6,87.8,154
452.5,60,27.9,86.8,153
457.8,51,28.2,85.8,139
458.8,32,28.6,83.3,92
428.0,31,29.0,81.0,90
429.0,24,29.2,80.0,76
432.3,30,29.6,79.0,89
437.5,34,30.2,75.8,97
427.0,32,31.0,70.8,93
420.8,23,32.7,65.0,74
428.3,14,34.9,57.5,54
422.3,17,35.1,59.5,61
417.3,15,32.6,64.5,57
428.5,14,32.7,65.8,55
431.3,24,32.6,70.5,76
426.3,24,31.6,75.8,76
422.5,21,30.1,82.0,70
426.5,25,28.7,87.3,78
432.8,38,27.7,91.0,108
487.5,67,26.7,91.8,157
473.3,55,26.6,92.0,148
467.3,56,26.8,91.3,151
463.0,44,27.0,91.0,122
451.5,38,27.3,90.5,107
450.0,37,27.6,89.3,105
445.0,37,27.9,88.3,104
419.0,24,28.2,86.5,75
422.3,24,28.3,85.3,76
426.5,21,28.5,84.0,69
422.3,17,28.7,82.3,62
419.8,19,28.9,78.5,64
416.0,23,29.5,73.5,74
419.0,32,30.8,66.0,93
427.0,28,32.8,63.0,84
421.3,10,35.2,58.8,41
421.5,8,35.7,58.0,31
418.3,9,33.4,66.3,35
429.0,12,32.6,67.8,50
430.5,14,31.4,69.8,54
427.5,25,30.0,75.8,79
426.0,43,28.6,83.0,118
433.8,53,27.1,86.5,143
476.3,28,25.9,90.3,83
545.0,22,25.1,92.3,72
499.8,23,24.9,92.0,74
479.8,21,25.1,92.0,69
479.0,26,25.2,91.0,80
454.8,18,25.4,90.0,62
461.0,20,25.4,89.8,68
445.0,25,25.6,88.3,77
432.5,24,25.9,86.5,76
430.5,22,26.1,87.8,72
445.8,29,26.5,91.8,87
433.0,25,26.6,92.0,77
420.8,22,26.6,91.3,71
412.8,15,26.7,90.8,57
410.5,15,26.8,89.8,56
416.0,14,27.4,86.3,54
418.0,18,30.2,75.3,63
414.8,14,34.2,62.8,54
416.0,12,34.0,62.0,50
428.0,12,32.9,66.5,49
422.3,9,31.6,68.0,38
418.0,8,30.3,72.3,33
417.0,10,31.5,71.3,43
417.5,13,27.5,84.8,53
433.0,22,26.3,90.0,71
453.3,25,25.5,92.0,79
444.0,28,25.1,93.0,84
438.3,33,25.2,93.0,95
431.5,34,25.3,93.0,96
439.5,37,25.3,92.8,105
435.5,38,25.5,91.8,106
433.0,34,25.7,91.0,97
433.5,39,25.9,91.0,109
431.0,31,26.2,91.0,91
423.5,25,26.4,89.8,77
419.8,20,26.5,89.0,68
422.8,23,26.8,89.3,73
416.0,12,26.9,86.5,50
416.3,18,27.8,85.8,63
421.8,20,29.3,80.3,66
437.0,17,30.6,77.0,61
421.0,14,31.3,73.8,56
424.0,11,32.0,71.3,44
428.0,10,30.9,74.8,42
425.6,11,30.1,77.9,44
422.0,12,30.0,78.0,50
431.0,24,29.8,80.0,76
438.0,22,30.3,76.3,71
429.3,18,31.1,73.8,64
425.8,17,31.6,73.0,62
419.0,11,31.8,72.0,45
411.5,13,30.7,78.3,53
412.0,20,29.2,83.3,68
412.3,25,27.6,86.3,79
420.8,41,26.3,90.0,114
432.3,26,25.6,91.3,79
435.8,29,25.1,93.0,86
434.8,30,24.9,93.0,87
430.3,39,24.9,92.5,109
435.5,58,25.1,91.8,152
427.3,35,25.2,90.8,98
426.5,39,25.3,90.5,110
422.3,25,25.4,90.0,79
418.0,32,25.5,90.0,93
453.5,60,25.9,89.5,153
420.5,31,26.1,88.8,90
410.8,25,26.4,86.5,79
412.3,24,26.6,84.8,75
406.8,27,26.9,83.5,82
405.0,27,27.6,80.3,82
407.8,22,29.9,73.5,71
414.3,14,31.9,69.3,55
413.8,16,32.1,71.3,58
411.0,13,32.4,66.8,52
407.8,10,32.1,65.3,40
402.8,12,31.7,69.0,49
407.0,16,30.6,72.0,58
415.8,21,29.1,75.8,69
423.5,22,27.5,80.5,72
464.5,40,26.6,86.0,113
454.3,42,25.7,89.0,117
441.5,30,25.5,89.0,87
448.3,41,25.9,90.8,114
471.0,68,26.2,92.3,157
470.8,68,26.4,92.0,157
486.0,65,26.6,91.5,156
478.5,60,26.7,90.5,153
477.5,61,26.9,90.0,154
464.0,60,27.1,88.8,153
430.5,50,27.4,86.8,136
415.5,35,27.6,85.5,98
421.0,44,27.9,83.5,122
415.3,51,28.3,81.0,138
408.3,34,29.0,77.8,96
401.0,22,30.8,71.8,71
403.5,8,32.9,67.0,32
394.0,10,31.3,75.7,43
392.5,10,30.4,79.3,41
405.3,13,29.6,82.0,52
410.8,12,29.4,83.0,50
401.7,14,28.3,85.2,55
408.3,15,27.3,87.3,56
415.8,16,26.4,90.8,59
431.6,16,25.8,92.2,59
461.0,18,25.5,93.8,64
432.3,21,25.1,94.0,69
431.8,26,25.2,94.0,81
437.5,38,25.4,94.3,107
439.0,33,25.5,95.0,95
427.0,40,25.7,94.0,111
425.0,45,25.9,94.0,124
424.8,44,26.0,94.8,121
419.8,34,26.1,94.3,96
421.0,28,26.2,93.8,84
425.3,27,26.5,93.0,82
418.5,24,26.7,92.5,75
420.5,29,26.9,90.3,85
416.8,21,27.1,89.8,69
416.3,37,27.4,89.5,105
422.3,27,27.4,89.0,81
412.0,17,27.3,88.0,60
414.3,33,28.5,84.5,94
422.5,45,31.4,74.5,125
420.8,46,31.5,75.8,127
419.5,46,30.4,79.5,126
419.0,45,29.0,84.8,123
430.3,57,27.7,89.3,152
442.3,56,26.5,93.0,151
471.3,58,25.9,94.5,152
469.5,54,25.7,94.3,147
447.5,55,25.7,94.0,149
432.0,49,25.9,93.3,134
428.0,51,26.0,93.0,138
431.8,53,26.2,92.0,143
425.0,42,26.4,91.0,117
420.5,41,26.5,90.5,116
416.8,26,26.8,90.0,80
413.8,21,26.9,89.8,70
407.5,24,27.1,88.0,75
406.5,22,27.3,86.8,72
405.3,23,27.7,85.8,73
412.8,37,27.4,84.4,104
416.0,39,32.0,70.3,110
420.0,25,35.3,60.4,79
411.6,31,29.7,77.5,91
420.5,22,34.2,63.8,72
418.6,36,30.0,80.3,102
427.1,38,29.5,81.4,107
412.5,31,31.0,76.0,90
409.8,31,29.0,82.0,90
415.5,25,27.6,86.8,77
424.3,29,26.6,90.0,86
453.5,33,25.9,91.3,94
463.0,42,25.8,91.0,117
463.8,63,26.0,91.8,155
454.5,41,26.3,91.3,114
436.3,41,26.6,89.8,115
429.0,34,26.9,89.0,96
426.8,37,27.2,88.3,105
431.3,54,27.5,88.0,145
439.3,52,27.7,87.3,142
431.5,42,27.9,86.8,116
421.5,43,28.1,86.0,118
416.0,51,28.2,85.3,138
406.5,30,28.9,80.8,87
402.5,16,29.9,77.0,60
406.8,26,32.1,71.0,80
410.3,13,32.4,70.3,52
408.3,13,31.0,74.3,53
413.8,33,32.1,71.8,94
409.0,27,31.9,73.8,82
407.3,25,30.9,76.8,77
407.0,18,29.9,79.5,64
403.0,18,28.6,83.8,63
409.8,15,27.7,87.0,57
425.0,20,26.3,91.5,66
432.8,22,25.3,92.8,72
445.8,38,25.0,93.0,107
427.3,23,25.1,92.3,73
421.0,20,25.1,92.0,67
425.0,17,25.2,91.8,61
425.0,20,25.4,90.8,68
422.3,18,25.5,89.8,64
420.0,14,25.7,89.0,55
421.0,11,25.8,88.5,46
419.0,25,26.0,88.0,77
416.8,27,26.3,87.3,81
414.3,15,26.7,86.3,56
411.3,14,26.9,86.5,56
407.8,16,27.1,86.8,59
401.8,15,29.1,81.3,57
400.3,13,29.6,80.0,53
414.4,11,29.7,79.7,46
401.8,12,29.8,79.3,51
406.3,14,30.1,81.3,54
406.3,19,29.0,83.5,66
403.3,18,29.6,80.0,63
406.0,20,28.7,83.0,66
414.8,20,27.8,86.5,68
425.0,24,26.5,91.5,76
430.3,26,25.7,93.3,80
429.0,24,25.5,93.0,75
431.3,26,25.5,92.3,80
425.8,25,25.6,91.8,77
426.8,23,25.8,91.0,74
426.8,24,26.0,90.3,76
428.8,26,26.2,90.5,81
425.5,22,26.4,89.8,72
424.8,28,26.6,89.3,85
419.5,28,26.9,88.5,84
416.8,23,27.1,85.0,73
414.0,21,27.3,85.5,69
414.8,19,28.4,83.8,64
417.3,14,29.1,81.5,54
426.8,13,30.2,77.8,53
428.0,18,32.2,72.0,63
420.0,13,33.2,71.5,52
418.0,15,32.7,72.5,57
424.8,15,31.8,75.5,57
415.8,14,30.4,79.3,56
410.0,13,29.4,81.8,53
409.3,13,28.2,85.8,53
417.5,14,27.0,90.5,56
460.6,16,26.1,93.6,60
441.5,29,25.0,96.0,85
435.8,31,24.8,95.5,90
435.0,23,24.9,95.0,73
432.5,20,25.0,94.8,67
429.5,23,25.2,94.0,73
423.3,18,25.2,94.0,63
421.5,19,25.4,92.8,66
416.0,13,25.5,92.0,53
418.8,12,25.8,91.3,49
419.3,10,25.7,90.3,42
412.0,7,25.9,90.5,29
436.8,19,26.6,91.5,66
422.3,15,26.8,90.8,56
416.5,9,26.9,88.5,37
416.5,8,27.1,85.8,32
423.8,39,30.5,76.5,109
420.3,16,34.4,61.3,58
424.8,14,33.5,65.3,55
411.3,13,32.5,68.5,52
421.3,24,31.3,75.0,76
414.8,17,30.0,79.3,61
417.0,18,28.5,83.8,64
421.8,17,27.3,86.8,61
424.8,17,26.4,90.3,61
435.5,18,25.4,92.3,62
449.0,22,25.3,93.0,71
443.3,15,25.5,92.3,58
433.3,26,25.7,91.5,79
425.3,20,25.8,90.8,67
423.0,24,25.9,90.0,75
426.0,23,26.2,91.0,73
423.4,19,28.4,83.4,66
426.8,20,26.5,90.8,66
424.0,23,26.9,89.0,73
422.0,22,27.6,87.0,71
421.3,18,27.9,87.5,63
416.8,15,28.4,84.5,56
418.0,20,29.1,81.5,66
428.8,24,29.8,80.8,76
422.3,20,30.8,76.0,66
427.0,30,33.1,70.0,88
431.5,17,31.8,74.5,61
417.3,13,30.8,77.0,53
416.0,13,30.2,80.8,53
414.3,12,28.9,84.8,49
412.8,14,27.7,88.8,54
414.5,15,26.5,93.0,56
429.0,19,25.7,95.5,65
442.0,23,24.9,96.3,74
440.5,26,24.7,96.0,81
431.5,22,24.8,95.0,71
432.3,16,24.9,95.0,60
437.3,20,25.0,95.0,66
434.0,22,25.1,94.8,71
428.5,25,25.2,94.0,79
433.5,34,25.3,94.3,97
434.3,42,25.6,94.8,117
429.3,30,25.8,94.3,89
435.8,25,26.2,93.0,77
435.5,15,26.3,92.5,57
421.0,29,26.5,91.0,86
419.5,15,27.9,88.0,57
418.8,11,28.3,85.8,44
413.0,10,28.4,84.5,39
423.5,17,28.8,83.5,61
417.8,21,31.0,78.3,70
413.5,25,29.6,86.8,77
421.5,19,28.5,86.8,66
428.5,27,28.9,86.3,82
440.8,31,27.3,90.0,91
442.5,37,26.4,93.0,105
449.8,35,25.9,95.3,98
470.8,40,25.4,96.5,112
472.8,28,25.2,95.3,84
453.3,28,25.4,96.0,85
436.0,26,25.6,95.5,79
430.0,22,25.6,95.0,72
442.0,33,25.6,95.0,95
436.0,32,25.7,93.5,92
430.0,29,25.9,93.0,85
425.5,15,26.0,92.5,57
422.5,11,26.3,91.5,46
432.0,9,26.5,90.0,36
419.8,5,26.8,89.0,20
410.5,6,26.9,87.3,25
417.0,12,27.9,85.3,50
419.5,14,28.7,79.8,55
423.8,12,33.0,69.5,48
419.5,15,33.9,67.0,58
419.3,16,32.8,69.8,58
417.5,14,31.9,73.5,54
414.3,10,31.4,74.5,39
417.3,14,30.0,77.8,55
413.8,9,28.6,82.8,36
417.8,12,27.4,87.8,49
422.8,8,26.2,90.3,33
433.3,15,25.4,92.0,56
430.5,15,25.2,92.0,57
431.0,13,25.4,91.5,52
427.5,15,25.6,91.0,58
432.8,22,25.9,91.5,71
437.0,36,26.1,92.0,102
429.5,25,26.3,91.5,77
434.3,28,26.7,91.3,83
429.8,34,27.0,90.5,97
424.5,30,27.1,89.5,88
421.3,28,27.4,88.3,84
418.0,25,28.3,83.0,79
415.8,15,28.9,80.3,57
423.3,13,29.6,76.3,53
419.8,10,30.5,76.5,42
428.3,10,32.6,70.0,39
420.8,9,32.2,72.8,35
423.8,14,32.4,72.5,55
419.8,13,31.4,76.8,52
414.5,11,29.9,80.5,46
426.3,13,29.6,83.0,53
427.3,14,28.5,86.5,56
431.5,117,27.1,91.3,183
436.5,19,26.5,93.3,65
446.0,22,25.9,95.3,72
444.3,31,25.7,95.3,91
436.5,27,25.7,95.0,82
433.0,24,25.7,95.0,75
425.8,16,25.7,94.5,60
418.3,11,25.8,94.0,45
420.3,17,25.9,93.0,61
424.5,23,26.2,92.8,74
418.8,20,26.6,91.3,68
426.5,21,27.5,89.0,70
420.5,16,28.0,86.0,59
418.8,13,28.3,84.8,52
415.5,10,28.6,82.5,39
417.0,13,29.3,79.5,53
418.8,31,30.3,76.3,90
414.0,20,31.2,73.5,68
415.3,18,33.8,66.0,63
417.0,15,33.3,65.8,58
419.0,26,32.0,73.0,81
415.3,28,30.8,78.5,84
435.5,35,29.6,84.0,98
420.0,31,28.3,87.3,90
429.3,36,26.9,91.0,100
435.0,34,26.0,93.8,97
438.3,38,25.3,95.0,106
462.0,29,25.2,94.0,86
447.3,32,25.3,93.3,93
443.3,25,25.4,93.0,78
433.0,23,25.7,92.3,74
423.0,18,25.9,91.8,62
415.8,17,26.0,91.3,62
414.5,11,26.3,90.5,45
416.5,9,26.7,88.8,35
424.0,10,27.1,88.0,39
423.5,17,27.5,87.5,61
417.5,15,27.8,86.0,57
413.8,14,27.8,85.0,54
400.8,10,27.9,81.0,41
410.3,17,32.1,69.5,62
412.8,21,33.8,66.5,69
402.8,15,33.0,65.8,57
415.0,18,34.4,64.0,64
407.3,13,32.0,68.5,52
413.8,16,30.8,74.5,58
423.0,18,30.2,77.5,62
407.3,21,28.9,83.3,70
419.5,22,27.6,88.5,71
426.0,27,26.1,91.8,82
442.8,38,25.5,94.5,108
453.8,61,25.3,94.0,154
429.7,40,25.9,90.8,112
433.0,30,25.4,93.0,88
426.5,36,26.4,90.2,102
434.5,47,26.7,90.0,129
434.8,59,26.0,91.8,153
431.8,45,26.1,90.8,124
423.5,43,26.4,89.0,118
426.8,35,26.9,87.0,99
416.5,25,27.3,85.8,78
413.0,21,27.5,84.3,70
405.8,13,28.1,82.5,52
406.5,18,30.0,76.3,63
413.5,16,32.2,70.0,60
411.8,18,33.5,67.8,63
405.0,15,31.5,73.5,58
407.0,18,31.3,72.5,62
402.3,21,30.7,73.5,69
412.3,18,30.5,74.5,64
410.0,18,29.3,79.5,63
408.5,19,28.0,83.5,66
421.5,23,26.7,89.0,73
427.0,29,25.6,91.8,85
454.0,46,25.0,93.0,127
449.3,28,24.7,93.3,84
437.8,27,24.8,93.0,82
428.0,24,25.0,92.0,76
428.0,23,25.2,91.5,74
431.0,33,25.4,90.3,94
425.8,30,25.5,90.0,88
426.3,33,25.7,89.8,95
426.0,35,25.9,89.0,98
424.8,31,26.0,88.3,90
418.0,34,26.1,88.0,96
407.8,29,26.3,86.5,87
408.5,28,26.8,84.3,84
398.8,16,27.3,82.5,58
395.0,12,27.7,81.3,51
393.5,15,27.8,81.5,57
396.3,7,27.5,82.0,30
390.8,6,27.4,82.8,25
396.8,5,27.6,82.0,22
398.8,7,27.9,82.3,28
399.5,8,27.3,85.0,34
400.0,10,27.2,86.8,39
407.0,13,26.1,91.0,53
416.5,15,24.9,93.5,57
444.8,14,24.7,94.0,56
425.8,13,24.7,94.0,53
409.8,10,24.6,94.0,39
405.5,8,24.6,93.3,32
409.0,15,25.0,92.8,58
418.5,33,25.4,93.8,95
411.0,15,25.6,94.5,57
429.3,33,26.0,92.8,95
445.3,65,26.1,92.0,156
454.8,89,26.2,92.0,168
443.3,52,26.2,91.0,142
423.3,46,26.2,91.3,126
411.5,26,26.4,90.3,81
409.3,29,26.8,89.0,85
419.0,19,26.8,86.5,65
411.0,12,28.5,83.8,49
405.3,18,28.4,86.5,63
402.3,13,29.9,77.8,52
405.3,17,31.1,74.3,61
402.5,18,30.1,76.5,63
397.8,21,29.0,80.8,70
400.0,26,27.4,87.3,79
410.8,30,26.2,89.3,89
427.0,31,25.3,91.8,90
442.5,30,24.9,92.8,88
480.3,31,24.7,93.0,90
421.5,34,24.6,93.0,97
416.5,35,24.7,93.0,99
411.8,29,24.8,93.0,86
410.3,24,25.0,92.3,75
414.3,28,25.4,91.5,85
421.3,41,25.7,91.5,115
439.5,52,25.9,89.8,141
434.8,33,26.1,88.8,95
418.5,30,26.1,88.0,89
415.0,37,26.2,88.0,103
416.5,37,26.6,88.5,103
402.3,21,27.1,85.5,69
399.8,14,27.5,85.0,54
399.5,15,27.7,86.8,57
418.5,13,27.6,86.5,52
402.3,11,28.2,80.0,46
406.5,16,30.3,76.8,59
407.5,14,29.3,80.0,56
406.8,17,28.0,84.8,61
407.0,24,27.0,89.8,75
411.8,28,26.4,93.0,85
428.3,40,24.8,94.8,112
483.0,46,24.1,94.3,126
467.5,30,23.7,94.5,87
428.0,22,23.5,94.5,71
421.5,18,23.7,94.0,63
417.5,18,23.9,94.0,64
414.0,11,24.1,94.0,46
417.0,19,24.2,94.3,65
423.5,31,24.4,94.3,91
426.0,28,24.4,94.0,83
426.3,31,24.4,94.0,90
413.0,15,24.6,92.8,57
406.3,10,24.7,92.0,39
402.3,7,24.8,90.5,28
402.0,8,25.2,90.0,31
408.5,17,26.4,89.8,61
420.3,12,26.7,88.8,49
412.3,11,26.9,86.5,45
407.0,16,30.1,77.6,59
407.5,24,29.9,81.5,75
411.3,31,29.8,81.5,90
414.5,19,29.2,82.5,65
407.3,23,27.9,85.3,73
409.3,21,27.3,87.5,70
419.3,25,26.4,90.5,79
433.5,21,25.6,91.3,69
423.8,18,25.1,91.8,63
427.8,13,25.3,91.0,52
424.0,12,25.4,90.8,49
424.5,15,25.5,91.0,56
440.5,15,25.5,91.3,58
429.8,11,25.5,90.3,46
426.8,15,25.5,89.8,58
420.5,14,25.7,88.5,54
425.0,22,25.9,87.3,72
425.0,27,26.2,86.8,83
420.0,21,26.6,85.8,70
420.0,14,27.0,84.3,54
422.0,13,27.4,82.3,52
417.5,15,28.0,80.0,57
429.0,27,31.5,70.5,82
430.0,16,35.5,58.0,60
421.3,12,34.2,60.8,51
424.3,12,33.2,63.8,50
431.5,15,31.8,72.0,56
448.0,17,30.1,77.8,61
427.8,24,28.2,82.5,75
435.0,17,27.4,85.5,61
460.3,24,26.3,89.3,75
465.0,23,25.8,90.3,73
476.0,26,25.6,90.8,79
471.8,33,25.7,90.0,94
452.5,30,25.7,89.0,88
442.5,27,25.7,88.8,82
440.0,32,25.9,88.0,92
436.8,46,26.1,87.8,127
436.0,49,26.5,86.3,133
433.0,49,26.8,84.5,133
433.0,46,27.2,82.8,126
445.8,51,27.8,82.8,140
435.3,59,28.0,83.0,153
426.3,54,28.2,82.0,145
422.5,43,28.7,80.3,118
419.3,36,30.9,71.3,102
422.8,24,32.2,67.3,75
426.8,20,31.4,68.5,67
425.3,22,32.4,66.5,72
429.8,23,33.2,66.3,74
429.0,33,32.0,70.0,94
423.5,23,30.7,75.3,73
423.3,30,29.1,79.5,89
448.0,29,27.3,85.3,87
483.8,63,26.2,88.0,155
464.3,50,25.3,90.0,137
472.8,74,25.6,89.5,161
443.8,22,25.5,88.5,71
431.0,19,25.7,88.0,64
426.3,18,25.9,87.3,63
425.3,16,26.1,86.3,59
426.3,22,26.3,86.3,71
429.3,36,26.5,85.8,100
432.8,27,26.8,84.3,82
448.8,41,27.2,83.3,115
450.5,62,27.5,83.0,155
439.8,46,27.6,82.0,127
426.5,66,27.7,81.0,156
424.5,52,28.9,79.3,142
426.3,26,30.1,77.5,80
416.3,27,29.9,73.8,81
417.8,20,30.4,70.0,68
418.5,17,32.1,66.3,60
426.0,65,32.4,69.8,156
430.3,86,31.7,73.0,167
424.3,45,30.6,76.3,123
429.0,54,29.5,80.5,146
445.0,78,28.1,85.0,163
485.3,92,26.9,89.3,170
480.3,97,26.0,91.8,172
480.3,86,25.9,90.5,167
453.3,46,26.1,89.5,127
447.3,38,26.3,88.3,107
441.3,44,26.5,87.0,121
437.3,42,26.6,86.0,117
438.3,43,26.8,86.0,119
440.8,53,27.0,85.8,144
453.3,74,27.4,82.8,161
458.5,56,28.0,80.3,151
437.8,52,28.2,78.5,142
438.0,40,28.6,78.3,112
426.8,43,29.2,77.3,120
418.5,16,29.8,75.0,60
416.8,11,31.3,72.8,43
419.5,13,31.5,75.3,53
431.8,14,32.6,69.8,54
426.0,17,34.0,64.8,61
424.8,19,32.8,67.3,66
432.8,51,31.8,69.8,138
432.8,33,30.9,73.3,95
430.8,41,29.1,81.3,115
429.8,50,27.8,87.5,136
482.0,122,26.5,91.8,185
520.3,115,26.0,92.5,182
512.5,93,25.8,92.5,170
466.3,48,25.8,91.5,132
472.3,48,26.0,92.8,132
458.0,46,26.2,92.0,126
459.5,58,26.3,91.5,152
483.3,77,26.5,90.3,162
489.0,58,26.7,89.0,152
492.8,77,26.9,88.3,162
462.8,80,27.0,88.0,163
480.5,66,27.1,87.0,156
455.8,63,27.2,86.3,155
433.8,53,27.5,85.5,143
428.5,39,28.1,85.0,110
427.3,39,28.8,82.5,110
445.3,18,29.3,78.5,63
430.8,15,29.9,74.8,56
423.8,24,31.7,75.0,76
434.5,54,30.5,80.5,147
425.5,37,28.1,85.0,105
436.0,66,28.2,86.5,156
439.8,81,27.6,91.3,164
468.3,92,26.9,93.0,170
484.0,125,26.6,92.8,187
515.8,127,25.9,93.0,188
516.3,113,25.8,93.0,181
507.3,114,25.9,93.0,181
492.0,193,26.1,92.8,243
491.0,90,26.4,92.0,169
498.5,77,26.6,91.0,162
492.3,77,27.0,90.0,162
496.0,82,27.4,88.5,165
494.5,65,27.7,87.5,156
490.6,56,27.5,86.8,151
497.0,38,28.1,84.0,106
426.3,21,28.0,83.3,70
421.2,34,27.8,82.8,97
419.5,20,28.4,80.8,68
420.5,19,28.7,82.0,66
432.8,19,29.4,80.6,66
424.8,18,31.4,73.8,63
420.3,44,31.1,76.3,121
426.3,77,31.3,75.3,162
431.3,76,30.3,78.8,162
429.3,46,29.0,81.8,126
431.0,65,28.4,85.3,156
441.8,69,27.3,90.0,158
456.0,68,26.2,93.3,157
468.8,51,25.8,93.3,140
465.0,48,25.5,92.8,131
451.3,55,25.7,92.3,148
441.0,32,25.8,92.0,93
430.8,29,25.8,90.3,86
422.5,21,25.9,89.8,69
418.0,17,26.2,88.3,61
420.0,26,26.4,89.3,79
431.0,44,27.1,87.8,121
434.8,43,27.9,84.8,119
432.5,36,28.4,80.8,100
430.3,40,28.4,80.0,111
419.8,32,29.0,78.3,93
408.3,50,30.1,73.5,138
405.0,18,31.9,66.3,62
420.8,23,35.0,58.5,73
408.8,13,34.5,59.5,52
404.8,14,33.4,62.8,55
412.8,18,32.9,64.5,63
410.0,19,31.5,69.3,65
412.0,29,30.2,73.0,86
418.3,41,29.1,75.8,114
421.5,38,28.1,78.5,106
435.3,58,26.7,83.5,152
467.0,56,26.0,85.3,151
468.0,40,25.9,85.0,112
440.3,38,26.0,84.3,107
430.3,37,26.1,84.0,103
426.5,35,26.3,83.0,99
422.3,30,26.4,80.0,88
423.5,29,26.6,79.0,86
419.8,29,26.8,77.5,86
416.3,28,27.3,75.8,84
412.3,35,27.8,75.5,98
410.8,32,28.1,75.0,92
407.8,36,28.6,75.5,102
401.0,30,29.0,73.8,88
394.8,28,29.4,72.3,85
398.8,33,30.2,70.8,95
406.5,23,31.1,66.0,73
407.8,21,31.4,67.0,69
403.5,18,31.3,66.8,63
404.5,18,31.4,66.8,64
409.0,22,30.5,73.8,71
414.0,19,29.3,75.5,66
412.0,20,28.2,79.8,67
417.3,27,27.4,86.0,83
424.3,27,26.4,88.8,82
433.5,26,25.8,89.8,81
442.3,28,25.6,89.8,84
426.3,26,25.8,88.5,81
419.3,23,25.9,88.0,73
417.3,24,26.1,87.0,75
415.0,23,26.3,85.5,74
413.5,22,26.5,84.3,72
419.5,27,26.9,84.0,83
417.0,35,27.1,83.3,98
415.8,27,27.5,84.3,81
441.5,27,28.0,85.3,81
447.3,17,28.3,83.5,61
417.0,19,28.5,80.3,65
396.0,13,29.1,78.0,52
397.8,13,29.3,76.5,53
396.3,9,30.2,74.8,35
400.5,14,29.7,79.5,56
402.8,17,29.7,79.3,60
405.5,18,30.6,76.8,63
402.0,14,29.6,79.0,54
407.3,12,28.5,83.8,51
408.8,14,27.4,87.0,54
410.3,12,26.5,89.0,50
425.8,16,25.3,92.3,58
459.0,24,24.6,94.3,75
422.8,21,24.4,94.3,70
419.5,24,24.3,94.8,76
415.3,29,24.4,93.8,86
412.3,26,24.6,93.0,80
412.5,24,24.7,92.0,76
408.5,15,25.0,91.8,57
405.5,12,25.2,91.3,49
413.5,14,25.3,91.0,55
414.8,44,25.5,90.0,122
406.3,12,25.6,88.8,48
402.0,15,25.8,86.5,57
401.0,11,26.0,86.0,46
402.8,14,27.4,78.8,56
411.8,18,30.6,75.8,63
411.5,17,31.3,72.8,61
407.7,22,31.6,74.3,72
407.5,28,31.4,74.5,84
406.8,26,31.2,76.0,81
403.0,25,30.7,78.0,78
409.0,24,29.5,81.3,76
405.0,27,28.4,85.3,82
412.5,24,27.1,88.5,75
435.0,30,26.1,92.0,87
428.3,31,25.4,93.0,90
437.3,35,25.6,93.5,99
427.3,32,25.4,92.8,93
422.8,25,25.6,91.8,79
419.3,23,25.6,91.0,74
421.0,16,25.6,90.3,58
405.5,12,25.7,88.5,49
403.8,16,25.8,87.5,58
400.3,10,26.0,85.8,39
399.5,7,26.0,84.5,28
413.5,21,27.9,78.0,70
410.8,14,28.6,73.8,54
403.8,15,28.9,71.5,57
403.0,18,29.6,76.5,63
404.3,17,31.3,73.8,62
413.8,19,34.9,62.5,65
403.5,12,34.5,63.0,51
401.0,11,32.7,68.0,43
400.3,13,31.7,72.0,52
400.0,16,31.0,75.0,59
402.3,22,29.5,80.3,72
411.5,25,28.0,83.3,77
422.0,29,27.1,85.5,87
421.0,25,26.2,87.8,77
435.3,29,25.7,88.3,85
431.3,30,25.4,89.0,87
424.3,24,25.5,88.8,75
418.0,22,25.8,87.8,72
411.6,22,26.0,86.2,71
413.3,31,26.1,87.5,91
418.8,42,26.3,86.8,117
429.5,66,26.7,85.0,156
438.0,46,27.4,85.0,127
424.3,50,27.8,83.8,137
408.8,33,27.8,82.2,96
413.0,32,28.3,79.5,93
406.0,30,29.7,74.0,88
412.3,37,31.4,73.5,104
420.5,55,33.1,66.5,148
416.0,18,36.2,54.3,63
414.0,78,35.6,52.8,163
410.0,20,33.8,56.5,68
408.5,17,32.9,62.3,60
417.8,41,32.3,67.5,113
421.8,41,30.8,70.5,115
416.8,38,29.5,71.8,108
430.8,83,27.6,85.8,165
454.8,119,26.5,90.5,184
550.0,74,25.9,91.5,160
449.5,39,25.5,91.0,110
431.2,31,25.7,90.6,91
420.5,28,25.8,89.8,84
417.0,21,26.1,89.0,70
416.3,32,26.3,89.3,92
413.3,37,26.5,89.0,105
421.8,61,26.7,87.0,154
418.0,59,27.0,84.6,153
412.5,38,27.1,83.5,106
412.8,40,27.3,82.0,112
408.5,32,27.6,80.8,93
404.0,30,28.0,78.8,89
408.5,32,29.1,77.0,93
415.0,40,30.5,76.5,112
411.0,28,31.9,66.0,84
413.5,16,33.7,60.0,60
411.5,12,32.8,62.5,50
418.5,23,31.8,71.0,74
422.8,56,30.6,77.8,151
420.8,85,29.6,80.8,166
418.0,66,28.3,85.0,156
417.5,44,26.6,91.5,121
433.8,38,25.5,92.5,108
445.3,27,24.8,93.5,82
450.8,31,24.4,94.0,90
439.3,43,24.6,93.3,120
428.8,32,24.7,93.0,92
422.8,27,24.8,92.5,82
418.3,24,24.9,92.0,75
411.8,19,25.1,91.3,65
410.0,17,25.2,90.3,61
410.0,25,25.3,89.8,78
414.3,22,25.3,88.8,72
404.5,15,25.4,87.5,56
406.8,11,25.6,86.5,43
401.5,10,26.1,85.3,42
403.3,14,26.7,82.8,54
401.8,16,27.5,77.3,59
410.8,22,31.4,69.0,72
415.0,26,33.2,68.5,80
406.0,21,32.6,68.5,69
402.3,13,31.8,72.3,53
400.8,14,30.4,75.8,54
409.5,10,29.8,76.3,39
404.3,15,28.7,81.5,56
408.8,22,27.2,85.5,72
424.8,30,26.2,90.0,87
453.3,22,25.4,91.5,71
441.3,18,25.1,91.8,63
424.0,15,25.4,90.5,58
415.5,18,25.5,90.0,63
421.5,19,25.7,89.3,65
414.0,13,25.9,89.0,52
411.3,12,26.1,88.0,51
411.3,12,26.3,88.0,50
415.8,21,26.4,88.3,69
423.0,21,26.7,88.3,70
414.8,28,26.9,89.0,84
414.3,29,27.3,89.0,86
411.8,12,27.7,87.0,50
418.3,10,28.4,84.8,42
416.3,14,29.3,80.5,56
413.8,18,30.5,75.5,63
417.3,27,31.9,72.0,82
415.8,19,31.9,72.5,66
414.5,23,31.1,75.0,74
410.5,21,30.4,78.0,70
408.0,17,29.0,81.8,60
405.8,16,28.1,83.5,59
411.5,16,27.1,86.0,60
419.3,22,25.8,90.8,71
435.5,35,24.7,93.0,99
442.5,23,24.4,91.8,74
429.0,16,24.5,91.0,59
424.8,21,24.7,92.0,70
417.5,24,24.8,91.3,76
415.0,19,25.0,90.3,66
410.8,18,25.1,90.0,63
409.8,21,25.4,90.0,69
405.5,14,25.7,89.5,54
407.3,12,25.9,89.0,49
408.5,15,26.2,90.0,58
409.8,33,26.7,88.8,95
412.8,29,27.6,84.8,86
412.5,15,28.6,77.8,56
409.8,16,29.5,76.3,59
425.3,20,30.7,71.8,68
411.8,10,31.6,65.5,40
411.5,7,32.9,62.5,29
412.5,11,32.3,66.5,45
416.6,23,28.4,80.3,73
405.0,15,29.1,79.3,56
402.0,21,28.5,81.8,69
415.8,53,27.5,86.0,143
423.0,30,26.2,91.5,87
438.0,36,27.4,87.3,102
428.5,34,26.7,89.0,96
421.3,17,25.2,93.0,61
419.8,17,25.4,92.0,61
420.0,13,25.5,91.8,53
406.8,11,25.5,91.0,44
414.5,22,25.7,91.0,72
421.8,43,25.8,90.5,119
424.3,27,25.7,88.0,82
416.8,18,25.9,86.5,63
413.5,12,26.0,85.0,49
406.8,5,26.1,82.5,19
399.0,4,25.8,82.0,15
405.5,11,28.7,82.0,45
414.5,24,30.0,79.3,76
412.0,13,33.3,64.0,52
416.0,14,33.9,65.0,54
408.5,20,33.9,65.5,67
403.8,17,32.6,67.8,61
409.8,17,31.7,69.0,62
412.5,10,30.7,70.8,41
417.0,19,29.5,75.8,66
408.8,19,27.6,81.0,64
417.0,33,26.1,87.0,94
441.5,40,25.4,89.0,112
441.3,30,25.3,88.5,87
430.5,34,25.5,88.0,96
427.5,34,25.6,87.8,96
422.5,34,25.9,87.0,96
417.3,29,26.0,87.0,85
415.8,27,25.9,86.0,81
417.8,27,26.2,85.8,82
416.8,21,26.4,84.8,69
409.8,17,26.5,84.5,61
407.3,18,26.6,84.0,62
405.3,14,26.6,83.8,56
401.3,14,26.4,86.0,54
400.0,15,27.1,82.5,56
406.3,23,28.2,78.8,74
412.5,30,28.6,79.8,87
414.3,37,29.5,77.3,105
402.5,28,30.3,73.0,84
406.8,20,30.2,70.8,67
408.0,35,31.0,74.5,98
409.8,29,29.6,80.8,86
416.8,32,28.1,85.3,93
422.2,40,27.1,87.2,113
447.5,45,26.3,89.3,125
445.5,46,26.0,88.5,126
452.0,46,26.0,89.0,127
435.5,47,26.2,88.0,129
431.5,52,26.3,87.3,141
432.8,57,26.5,86.8,152
439.3,65,26.8,85.3,156
433.8,66,27.1,84.0,156
429.5,67,27.2,83.0,157
434.8,67,27.7,82.0,157
427.0,58,28.0,80.0,152
421.0,41,28.1,78.5,113
413.0,29,28.4,75.5,85
407.8,21,28.9,74.8,69
405.8,33,30.5,69.8,94
409.0,23,32.3,67.0,74
410.8,27,32.9,66.8,82
413.3,35,34.9,61.3,99
412.7,25,34.2,60.7,79
406.8,28,33.4,64.0,84
407.5,27,32.1,70.5,81
407.7,32,30.3,77.0,92
410.0,30,29.3,81.0,88
428.0,65,27.8,86.5,156
455.3,74,26.9,89.8,160
459.5,77,26.7,90.0,162
474.3,90,26.9,89.0,169
468.3,93,27.2,88.8,171
464.8,90,27.4,88.0,169
460.0,80,27.7,87.3,164
452.8,82,28.1,86.0,165
449.8,71,28.3,85.3,159
427.8,41,28.7,83.5,115
415.8,25,29.0,82.5,78
422.0,31,29.2,80.8,91
421.0,32,29.4,79.0,93
414.0,39,29.7,74.5,108
414.8,39,30.5,72.5,110
418.8,28,30.8,71.0,84
414.8,41,31.3,71.0,114
414.6,33,32.9,62.4,96
406.5,33,34.4,58.5,94
413.5,50,34.1,60.5,135
414.3,41,32.8,67.0,114
410.3,46,31.3,71.8,126
406.5,45,30.1,75.3,123
412.8,43,28.9,79.5,121
443.8,115,27.5,87.3,181
490.3,101,26.6,89.3,174
466.8,62,26.2,89.5,154
455.5,53,26.3,88.8,143
454.3,41,26.7,88.5,114
448.0,39,27.0,87.5,110
435.8,37,27.3,85.8,105
438.0,37,27.6,84.5,103
430.3,39,27.9,83.3,110
417.3,19,28.3,81.5,65
412.3,27,28.8,77.8,83
421.0,33,29.2,75.5,95
412.0,19,29.6,73.5,65
411.3,23,30.0,72.3,74
417.3,26,30.8,70.3,80
412.3,39,31.8,69.5,110
409.3,39,32.5,67.3,110
404.8,32,32.3,66.5,93
405.3,30,31.1,72.5,88
403.0,29,29.9,76.0,87
406.8,35,28.7,79.3,98
423.8,36,29.5,78.8,103
413.3,42,28.5,83.5,118
428.8,64,27.3,86.8,155
478.5,76,26.5,88.0,162
471.5,76,26.2,88.0,161
453.8,89,26.3,87.0,168
455.0,77,26.7,85.5,162
448.5,69,27.1,85.5,158
447.0,77,27.3,85.0,162
441.3,81,27.5,84.3,164
440.8,75,27.7,82.8,161
434.0,73,28.0,80.8,160
437.5,59,28.4,78.8,153
427.5,55,28.6,76.3,148
414.5,42,28.8,76.5,118
419.5,55,29.9,77.5,148
423.5,31,30.6,72.0,90
403.0,42,30.7,68.8,118
405.5,19,30.5,72.8,65
400.8,27,31.4,70.3,82
404.8,21,33.3,59.8,69
403.3,20,32.7,61.8,66
409.0,27,31.9,69.0,82
411.3,29,31.3,68.3,87
407.8,28,29.4,75.5,84
405.3,21,27.7,83.8,70
413.8,21,26.3,87.5,69
421.3,25,25.4,89.8,79
419.8,26,25.3,90.0,80
414.8,27,25.5,89.0,81
409.8,30,25.7,88.0,87
408.5,24,26.0,88.0,75
414.8,41,26.1,88.5,114
415.5,54,26.4,87.5,146
409.3,44,26.6,86.3,122
407.3,41,26.7,86.0,115
412.5,42,27.1,85.0,116
414.0,50,27.5,85.0,137
419.5,35,28.3,85.3,98
412.8,24,28.6,82.3,75
415.0,30,29.0,80.3,88
408.5,29,29.1,77.8,87
404.8,22,30.3,73.3,72
410.0,36,32.7,66.0,102
410.5,38,33.9,60.3,107
410.8,36,33.3,62.5,102
411.3,62,31.6,69.3,154
414.0,33,30.2,74.8,94
408.3,30,29.6,76.8,88
410.0,38,28.7,82.0,107
423.8,63,27.7,86.5,155
437.3,61,27.0,88.8,154
420.3,39,26.5,87.8,110
413.3,35,26.6,86.0,98
411.5,28,26.8,88.0,85
407.8,28,26.9,88.0,84
411.0,39,27.1,87.5,110
424.8,65,27.5,86.5,156
433.8,55,28.0,85.3,150
426.0,36,28.5,84.0,102
418.5,14,28.6,82.5,54
437.8,33,28.8,80.8,94
420.5,35,29.0,80.0,99
407.3,27,29.2,77.5,83
405.0,29,29.3,75.5,86
402.4,23,29.9,76.2,74
408.8,54,30.6,75.8,147
412.0,66,31.3,72.5,156
407.8,62,33.1,66.0,154
404.8,57,32.0,69.8,152
404.0,56,30.6,77.8,151
405.5,56,28.8,83.0,151
409.5,57,29.5,79.5,152
412.8,63,28.6,82.3,155
453.0,65,26.7,88.5,156
447.8,61,26.4,88.0,154
425.5,55,26.4,87.5,149
429.8,76,26.6,86.5,161
428.0,71,26.8,86.3,159
434.3,78,26.9,85.5,163
431.3,74,27.2,85.3,160
428.8,64,27.4,85.0,156
429.8,70,27.6,85.3,159
431.3,78,27.9,84.8,163
423.0,79,28.1,84.0,163
416.8,66,28.4,83.0,156
413.5,65,28.7,81.5,156
407.3,59,29.1,81.0,153
408.0,51,29.5,79.0,138
406.8,33,31.4,71.8,94
399.8,31,30.6,77.0,90
409.0,32,31.7,69.5,93
403.0,30,32.7,67.0,88
403.3,31,30.8,73.3,90
404.3,20,29.6,78.0,68
401.0,19,29.0,77.3,64
439.3,60,26.8,86.0,154
427.3,48,26.6,84.0,131
414.8,33,26.7,83.8,94
416.8,36,26.8,84.3,102
417.3,52,26.9,84.3,142
414.8,58,27.1,84.0,152
416.3,38,27.2,83.8,107
410.3,37,27.4,83.0,104
409.3,29,27.5,80.8,86
408.8,33,28.0,80.5,94
411.5,29,28.9,79.0,86
438.3,27,30.1,73.3,82
406.5,21,30.2,71.8,70
415.0,28,33.7,62.0,84
418.8,41,35.4,58.0,115
408.5,24,34.7,58.0,76
411.8,31,33.5,63.0,91
429.3,93,32.3,67.5,171
438.8,81,30.8,72.8,164
423.3,58,29.8,78.3,152
431.5,68,28.6,82.8,157
455.0,97,27.4,88.3,172
487.8,113,26.4,91.8,181
485.5,96,26.1,92.0,172
455.0,80,26.2,92.0,164
463.3,75,26.2,91.8,161
461.3,50,26.4,91.0,137
435.3,46,26.2,89.4,126
446.3,46,26.9,89.8,126
426.8,33,27.2,88.3,94
449.8,47,27.5,88.0,130
467.5,42,28.0,86.3,116
446.1,41,28.4,85.0,114
436.8,30,28.4,82.8,87
421.3,29,28.6,81.3,85
435.0,25,29.2,79.5,79
417.0,27,29.5,78.5,83
417.0,20,30.0,77.3,67
412.3,28,30.1,77.5,84
412.5,27,31.3,72.5,83
415.0,58,31.6,75.5,152
421.5,92,30.8,77.3,170
420.5,73,29.7,81.3,160
423.5,90,28.3,85.3,169
442.3,124,27.3,89.8,187
449.0,114,26.1,93.8,181
479.8,93,25.5,95.3,170
492.8,53,25.3,94.5,144
430.8,32,25.3,93.8,93
423.5,23,25.4,93.8,73
422.5,34,25.5,93.5,96
420.3,27,25.6,92.5,82
414.3,29,25.7,93.0,86
414.3,30,25.8,93.0,89
422.8,59,26.4,89.5,153
431.0,52,26.8,89.8,141
429.8,35,27.0,88.5,99
432.0,29,27.3,87.0,86
415.3,23,27.3,86.3,73
415.8,18,27.3,85.5,62
411.8,9,27.3,82.8,36
412.8,28,27.8,84.8,84
421.0,72,28.8,84.0,160
413.0,58,30.9,73.5,152
416.5,57,32.1,69.3,152
421.0,48,31.4,72.0,130
414.3,46,30.3,76.8,127
411.5,34,30.0,76.3,97
416.3,55,28.4,84.3,148
451.3,84,27.1,89.0,166
458.3,95,26.1,91.8,171
467.5,72,26.0,92.0,160
435.3,66,26.1,92.0,157
435.5,62,26.3,92.0,154
438.0,57,26.5,91.3,152
441.8,50,26.6,89.8,136
428.8,45,26.8,88.3,125
425.3,32,26.9,86.8,93
411.0,28,26.9,86.0,85
410.3,25,27.1,86.3,77
408.0,30,27.4,84.8,89
412.3,36,29.1,75.5,102
412.3,35,29.9,73.3,99
417.0,28,31.0,70.5,85
427.0,39,33.4,62.0,110
433.8,27,36.9,54.3,81
416.0,22,35.6,56.5,72
412.3,21,34.2,58.8,69
415.5,25,33.0,61.3,77
421.5,49,31.6,68.0,135
428.8,35,30.4,73.3,99
413.5,33,29.1,79.0,94
413.3,40,28.0,85.0,111
422.5,37,26.8,89.5,104
443.8,58,25.8,92.3,153
441.5,53,25.5,91.5,145
423.0,42,25.7,90.3,116
413.8,34,25.9,89.5,96
410.3,32,25.9,89.0,93
406.8,26,26.0,88.3,79
404.0,28,26.1,87.8,83
404.0,33,26.6,86.3,94
407.3,21,27.3,81.5,69
408.0,28,28.3,80.0,85
412.3,25,29.1,78.0,77
412.8,20,29.3,76.3,68
409.8,25,29.8,73.0,77
414.5,31,30.8,68.8,90
415.8,35,33.0,64.8,99
420.0,47,35.4,58.8,129
424.5,22,34.6,60.5,72
408.5,23,33.2,65.3,73
406.3,21,32.4,66.0,70
409.5,26,31.3,69.0,80
416.5,48,30.0,76.8,130
418.3,56,28.8,82.0,151
431.3,62,27.3,86.5,155
462.0,59,26.1,89.0,153
519.3,51,25.9,90.3,139
482.3,55,25.8,90.8,149
455.5,42,25.9,90.3,118
441.8,36,26.0,90.0,102
439.3,40,26.2,91.0,111
447.0,62,26.5,91.0,154
458.3,72,26.7,91.0,159
494.8,63,26.7,90.5,155
482.3,37,26.7,89.0,105
490.0,38,26.8,87.0,107
420.0,19,26.7,84.0,66
402.3,12,26.1,82.8,49
411.5,27,28.2,81.3,82
412.3,38,29.8,75.5,107
418.8,31,31.1,70.5,90
420.0,54,32.6,62.8,147
419.8,42,33.6,60.0,116
414.5,53,32.4,66.0,143
420.8,95,31.2,70.5,171
424.5,103,31.1,70.3,175
422.8,63,30.5,71.8,155
430.5,89,29.1,78.3,168
437.3,92,27.9,83.5,170
443.8,71,26.5,87.8,159
465.8,48,25.5,89.3,131
476.5,54,25.3,89.0,145
455.8,57,25.3,89.5,152
455.5,53,25.5,90.0,145
443.5,40,25.8,89.5,112
429.5,35,26.1,88.3,99
454.8,65,26.4,90.3,156
450.3,70,26.7,89.0,159
443.5,75,27.0,88.0,161
433.0,84,27.5,86.5,166
445.3,105,27.7,86.0,176
457.5,87,27.9,85.0,167
433.0,81,28.0,83.5,164
427.3,53,28.4,82.0,143
420.5,47,28.8,82.8,129
420.3,53,28.7,81.3,145
412.5,37,29.8,72.8,105
410.3,43,32.7,65.5,119
420.5,52,32.2,68.5,141
420.3,35,31.4,73.5,99
418.3,22,30.3,73.8,71
417.5,21,28.8,81.5,70
421.8,28,27.4,86.8,83
450.5,32,26.3,91.0,92
444.0,29,25.6,92.5,86
430.3,29,25.3,93.0,86
424.0,34,25.3,92.5,96
420.3,30,25.4,92.0,88
415.5,29,25.4,91.8,87
423.5,48,25.5,91.0,130
415.3,54,25.6,91.0,147
416.8,51,25.8,90.0,138
440.5,55,25.9,89.3,149
421.8,34,26.5,87.3,96
427.0,41,26.7,86.8,113
420.8,35,27.0,87.0,99
414.8,25,26.8,86.0,79
404.0,28,26.4,86.0,84
411.8,31,30.1,74.0,91
415.0,72,31.8,69.0,159
409.5,38,33.4,60.7,107
408.0,24,32.3,65.8,75
407.8,27,31.4,69.5,82
410.0,25,30.9,67.5,78
412.5,29,31.0,66.5,86
410.8,33,30.0,72.4,94
429.0,66,28.4,83.0,156
435.5,65,27.5,84.8,156
436.8,51,26.5,87.5,139
430.0,57,26.3,87.0,152
421.3,44,26.4,85.5,121
426.3,35,26.7,84.3,98
417.5,26,26.8,83.3,80
417.3,29,27.1,82.0,86
417.5,33,27.4,80.0,94
416.5,32,27.8,78.8,93
418.8,37,28.2,78.8,103
422.0,32,28.7,79.5,93
419.5,24,28.9,78.0,75
413.2,18,29.1,75.6,63
407.0,23,29.4,74.8,74
408.3,28,30.2,72.5,85
410.0,18,30.9,72.8,62
412.0,17,32.7,68.0,61
409.3,21,33.2,64.8,70
402.0,16,32.6,64.5,58
405.8,17,32.1,66.3,61
414.5,22,31.6,69.8,71
414.2,20,30.6,73.8,67
409.8,20,29.0,77.8,68
409.3,19,28.7,78.8,65
418.3,23,27.2,83.3,74
439.0,31,26.2,87.7,90
428.0,36,25.9,88.0,102
422.8,36,26.1,87.5,100
419.2,46,26.3,86.2,128
413.3,24,26.5,84.8,76
410.3,25,26.8,83.5,77
407.8,25,27.1,82.0,77
407.0,23,27.5,81.0,73
408.0,26,27.8,82.2,81
410.0,28,28.2,82.5,83
406.0,23,28.5,82.3,73
405.3,19,28.7,81.5,66
404.0,19,29.3,79.3,66
405.3,23,30.2,76.3,73
406.8,26,31.8,70.3,79
412.5,30,32.7,67.3,88
400.5,24,32.5,62.3,76
403.8,29,31.3,66.8,85
406.0,23,31.6,65.8,73
400.6,15,30.7,68.6,57
404.5,15,29.8,71.3,56
401.6,14,29.1,73.4,55
406.3,15,27.6,78.0,56
420.5,19,26.6,82.5,64
424.8,20,25.6,84.3,67
420.8,18,25.6,83.3,62
409.3,18,26.1,81.0,62
411.3,19,26.4,82.0,66
410.0,24,26.4,83.0,76
406.3,26,26.8,81.0,81
403.3,19,27.2,78.5,65
408.5,31,27.6,80.3,90
413.3,34,28.0,83.5,96
405.5,20,28.4,82.3,67
404.3,24,28.7,81.5,75
411.0,60,29.1,79.3,153
421.2,158,30.3,74.7,208
406.0,21,31.4,68.3,70
416.8,23,32.4,62.4,75
407.3,12,32.0,64.8,49
403.5,9,31.7,64.0,36
406.8,8,30.9,64.8,33
406.3,9,30.5,66.8,35
410.0,14,29.8,71.3,54
421.5,14,28.5,76.3,56
406.3,12,27.4,77.0,49
416.0,17,26.7,81.5,62
424.3,21,25.7,85.0,69
452.5,21,25.1,86.5,69
415.8,20,25.1,86.5,68
407.5,17,25.5,84.8,61
411.8,19,25.3,84.8,66
405.8,19,25.6,86.0,66
407.3,20,25.8,85.3,68
408.5,13,26.1,81.3,53
415.0,12,26.4,81.0,48
428.0,37,26.7,81.0,105
430.5,37,26.9,80.8,104
423.0,16,27.1,78.5,58
412.5,16,27.3,77.3,59
406.8,12,27.4,77.3,49
399.2,12,27.0,79.4,50
414.1,30,28.3,78.9,89
403.8,14,31.6,66.3,56
402.3,8,31.7,65.5,31
403.0,5,32.2,61.0,22
403.3,6,31.8,63.0,25
412.9,28,29.4,77.6,84
406.3,8,29.0,75.3,34
413.5,13,27.6,80.3,53
427.5,17,26.5,85.3,60
453.0,31,25.5,88.3,90
447.3,25,25.1,89.0,79
433.8,16,25.2,87.3,60
417.5,8,25.3,87.0,33
418.0,17,25.4,87.5,62
413.8,21,25.5,85.8,70
409.0,19,25.7,85.3,65
406.5,17,25.9,85.0,61
405.3,48,25.7,85.5,131
404.0,8,25.9,85.3,31
408.8,19,27.5,82.8,65
411.3,22,28.2,82.0,72
411.3,17,28.3,79.8,61
409.5,16,28.5,77.5,59
403.0,11,29.0,75.0,46
403.5,19,29.9,74.5,64
404.3,14,31.6,69.3,56
403.3,9,32.0,69.7,37
402.8,14,31.1,74.5,55
404.5,20,29.8,80.0,68
408.0,19,29.3,80.5,66
406.0,14,28.7,81.5,54
408.8,15,27.5,85.8,58
423.8,41,25.9,92.0,114
432.3,45,25.5,91.5,125
489.3,30,25.2,91.8,87
425.0,14,25.2,91.3,56
420.0,14,25.2,91.0,54
409.0,13,25.2,90.0,52
403.8,5,25.3,89.8,21
406.3,13,25.5,90.0,53
406.3,5,25.7,89.3,20
405.5,13,26.0,88.0,52
404.3,16,26.6,86.8,58
404.5,19,26.9,87.0,64
423.3,39,27.3,87.0,110
425.0,45,27.4,86.3,123
427.5,37,27.9,84.8,105
421.3,17,28.2,83.0,61
411.8,21,29.0,78.8,70
415.8,42,31.5,68.8,116
408.0,18,32.8,64.8,63
409.3,20,32.6,65.0,68
412.5,18,31.6,68.5,63
414.8,22,30.4,74.0,72
410.8,31,29.0,79.5,90
411.0,21,27.8,83.8,70
413.3,23,26.6,87.5,73
431.5,42,25.8,89.8,117
439.8,43,25.5,90.0,120
430.0,35,25.6,90.0,98
423.8,42,25.6,89.5,117
420.5,52,25.7,89.0,140
417.5,56,25.9,89.0,151
413.3,37,26.1,88.5,105
406.8,31,26.2,87.5,91
409.5,33,26.5,86.3,94
408.8,23,26.8,84.8,73
415.5,22,27.0,83.8,72
420.0,21,27.1,85.0,70
411.8,19,27.4,85.5,65
439.0,41,28.0,84.5,116
409.0,23,28.2,83.0,74
403.3,17,29.0,79.8,62
402.5,13,30.8,72.0,52
405.3,18,31.7,72.5,63
402.5,15,30.6,74.8,56
403.3,17,29.7,79.0,62
405.0,25,28.6,83.3,77
407.5,28,28.0,85.0,83
410.8,24,27.4,87.0,76
437.5,25,26.7,89.5,78
436.3,21,26.0,90.3,69
465.5,26,25.9,90.0,80
485.8,24,25.8,91.3,75
429.0,19,25.7,90.5,65
423.0,21,25.8,89.8,69
414.8,22,26.0,89.0,72
412.5,18,26.1,89.0,62
411.0,21,26.3,88.5,69
420.5,23,26.5,90.0,73
425.5,21,26.7,89.0,70
418.5,17,26.8,88.0,61
409.0,76,26.8,87.0,162
404.8,15,27.0,84.5,56
404.3,17,27.6,85.5,61
404.8,24,28.6,83.0,75
412.0,15,30.4,75.8,57
414.5,14,31.6,73.8,55
403.0,12,32.0,69.8,49
402.8,11,31.3,72.3,44
409.5,17,30.4,76.8,60
406.5,12,29.1,79.0,49
410.3,16,27.9,84.5,59
406.3,17,26.9,88.0,60
419.8,17,25.8,91.0,62
431.0,23,25.2,91.8,74
502.5,35,25.0,92.8,98
428.0,45,24.9,92.0,123
423.8,13,25.1,92.0,52
419.5,16,25.2,91.8,58
412.8,14,25.3,91.0,54
412.5,20,25.5,90.5,67
413.5,24,25.6,90.0,76
412.8,12,25.6,89.8,50
409.3,10,25.9,88.5,39
406.0,7,25.8,88.0,27
432.0,12,26.1,87.5,51
432.3,11,26.3,85.8,44
401.3,8,26.5,83.0,31
401.0,7,27.7,79.0,30
414.0,21,31.9,71.3,69
417.5,20,33.2,67.3,68
412.0,12,33.0,63.8,50
405.0,14,32.1,66.5,54
406.8,11,30.8,71.5,43
417.3,8,30.1,73.3,31
411.5,8,28.9,76.0,31
413.8,10,27.8,80.0,40
413.0,19,26.4,86.5,66
421.5,20,24.9,90.3,67
430.8,17,24.5,90.8,60
414.3,16,24.5,91.3,59
413.3,16,24.7,92.0,60
410.5,15,24.7,91.0,57
407.0,14,24.9,90.0,54
407.5,11,24.9,90.8,45
410.0,17,24.9,92.0,62
418.3,23,25.0,92.3,74
410.3,18,25.0,91.0,63
404.8,15,25.0,90.5,57
407.3,12,25.1,89.5,50
405.8,13,25.3,88.5,52
402.0,12,25.7,87.0,50
406.5,9,25.7,84.3,36
406.0,16,27.1,80.5,59
408.8,11,29.3,76.5,45
405.5,10,30.1,76.5,42
405.5,14,32.6,66.3,55
409.5,10,31.3,69.3,41
407.0,14,30.1,71.5,54
411.3,17,29.5,72.8,61
410.3,11,28.7,77.0,46
411.5,14,27.0,84.3,54
418.3,19,25.8,89.0,66
416.3,22,25.5,90.3,72
417.0,26,25.4,90.5,80
414.3,27,25.4,91.0,83
409.8,23,25.6,90.8,74
408.8,22,25.6,89.8,72
405.0,20,25.8,88.3,68
404.0,17,25.7,88.3,61
402.5,16,25.7,88.3,58
409.5,24,25.9,88.8,76
406.8,26,26.1,88.3,80
407.5,22,26.9,85.5,72
410.3,21,26.7,85.8,70
404.8,34,27.2,86.8,97
401.5,26,27.7,82.8,80
405.3,34,28.9,80.0,96
400.3,31,30.0,74.5,90
400.8,31,30.0,74.0,90
401.3,26,30.0,74.5,80
400.5,22,28.4,78.8,71
403.3,20,28.2,80.5,67
407.0,20,27.7,81.3,68
408.3,23,26.8,84.8,73
425.3,24,25.8,88.5,75
428.0,29,25.5,88.8,85
417.8,18,25.6,88.0,62
408.8,19,25.6,88.0,65
406.8,18,25.5,88.0,63
404.5,18,25.7,86.8,64
403.8,16,25.9,85.3,59
405.5,20,26.3,84.0,68
419.8,46,26.8,86.0,127
430.3,50,27.2,86.3,136
432.5,60,27.3,85.5,153
426.0,48,27.6,84.3,132
426.5,53,27.7,84.0,144
410.5,45,27.8,82.3,125
413.3,33,28.4,80.8,94
408.8,27,28.8,79.8,82
410.8,34,29.2,80.3,96
413.8,33,29.9,78.0,94
415.0,21,30.8,76.3,70
419.5,23,30.6,74.3,74
411.0,16,31.2,67.8,59
409.0,15,30.3,70.8,58
412.3,16,29.2,74.3,59
412.5,14,28.0,78.0,56
422.3,22,26.6,84.3,72
423.0,26,25.8,87.0,81
422.3,21,25.5,87.0,69
415.8,24,25.7,86.5,75
412.0,19,25.8,86.0,65
410.3,13,25.9,86.0,53
406.0,20,26.1,86.0,68
404.5,13,25.9,86.0,53
409.5,14,26.3,85.0,54
410.8,12,26.4,85.0,51
414.0,25,27.3,83.0,78
422.8,28,28.1,81.0,83
413.5,22,28.2,79.3,72
414.5,22,28.6,77.5,72
426.8,27,29.2,77.0,82
412.0,28,30.4,73.8,83
406.0,18,31.2,68.5,64
406.3,17,32.6,65.5,60
411.8,20,32.3,66.3,67
413.0,17,31.8,67.0,61
413.8,16,30.1,71.6,59
411.5,7,30.0,72.0,28
409.3,9,28.8,75.8,37
416.8,13,27.6,80.5,52
417.5,15,26.5,85.0,58
427.0,23,25.4,89.3,74
435.0,18,25.1,89.8,62
426.3,14,25.2,89.0,54
414.3,10,25.3,88.3,41
414.5,9,25.5,87.3,36
411.3,8,25.6,86.8,31
409.3,8,25.7,86.0,33
415.8,14,26.0,86.0,54
417.5,17,26.1,85.3,61
416.5,14,26.3,83.3,55
419.3,19,26.6,81.8,64
417.3,25,26.8,81.0,77
410.3,10,27.0,80.0,42
413.1,7,27.4,78.0,29
411.3,15,28.6,79.5,58
408.8,23,29.0,79.8,73
406.5,22,29.5,78.8,71
407.0,19,29.5,76.8,64
410.8,22,29.6,77.8,72
409.3,36,28.5,83.5,102
409.0,33,27.6,88.3,94
412.5,36,27.0,87.0,102
413.3,30,26.9,84.8,88
416.3,37,26.1,88.3,103
422.0,41,25.5,90.3,114
412.6,35,25.6,89.0,98
417.3,37,25.2,90.3,105
415.8,30,25.5,89.5,88
412.5,27,25.6,89.0,82
413.5,39,25.8,88.3,110
415.0,45,25.9,87.3,125
414.8,37,26.0,87.0,103
412.5,32,26.2,85.5,93
414.8,28,26.3,85.0,84
420.0,42,26.5,84.3,117
414.8,27,26.7,83.0,82
407.5,16,26.9,81.0,58
406.0,18,27.3,81.5,63
412.3,28,28.3,78.8,85
412.8,33,29.5,78.3,95
421.3,33,29.8,77.5,94
420.3,34,31.2,69.3,97
426.3,50,32.6,65.5,135
434.5,64,31.3,73.3,155
431.3,64,30.1,78.5,155
431.3,48,29.4,82.5,130
421.5,46,28.2,84.8,126
434.5,50,26.6,90.3,136
449.0,64,25.6,92.3,155
457.8,55,25.4,92.0,149
446.3,42,25.4,91.3,117
427.0,38,25.5,90.5,107
425.8,40,25.7,89.8,111
427.3,27,25.9,89.0,83
421.3,21,26.0,88.0,69
418.8,23,26.1,88.0,74
420.0,31,26.2,87.5,90
417.5,27,26.5,87.0,81
421.0,19,26.7,87.3,65
413.0,24,26.7,88.0,75
422.5,29,27.5,86.0,86
411.3,37,27.8,84.3,104
413.5,30,29.3,79.3,88
414.8,30,30.4,73.5,88
418.8,35,32.1,70.8,98
419.5,20,33.9,62.8,66
422.3,20,33.1,65.5,66
426.0,32,31.9,68.3,92
421.3,34,30.8,73.0,97
414.8,33,29.1,77.8,95
422.3,37,27.7,84.0,105
431.8,49,26.5,88.0,133
444.8,55,25.7,89.8,150
448.5,53,25.4,89.0,144
448.3,52,25.5,88.5,143
436.5,37,25.7,87.5,103
433.0,25,25.8,86.8,79
426.3,20,25.9,85.5,68
424.0,21,26.2,84.3,70
427.8,31,26.4,83.8,91
423.8,34,26.6,83.3,96
416.5,23,26.6,81.5,73
416.0,17,26.9,81.0,61
405.8,15,27.4,79.0,57
409.8,16,28.8,74.0,59
414.8,17,30.5,74.3,61
411.8,14,31.4,69.5,55
418.3,15,33.5,64.3,56
420.3,23,33.8,64.5,74
421.0,29,33.9,63.3,86
424.0,38,33.1,65.8,107
423.3,30,32.9,65.5,88
433.5,22,31.8,68.3,71
425.3,23,29.9,75.0,73
424.5,25,27.8,83.8,77
423.0,24,26.9,85.8,76
437.3,44,26.2,86.3,121
445.0,43,26.0,86.0,119
441.8,50,26.1,86.0,135
438.3,55,26.3,85.5,148
435.8,47,26.6,84.3,129
432.0,43,26.9,83.8,118
440.8,48,27.3,84.8,132
425.3,40,27.6,83.0,111
444.3,36,27.9,82.0,102
427.8,26,28.2,79.5,80
428.0,21,28.4,77.8,69
415.0,23,28.7,76.0,73
415.5,25,29.1,74.8,77
411.5,31,30.1,71.3,90
414.0,20,31.4,68.0,68
413.0,24,30.9,69.3,75
419.8,28,31.0,69.8,84
428.0,27,31.7,67.8,82
419.3,24,31.8,68.8,76
427.3,19,30.7,73.5,65
421.3,25,29.4,79.0,77
419.8,25,28.4,81.0,77
425.0,28,27.2,85.5,84
425.5,32,25.8,89.3,93
426.5,34,24.8,92.0,96
431.5,36,24.4,91.3,102
429.5,38,24.5,91.0,107
422.8,34,24.5,91.0,96
423.5,28,24.6,92.0,85
421.3,30,24.7,91.8,88
418.5,28,24.8,90.8,84
416.5,27,24.9,91.0,82
416.3,29,25.0,91.0,86
430.3,32,25.2,90.3,92
428.5,48,25.5,89.0,131
413.0,42,26.0,86.5,117
418.8,38,26.0,87.1,106
419.5,64,27.5,82.5,155
422.5,40,28.5,83.5,111
429.8,94,28.9,82.0,171
420.5,61,29.8,78.8,154
414.0,47,29.2,82.0,129
419.5,86,27.9,83.3,167
416.0,82,30.3,72.8,165
441.5,60,30.2,75.5,154
455.0,81,29.6,79.3,164
471.3,124,28.0,85.0,186
518.0,99,27.1,87.5,173
490.3,119,26.3,89.3,184
490.3,116,26.1,89.0,182
471.0,94,26.3,88.3,171
464.8,86,26.5,88.5,167
454.3,85,26.7,89.0,166
452.3,81,26.9,89.0,164
439.5,68,27.2,88.3,158
438.0,63,27.4,87.3,155
435.8,59,27.6,86.5,153
448.0,72,27.9,85.0,159
439.5,60,28.3,83.8,153
431.8,36,28.7,82.0,102
429.3,53,29.1,79.5,144
435.8,34,29.5,78.5,96
406.8,27,29.8,75.8,83
415.0,29,31.0,71.5,86
423.8,29,31.1,71.8,86
420.3,43,30.1,76.3,119
422.3,56,30.0,78.3,151
440.5,59,30.5,78.0,153
451.5,60,30.7,75.5,153
440.3,50,28.5,83.5,137
437.8,58,27.0,86.8,152
452.8,50,25.9,89.0,136
447.5,49,24.9,90.5,133
445.0,41,24.4,90.3,113
430.8,51,24.5,90.0,138
423.5,45,24.6,89.3,125
421.0,47,24.8,90.0,129
418.5,42,24.8,89.0,118
414.0,26,24.9,89.0,81
409.5,20,24.9,88.0,67
411.8,26,25.0,88.0,80
412.3,23,25.1,87.0,74
408.8,21,25.3,86.8,70
407.0,21,25.4,86.5,69
405.8,32,25.7,85.3,92
405.5,23,26.1,84.0,74
408.8,33,26.6,81.3,95
406.0,11,26.8,78.8,46
407.3,33,30.0,73.3,95
405.3,24,30.5,68.3,76
414.8,23,32.8,61.0,73
425.5,30,32.4,66.0,87
415.5,37,31.2,71.0,105
438.5,50,29.5,78.8,137
436.5,68,28.1,84.3,158
468.3,105,27.0,87.8,176
482.3,140,26.6,87.0,194
483.0,105,26.6,86.0,176
457.5,93,26.6,85.5,171
433.0,68,26.8,84.3,157
430.8,63,27.0,83.5,155
428.0,57,27.2,83.0,152
428.3,55,27.4,82.8,148
433.5,61,27.6,83.5,154
437.5,73,28.1,82.8,160
430.5,61,28.5,81.0,154
433.5,67,28.7,78.5,157
434.5,65,29.0,76.5,156
413.8,40,29.2,75.3,111
416.5,38,29.8,72.5,107
433.0,51,30.9,68.3,140
413.8,70,31.5,70.3,158
408.0,69,31.4,71.3,158
412.5,72,31.1,72.5,160
416.0,52,31.4,67.3,141
419.3,53,31.1,69.8,145
435.0,48,30.8,72.0,130
425.5,52,29.4,77.3,141
419.8,47,28.5,81.8,129
428.3,54,27.2,87.3,146
440.5,62,25.9,90.3,154
444.8,55,25.4,90.5,149
427.8,37,25.5,90.0,103
421.3,36,25.7,89.3,102
417.5,49,25.8,88.8,135
408.8,33,25.8,88.0,94
406.5,28,25.8,87.8,85
403.5,22,25.9,86.8,71
402.8,20,26.0,85.5,66
406.0,28,26.4,85.5,84
410.3,40,26.9,82.8,113
408.8,43,27.2,81.5,118
409.3,34,27.3,80.0,97
399.5,29,27.8,77.3,86
410.3,38,30.1,72.8,108
411.0,29,31.1,69.8,85
410.8,27,32.5,64.8,81
413.3,23,33.0,60.0,74
432.5,24,31.9,64.3,75
449.3,63,31.5,64.8,155
427.0,48,31.7,65.5,132
418.3,24,30.4,68.5,75
420.8,26,29.0,74.0,81
425.3,29,27.4,79.3,87
432.3,56,26.2,84.0,151
425.0,46,26.0,84.3,127
410.8,31,26.1,81.5,90
403.5,24,26.2,81.0,76
399.5,55,26.4,78.8,149
395.8,24,26.6,77.8,75
414.8,40,27.0,80.3,112
421.5,63,27.1,79.8,155
421.3,67,27.4,78.3,157
424.3,63,27.6,77.3,155
420.0,66,28.0,76.3,156
422.5,93,28.7,76.5,170
417.0,88,29.1,75.0,168
421.0,94,29.8,71.3,171
426.8,71,30.7,69.5,159
412.8,82,31.6,66.5,164
415.0,31,33.1,63.3,90
409.5,28,33.1,62.3,84
414.5,38,31.8,66.8,107
411.8,44,30.5,71.0,122
421.5,69,29.3,76.3,158
452.8,79,29.2,78.5,163
501.0,91,28.2,83.3,169
453.8,70,27.0,85.3,159
464.8,75,26.4,87.0,161
468.0,67,26.0,88.0,157
444.0,72,26.1,87.5,159
428.0,51,26.3,86.8,140
421.8,32,26.4,85.5,93
416.0,29,26.7,84.5,86
415.3,33,26.9,83.5,94
414.8,29,27.1,83.0,86
413.0,26,27.3,81.8,80
407.5,22,27.4,80.8,71
402.5,25,27.5,80.0,77
409.0,28,27.4,80.8,85
405.8,28,29.4,72.5,85
405.8,39,30.1,70.3,109
409.3,144,31.4,68.5,197
410.5,29,33.2,63.3,87
425.0,51,34.7,59.0,138
424.8,75,34.5,57.5,161
423.3,46,34.3,58.3,127
426.6,47,32.5,63.6,130
434.8,50,31.9,66.5,136
425.5,63,31.2,69.0,155
435.0,128,29.9,74.3,189
442.8,66,28.5,79.0,156
437.5,60,27.7,80.8,153
438.0,63,27.5,81.0,155
429.8,54,27.7,79.8,146
422.5,43,28.1,78.3,120
416.8,38,28.5,76.8,106
415.8,38,28.8,76.0,107
420.0,44,29.0,75.5,122
419.0,44,29.4,74.3,122
416.3,34,29.7,73.5,97
413.3,33,30.0,72.3,94
410.5,29,30.6,70.3,86
417.8,30,30.9,69.0,88
412.0,31,31.1,67.8,90
411.8,33,31.9,65.0,95
420.8,31,33.2,59.8,90
432.3,41,35.2,55.8,114
416.0,44,35.4,55.3,123
414.8,71,35.0,53.5,159
416.0,33,34.9,53.0,95
424.0,44,32.6,60.3,121
427.8,39,34.0,55.5,110
430.8,57,30.9,68.8,152
426.8,71,29.3,73.5,159
435.3,61,27.8,78.8,154
426.3,56,26.5,80.5,151
425.5,37,26.2,80.3,104
415.5,35,26.3,79.0,99
413.5,32,26.6,78.5,93
412.5,38,26.8,77.5,106
413.3,43,27.1,76.0,119
409.0,30,27.5,74.5,88
412.8,36,27.7,73.3,103
415.5,36,27.9,73.0,103
410.3,35,28.0,73.5,99
416.5,35,28.7,71.5,99
415.0,40,29.6,69.0,111
410.5,31,30.6,68.8,91
408.8,25,31.1,69.3,79
409.5,25,32.3,65.8,77
421.3,33,34.0,60.3,95
416.8,33,34.8,59.0,94
417.5,43,34.6,59.3,118
417.8,65,34.5,58.3,156
422.0,73,33.5,60.3,160
428.0,62,32.6,65.5,154
417.8,33,30.8,70.0,95
414.0,184,29.6,75.0,234
422.5,44,28.3,79.8,121
432.0,44,27.5,84.0,122
446.5,40,27.2,83.5,113
440.8,38,27.4,83.0,106
441.8,50,27.7,82.3,137
434.3,55,27.9,80.5,148
424.0,52,28.2,79.8,143
424.8,55,28.5,77.5,148
421.5,48,28.9,76.8,131
422.5,43,29.1,75.8,119
423.8,36,29.4,75.0,100
425.8,30,29.7,74.0,87
420.5,38,30.0,73.3,106
414.5,41,30.2,72.0,114
411.3,37,30.8,70.5,105
413.3,28,32.6,60.8,83
411.8,28,34.4,51.8,84
416.5,20,34.9,51.5,67
412.3,22,34.0,55.0,72
427.5,63,33.5,59.8,155
427.3,66,32.3,62.3,156
425.0,53,32.1,62.8,144
422.0,54,30.3,68.0,147
430.0,66,28.6,77.0,156
441.5,58,26.8,85.0,152
444.0,82,25.6,88.0,165
448.0,35,25.3,88.3,98
439.0,46,25.4,88.0,127
432.8,56,25.5,87.5,151
430.8,43,25.7,86.8,119
426.3,49,25.9,85.5,133
421.5,42,26.1,84.5,117
418.5,46,26.3,83.5,126
419.3,38,26.6,82.3,106
413.5,28,26.7,81.3,84
414.5,24,27.0,80.0,76
416.3,30,27.0,81.0,88
415.5,47,27.6,81.3,130
414.0,36,28.3,78.0,103
412.5,22,28.9,75.0,71
415.3,31,30.3,71.0,91
420.0,53,32.5,61.3,143
421.8,39,33.3,60.5,110
415.8,41,32.5,61.3,115
424.5,86,31.0,68.0,167
425.0,56,30.0,71.3,151
423.5,348,29.1,75.8,398
431.3,57,27.6,80.5,152
430.8,73,26.3,85.0,160
445.3,79,25.4,87.5,163
454.3,78,25.2,87.3,163
437.3,65,25.3,88.0,156
436.3,59,25.3,86.5,153
435.3,58,25.5,87.0,153
432.8,56,25.6,86.8,151
430.3,65,25.7,86.0,156
429.8,80,26.0,85.5,163
433.0,68,26.3,84.3,158
428.8,61,26.4,83.5,154
430.8,46,26.6,82.5,127
416.5,31,26.8,81.5,91
412.5,35,27.0,80.3,98
409.8,31,27.5,78.5,91
413.0,45,27.9,77.8,125
410.8,31,28.0,74.3,90
414.5,32,31.2,66.5,93
410.0,36,31.7,64.5,100
419.5,48,30.7,66.3,133
421.8,81,31.1,66.0,164
420.5,38,31.1,64.8,108
419.5,47,30.2,69.3,128
430.5,145,28.6,77.0,197
445.8,71,27.3,81.8,159
450.5,73,26.6,83.5,160
447.3,72,26.3,83.8,159
428.5,56,26.5,82.5,151
420.5,43,26.7,81.0,119
415.5,37,27.0,80.0,104
416.8,45,27.2,78.8,124
416.5,54,27.6,77.5,146
417.0,62,27.9,77.0,154
424.0,73,28.3,76.0,160
420.8,65,28.8,73.0,156
432.5,56,29.3,69.5,151
412.8,38,29.4,67.3,107
410.0,44,29.8,67.0,122
412.3,37,30.4,66.0,104
407.5,27,30.6,64.3,83
403.8,22,30.7,64.5,71
407.8,24,31.4,62.5,76
411.3,34,33.8,55.3,97
412.5,38,32.9,58.5,107
407.8,36,31.5,66.5,102
407.8,47,29.8,71.0,128
411.0,39,28.8,74.0,108
406.8,28,27.8,78.0,84
417.5,20,27.0,79.0,67
441.0,29,26.5,81.0,86
422.0,29,26.4,79.5,87
445.5,72,26.7,81.5,160
436.3,73,26.8,81.3,160
425.3,67,26.9,79.8,157
420.8,78,27.4,77.0,163
416.0,61,27.9,75.8,154
415.8,68,28.2,76.5,158
419.8,68,28.5,76.3,157
417.0,77,28.9,75.3,162
418.5,59,29.7,72.0,153
422.3,32,30.2,70.8,93
423.3,38,30.4,69.0,107
411.5,38,30.9,66.5,106
405.5,39,31.5,64.3,108
405.8,36,32.0,62.8,102
408.0,37,33.6,58.8,105
416.3,57,34.9,52.5,152
419.0,69,34.9,51.8,158
421.5,56,34.0,54.3,151
415.8,45,32.7,57.3,123
411.3,48,31.0,64.3,132
417.3,63,29.1,71.5,155
426.3,68,27.9,76.0,157
429.5,76,26.7,79.5,162
425.5,64,26.1,80.0,156
423.0,76,26.1,79.5,162
410.5,58,26.2,77.8,152
412.3,64,26.5,77.0,155
413.8,64,26.9,77.0,156
409.5,64,27.1,76.5,155
409.0,62,27.4,76.3,154
411.0,49,27.5,76.5,133
404.3,30,27.5,74.5,88
415.0,72,28.5,72.5,159
422.0,83,29.5,70.3,165
412.6,58,29.9,67.4,152
409.8,60,30.2,66.0,154
405.8,31,30.9,63.8,91
408.8,33,31.7,61.3,94
415.5,29,33.2,55.8,86
405.8,48,31.5,60.5,131
410.5,59,32.5,56.0,153
418.5,52,33.3,57.8,142
432.5,64,31.8,61.8,155
417.8,74,31.2,63.8,160
414.5,68,29.8,67.5,157
433.3,109,28.0,72.8,179
434.8,79,26.9,75.0,163
424.0,52,26.7,74.3,141
419.5,42,26.8,73.0,116
417.0,44,27.0,72.8,121
413.8,46,27.3,71.5,127
410.3,39,27.6,70.3,110
413.8,49,27.9,69.3,134
411.8,53,28.3,67.8,143
416.8,67,28.7,67.0,157
411.0,57,28.9,65.3,152
408.0,43,29.5,63.5,120
409.0,45,29.9,63.5,123
408.0,42,30.9,62.3,116
413.8,99,31.7,62.5,173
405.4,25,32.1,60.8,78
404.5,17,32.8,59.8,61
407.3,16,33.7,56.3,59
407.5,25,34.8,52.8,77
411.5,37,33.9,55.8,105
409.5,42,33.0,61.0,118
413.8,55,32.1,64.8,149
405.7,23,31.9,60.7,74
412.8,30,30.5,69.3,88
420.0,50,28.6,74.0,136
428.8,61,27.3,76.0,154
440.8,62,26.8,76.3,155
427.8,47,27.0,75.3,128
416.5,32,27.3,74.3,92
416.5,37,27.5,73.5,104
416.8,46,27.8,72.3,126
417.3,52,28.2,71.8,142
417.0,50,28.7,70.8,137
414.3,46,29.1,69.3,126
420.0,32,29.5,70.5,93
425.5,30,30.0,67.3,87
409.3,19,30.2,66.3,64
409.5,42,30.6,69.3,117
414.3,55,31.1,67.8,148
404.0,24,31.5,64.5,75
400.3,16,32.4,57.5,59
399.0,13,32.6,57.7,54
404.7,13,34.8,47.3,54
407.7,21,34.7,54.7,70
412.0,41,33.6,58.0,115
418.3,81,32.4,63.5,164
411.3,39,28.7,75.8,110
412.7,55,30.1,71.3,150
423.3,81,28.8,75.0,164
445.0,117,27.3,77.7,183
459.8,129,27.0,78.5,189
441.5,105,27.2,76.3,177
439.7,120,27.6,75.7,184
426.8,88,27.7,72.8,168
421.5,67,28.0,71.3,157
419.8,66,28.3,71.5,156
419.0,43,28.5,70.3,120
424.8,47,28.8,69.0,129
408.5,26,29.1,66.3,80
417.5,42,29.6,68.5,117
416.8,26,29.9,67.8,79
414.8,20,30.3,66.3,66
408.5,23,30.8,65.3,73
411.8,27,31.3,65.5,83
405.0,20,32.4,60.8,68
409.8,38,33.8,59.5,108
414.3,73,33.7,59.5,160
419.0,73,33.5,62.0,160
416.3,70,32.6,65.3,158
417.8,61,31.9,66.8,154
413.0,34,30.8,68.5,96
415.5,54,29.5,77.5,146
428.3,65,28.4,80.8,156
427.5,43,27.3,82.8,119
465.0,29,26.7,83.5,87
459.3,21,26.7,82.5,69
435.5,22,26.9,80.5,72
432.5,21,27.1,79.3,69
415.5,23,27.3,77.0,73
414.8,30,27.5,78.5,87
410.0,31,27.8,78.0,90
406.0,24,28.1,78.5,75
407.8,25,29.8,75.0,79
410.3,25,30.3,72.8,78
416.3,24,30.8,72.3,76
411.3,32,30.9,71.0,92
407.8,27,31.3,68.0,82
409.0,36,32.6,56.8,102
412.8,35,33.5,63.5,98
410.8,35,35.0,55.0,99
411.0,18,36.1,44.3,63
411.3,27,35.5,48.5,83
416.0,75,34.5,56.3,161
421.0,130,33.4,59.8,189
416.8,64,32.0,65.8,155
417.5,54,30.3,72.0,145
427.0,59,29.2,75.0,153
432.3,51,28.0,78.0,138
444.0,42,27.5,79.0,117
437.8,35,27.7,78.0,99
427.5,38,28.0,76.5,107
420.8,40,28.3,75.3,111
416.0,44,28.6,73.5,121
417.3,42,29.1,70.8,118
419.0,47,29.5,67.8,130
412.7,43,29.9,66.0,120
413.8,51,30.3,64.3,140
422.5,66,30.7,63.3,156
416.0,44,31.2,67.3,121
415.5,51,31.6,68.3,140
420.5,42,32.5,65.3,117
413.0,30,34.8,58.3,88
415.5,21,36.9,49.3,70
408.5,17,36.8,44.0,60
408.0,11,35.9,42.5,44
410.0,18,35.1,50.5,62
416.5,45,33.6,59.3,124
414.3,45,32.4,62.5,124
415.0,40,30.8,68.0,113
441.0,58,29.3,73.3,152
418.8,53,28.5,75.5,145
427.3,69,27.4,77.5,158
434.5,86,27.0,76.3,167
423.0,63,27.1,75.3,155
423.8,64,27.4,74.5,155
421.5,79,27.9,73.8,163
420.5,65,28.2,73.3,156
417.0,57,28.6,74.0,152
412.8,43,28.9,74.0,118
413.3,45,29.2,74.0,124
415.5,43,29.6,74.5,120
428.5,50,30.0,73.8,137
415.8,42,30.3,73.0,116
414.0,36,30.6,70.5,102
403.0,25,30.9,68.5,78
404.8,26,31.8,65.0,79
404.3,20,32.7,62.5,67
404.0,21,34.0,57.5,69
402.8,15,33.9,56.5,58
406.3,22,32.6,63.8,71
410.3,39,32.3,66.0,110
424.5,91,30.7,71.5,169
421.0,76,30.5,72.3,161
422.5,91,29.8,75.3,169
419.5,63,28.5,78.8,155
431.8,86,27.3,82.0,167
434.5,87,27.0,82.0,167
422.5,46,27.0,81.3,127
421.3,41,27.2,80.3,114
418.0,50,27.5,79.0,137
416.0,60,27.8,78.5,153
413.8,49,28.1,77.8,135
419.5,53,28.5,77.3,144
428.5,52,29.0,79.5,141
424.8,62,29.3,79.0,155
419.3,53,29.4,79.0,145
421.3,45,29.4,77.0,125
414.8,37,29.5,76.5,103
404.0,28,29.7,75.3,84
404.0,22,30.3,72.3,71
404.0,16,30.5,72.5,59
408.0,12,30.2,69.0,50
400.8,8,29.7,68.3,33
408.0,16,33.2,58.3,58
413.0,31,32.3,64.0,91
418.0,42,31.3,69.8,118
410.5,33,30.2,72.8,94
418.5,32,28.9,77.5,92
424.5,39,27.4,81.3,108
437.3,52,26.5,84.0,142
436.0,55,26.0,85.8,149
426.0,35,26.1,84.5,98
429.8,41,26.4,84.0,115
425.0,42,26.6,84.0,117
420.0,39,26.7,83.3,110
415.5,28,26.9,82.8,83
407.5,20,27.1,81.5,68
408.8,23,27.4,82.0,74
410.0,27,27.6,82.0,83
404.5,16,28.0,81.3,59
403.5,21,28.7,76.0,70
415.5,39,30.0,74.0,110
408.3,38,30.6,72.0,108
405.5,18,30.7,71.5,62
418.5,27,31.7,67.3,82
417.0,22,32.8,63.5,72
409.8,24,33.3,63.0,75
414.8,23,33.1,63.5,73
417.0,20,31.9,68.0,67
412.8,34,30.2,75.8,98
414.5,48,29.6,77.0,132
415.5,40,28.9,78.5,113
418.5,51,28.1,80.3,138
416.8,38,27.2,82.3,107
416.3,35,26.8,83.3,98
420.8,40,27.2,83.5,112
411.0,33,27.5,81.8,94
407.3,31,27.7,80.8,91
417.5,52,28.4,76.5,141
411.5,28,28.6,71.5,84
408.8,21,28.8,70.8,69
403.8,17,28.8,72.0,61
402.5,29,29.2,72.5,85
415.5,40,29.9,76.3,111
411.3,50,30.4,71.5,136
405.3,48,30.9,67.5,132
406.3,59,31.5,64.8,153
403.0,35,32.6,62.3,99
404.3,32,33.8,58.0,93
411.0,42,35.3,53.0,118
414.3,55,35.1,52.5,150
415.3,42,34.5,53.8,116
409.5,31,33.3,56.5,90
415.8,34,32.1,63.8,96
415.0,26,30.3,69.5,81
419.8,28,28.8,73.5,84
427.0,34,27.5,78.8,96
450.3,35,26.8,80.5,98
460.5,24,26.6,81.0,76
459.0,27,26.6,81.3,81
436.0,22,27.0,80.0,72
437.0,26,27.2,80.8,80
421.5,29,27.4,78.8,86
418.3,33,27.6,79.3,94
412.3,29,27.6,81.0,87
417.8,35,27.6,81.5,98
416.3,29,27.6,80.3,86
404.0,21,27.9,79.0,69
403.0,25,29.0,73.0,77
400.8,28,31.2,67.8,84
404.5,47,32.0,66.3,129
408.3,26,33.4,61.8,81
418.3,37,35.1,58.5,103
409.8,32,34.3,58.5,93
408.0,25,34.7,54.8,79
413.5,23,35.4,53.3,73
409.0,27,34.3,57.5,82
412.0,37,32.9,62.0,103
416.3,58,31.5,68.5,152
412.8,59,30.0,72.0,153
412.3,33,28.5,74.5,95
428.5,35,27.8,77.0,98
419.5,26,27.4,78.0,80
411.0,19,27.5,78.0,65
413.5,26,27.8,76.8,81
407.8,23,28.1,76.0,74
406.6,20,28.3,75.6,68
408.5,37,28.7,74.0,103
408.8,48,29.2,71.8,131
405.0,44,29.5,70.5,121
403.3,40,29.7,67.8,113
411.0,47,29.9,67.5,129
408.5,54,30.2,67.3,146
411.5,67,31.1,65.8,157
407.5,58,31.8,62.0,152
409.3,28,32.3,60.3,84
413.8,43,32.4,65.0,121
407.3,32,34.0,62.0,93
406.5,32,35.7,57.3,92
411.8,30,36.2,52.8,88
413.8,27,35.2,52.5,81
415.0,29,33.7,56.5,85
410.0,30,32.2,60.8,88
419.4,39,30.7,70.8,109
414.0,36,29.2,76.3,103
416.8,30,28.1,79.8,89
419.3,24,28.0,79.3,75
417.3,25,28.2,78.0,78
414.3,22,28.6,76.5,71
412.5,25,28.8,75.5,79
410.0,28,29.2,73.5,84
406.3,37,29.6,73.0,103
409.3,37,29.8,72.3,105
405.8,32,30.1,73.0,92
405.1,29,30.2,72.9,86
406.5,25,30.5,70.5,77
407.8,50,31.0,68.0,137
399.0,23,31.3,66.5,74
405.8,22,32.5,63.0,72
406.8,23,34.1,59.5,73
405.8,23,35.8,55.0,73
401.3,24,36.1,53.3,75
405.8,21,36.2,48.0,69
405.3,16,35.6,44.5,59
411.8,28,33.3,54.3,84
409.0,24,34.8,45.0,75
421.0,67,31.2,70.3,157
422.8,69,29.9,73.5,158
419.5,68,28.6,75.5,157
427.3,68,27.5,77.5,157
442.0,52,27.2,77.8,141
432.0,47,27.4,76.5,128
428.3,61,27.6,75.3,154
424.8,104,28.1,73.0,176
421.0,88,28.6,71.3,168
421.8,86,28.9,70.3,167
425.5,83,29.4,68.8,165
417.5,74,29.9,67.5,161
419.8,85,30.3,67.0,166
419.3,88,30.7,66.0,168
414.5,64,31.0,66.8,155
406.8,34,31.1,67.3,96
404.5,30,31.7,64.0,88
419.0,36,32.8,61.0,103
412.0,37,33.3,59.0,104
405.8,15,35.4,50.0,57
408.3,12,36.6,45.0,51
406.8,12,35.5,48.0,51
409.3,20,33.8,56.3,67
409.0,32,33.1,63.0,92
409.3,39,31.9,65.8,108
410.8,34,30.6,70.3,97
414.0,38,29.4,74.5,108
422.8,38,28.5,76.8,108
433.5,34,28.3,76.5,97
424.0,40,28.4,75.8,112
419.0,41,28.6,74.8,113
420.0,45,29.0,73.8,124
412.0,30,29.3,73.5,88
407.0,22,29.5,73.0,71
401.5,23,29.6,73.0,73
399.8,23,29.8,73.0,73
401.2,20,30.2,71.0,67
404.0,13,30.5,66.8,53
399.8,14,30.5,65.8,55
398.5,14,31.1,63.8,56
402.5,24,32.2,57.0,75
404.8,47,33.5,60.3,128
409.5,21,35.6,51.5,69
404.5,14,36.6,47.8,54
404.8,12,36.0,46.5,49
406.3,17,34.8,49.0,61
407.5,27,33.7,55.3,82
413.3,50,32.3,62.3,136
411.8,41,31.0,67.3,114
406.3,36,30.0,70.5,102
410.8,44,28.6,73.8,123
417.8,47,27.6,76.3,128
429.3,34,27.4,75.8,96
414.3,26,27.5,74.5,81
413.3,23,27.8,74.0,73
412.5,26,28.0,74.8,81
413.0,32,28.4,73.8,92
411.5,42,28.8,73.0,117
409.0,29,29.3,73.0,86
404.5,31,29.5,71.3,91
400.0,27,29.9,70.3,82
402.0,26,30.2,68.3,79
409.0,37,30.7,67.8,105
405.5,34,31.1,67.5,97
406.8,34,31.7,65.3,96
403.8,28,32.7,61.5,84
408.3,33,34.8,56.8,95
403.8,29,35.2,50.5,85
409.0,18,35.3,45.8,64
411.5,20,34.7,46.8,67
414.0,35,33.2,55.8,99
419.8,84,31.6,64.5,166
426.8,96,30.5,70.3,172
423.5,77,29.3,74.0,162
429.0,78,27.7,78.5,163
433.0,53,26.8,80.5,143
440.0,54,26.5,81.8,146
430.5,49,26.5,80.8,134
426.8,65,26.7,80.3,156
420.8,54,26.9,80.0,147
428.8,83,27.2,79.8,165
428.3,89,27.6,79.3,168
434.3,96,28.0,80.0,172
430.8,56,28.3,80.5,151
426.5,59,28.7,80.3,153
443.5,68,29.0,81.0,157
425.5,60,29.2,79.8,153
413.5,484,29.5,76.3,489
410.3,27,30.2,72.3,82
413.0,43,30.7,71.5,118
410.5,37,30.9,71.5,103
413.3,47,32.5,66.3,130
409.5,53,33.4,63.3,143
409.5,56,32.7,64.8,151
417.5,78,32.3,66.5,163
419.5,77,31.8,67.3,162
412.8,41,30.0,73.5,114
415.3,52,29.0,78.0,141
426.8,62,27.6,80.3,155
428.3,42,26.6,82.3,117
443.3,30,26.4,83.0,89
442.3,33,26.4,82.5,94
424.8,30,26.6,80.5,88
413.8,32,26.8,79.0,93
411.0,33,26.9,80.5,94
407.0,33,26.9,80.5,95
405.3,25,26.9,77.3,77
404.3,19,27.0,78.3,66
408.3,36,28.7,74.8,102
412.2,26,30.3,70.8,81
420.0,25,30.6,69.0,77
401.5,25,30.5,69.0,79
403.0,25,30.9,66.0,78
408.3,34,32.4,60.5,97
407.5,30,34.1,54.0,89
407.3,31,35.3,50.8,90
418.0,39,35.2,49.3,110
412.3,44,34.6,52.8,121
413.3,43,33.9,55.3,119
418.8,48,32.4,60.5,130
418.5,62,31.4,63.8,154
424.8,72,29.9,70.3,159
434.3,79,28.5,73.3,163
422.0,67,27.4,73.8,157
425.3,43,27.1,74.0,119
424.5,33,27.3,73.5,95
414.0,31,27.7,72.3,90
409.5,26,28.0,71.5,81
407.0,25,28.4,70.5,79
405.3,26,28.7,70.0,81
403.3,24,29.0,69.3,76
406.0,31,29.4,69.5,91
410.0,38,30.1,70.5,108
421.0,37,30.4,68.5,105
405.5,27,30.6,67.3,81
400.8,26,31.0,66.0,79
403.5,57,31.4,64.8,152
410.5,27,32.3,63.0,81
415.8,31,35.4,56.0,90
415.5,35,35.7,53.8,99
408.3,40,35.2,48.3,111
416.8,67,34.8,50.8,157
424.8,60,33.6,53.8,153
415.5,48,33.2,55.5,131
415.3,51,32.0,61.5,139
416.3,52,30.4,67.5,142
418.8,65,28.9,72.0,156
425.0,57,28.0,74.5,152
431.3,39,27.8,74.5,110
417.3,36,28.1,73.0,100
410.5,39,28.2,72.8,110
411.8,31,28.6,71.5,90
410.3,30,28.9,70.3,88
414.5,32,29.5,69.3,92
419.5,34,29.8,71.0,96
421.5,46,30.0,70.8,127
413.5,36,30.4,68.0,100
410.5,35,30.9,68.0,99
407.5,47,31.0,66.8,129
406.5,37,31.3,62.5,104
405.5,35,31.9,55.0,98
405.5,25,33.5,51.0,77
413.4,26,35.6,52.4,81
414.0,20,37.4,41.5,68
411.3,15,36.0,40.8,57
411.5,26,34.5,46.8,81
417.5,44,33.2,55.3,121
416.5,48,32.2,60.5,131
418.5,46,31.4,65.3,126
414.5,45,30.2,70.5,123
417.5,39,28.9,72.8,108
428.8,57,27.9,73.8,152
429.3,40,27.6,74.8,111
420.8,39,27.7,74.5,110
422.8,37,28.6,70.8,103
418.3,33,28.1,72.8,95
419.0,41,29.1,69.5,115
411.3,25,29.5,71.0,78
409.0,27,29.6,72.0,81
410.5,33,30.0,70.8,94
411.8,29,30.3,70.0,87
408.3,27,30.7,67.0,82
411.3,39,31.1,66.5,108
412.0,32,31.9,64.3,93
406.3,32,32.2,62.3,93
410.8,30,33.9,56.5,88
413.0,23,36.3,49.3,74
410.0,17,37.3,39.5,61
407.8,14,36.4,39.0,55
410.0,16,35.7,41.0,60
412.5,30,34.4,44.5,87
418.8,57,33.5,50.5,152
414.0,39,31.9,55.5,108
411.5,48,30.1,64.8,131
416.5,80,28.6,69.3,164
426.3,67,27.5,72.3,157
427.8,33,27.3,72.8,94
423.0,39,27.4,72.0,110
418.0,38,27.7,72.0,106
416.3,31,28.1,70.0,90
417.5,35,28.5,68.3,99
418.0,41,29.2,68.0,115
411.8,31,29.6,67.8,90
410.8,30,29.9,67.0,87
409.0,33,30.4,65.3,95
410.8,26,30.5,64.8,81
409.0,35,31.0,62.5,99
409.0,26,31.7,56.3,81
408.0,26,32.3,58.8,79
410.3,24,34.1,47.5,76
413.8,21,36.6,41.0,70
412.5,28,37.1,37.5,84
413.0,22,35.7,41.5,72
413.5,22,34.7,43.5,72
413.8,36,33.2,51.0,103
420.5,64,31.3,61.0,155
417.3,67,30.4,65.0,157
412.8,44,29.5,67.5,123
424.0,66,28.5,68.5,156
426.0,54,27.4,71.3,147
428.8,34,27.2,71.8,97
423.8,34,27.5,71.0,97
414.8,23,27.7,71.0,74
413.3,26,28.1,70.5,80
416.0,32,28.4,69.3,92
414.5,49,29.3,66.8,133
410.5,21,29.6,67.0,69
406.8,29,29.8,67.0,87
405.3,17,30.0,66.5,61
414.5,39,30.7,65.8,110
414.0,36,31.3,64.0,102
409.0,43,31.4,64.0,118
408.3,38,32.1,60.0,106
408.3,20,34.0,40.5,68
409.3,19,36.3,39.0,66
409.3,23,36.1,41.0,73
409.5,35,35.4,45.5,99
412.0,40,34.6,50.0,111
417.0,64,33.6,55.5,155
415.5,57,32.4,59.0,152
413.0,57,31.1,64.0,152
413.0,41,29.9,67.8,114
419.8,59,28.5,70.4,153
419.5,41,27.8,73.0,114
425.5,33,27.5,74.0,95
415.5,19,27.5,74.0,64
412.8,21,27.7,73.5,69
412.5,21,28.1,72.3,69
409.5,21,28.4,71.5,70
410.0,24,28.8,69.5,76
413.4,38,29.5,69.2,107
407.5,24,30.1,69.0,75
406.3,48,30.2,66.3,131
415.8,29,30.6,66.5,86
411.0,34,30.9,64.8,97
410.5,37,31.6,58.8,105
408.5,51,32.2,60.5,140
412.8,32,34.1,50.3,92
418.3,29,36.5,40.3,87
414.3,23,37.3,36.5,74
414.0,21,36.1,37.5,70
416.0,34,34.9,42.5,96
419.5,61,34.0,49.5,154
423.8,88,32.8,56.8,168
418.3,70,31.4,63.3,159
421.5,70,30.0,69.5,159
421.8,77,28.5,74.5,162
424.8,49,27.4,77.0,133
423.8,37,27.4,76.3,105
424.8,38,27.6,75.0,108
420.0,48,27.7,75.3,130
417.8,44,28.0,74.3,121
415.3,30,28.3,74.5,89
416.5,44,29.1,74.8,122
417.8,26,29.3,76.0,80
411.0,28,29.2,75.5,84
417.0,31,29.3,74.0,90
410.5,36,29.5,72.0,102
416.0,32,30.3,69.1,92
413.8,37,30.5,68.5,104
409.3,32,30.9,68.6,93
430.3,27,32.1,63.8,83
426.3,33,33.0,60.5,95
414.5,33,34.3,56.3,94
416.5,50,34.3,55.8,136
413.3,41,34.8,50.0,113
413.8,45,34.0,51.0,124
417.8,55,34.2,54.0,148
415.8,41,32.7,57.5,114
412.8,40,30.8,64.0,112
418.5,48,29.3,68.8,133
426.0,55,28.1,71.3,148
431.8,41,27.6,73.5,114
438.3,47,27.7,72.0,130
425.0,50,28.0,72.0,136
419.8,43,28.3,70.5,119
421.8,48,28.7,68.3,132
427.8,62,29.5,65.8,155
432.8,42,30.2,66.3,116
432.5,39,30.6,63.3,110
422.5,30,30.9,60.8,88
420.3,32,31.4,58.8,92
415.0,26,31.9,57.0,79
411.0,62,32.4,54.5,155
404.0,27,32.6,54.3,81
402.8,39,33.9,43.8,108
399.8,23,36.8,34.0,74
397.3,15,37.9,33.8,58
396.8,13,36.6,33.5,52
398.5,13,36.0,36.3,53
399.5,17,35.2,44.5,61
403.5,26,34.1,50.3,81
407.3,46,32.5,57.5,128
409.3,47,30.6,66.3,128
410.3,32,29.1,73.3,92
403.3,36,27.7,78.3,100
415.5,25,27.2,78.0,77
411.0,19,27.4,76.0,65
406.0,20,27.6,74.5,68
405.8,25,27.9,73.0,77
407.5,32,28.3,71.0,93
409.0,46,29.0,70.3,126
397.5,24,29.5,72.0,75
394.5,21,29.8,70.3,70
394.0,18,30.2,66.3,62
394.8,16,30.5,62.8,59
393.3,16,30.9,58.5,58
392.5,19,31.3,54.3,66
393.5,21,32.3,49.5,69
401.0,15,33.8,46.8,58
393.8,16,36.1,41.3,59
394.5,14,36.6,38.5,54
395.8,13,35.9,39.5,52
397.0,12,35.3,40.8,51
399.0,14,34.6,41.0,54
401.8,18,34.0,44.0,62
404.0,20,32.8,50.3,68
404.5,28,31.0,60.0,85
411.8,40,29.1,71.5,111
425.0,44,27.9,75.3,121
442.1,30,26.6,77.4,88
397.0,24,30.0,66.7,76
394.8,23,30.4,65.3,73
392.3,21,31.0,62.5,70
404.4,21,32.2,56.2,69
400.0,37,34.0,42.3,104
397.5,16,36.5,36.5,59
402.0,12,37.5,35.0,51
400.0,11,36.2,39.3,46
401.8,12,35.7,41.2,52
405.4,25,34.1,49.0,78
409.3,49,33.2,52.0,133
404.8,44,31.8,54.6,121
399.9,40,29.9,61.4,111
402.8,38,28.3,68.0,108
409.8,33,27.0,72.5,94
411.8,27,26.5,74.3,81
403.8,15,26.7,73.0,57
399.0,13,26.8,73.0,52
397.0,14,27.0,72.3,54
399.8,16,27.5,70.5,60
399.8,19,28.0,68.8,66
404.8,34,28.7,64.5,97
408.0,24,29.5,60.8,75
398.3,30,29.7,59.8,89
396.3,24,30.2,57.8,76
404.4,67,31.6,59.8,157
410.8,21,30.9,57.5,69
400.5,30,32.5,51.0,89
399.5,17,33.6,38.3,60
402.6,26,35.4,44.8,81
400.8,19,36.9,36.5,66
401.8,25,36.3,34.5,79
403.8,27,35.5,38.5,81
407.2,39,34.3,48.4,110
412.5,51,32.7,56.8,140
407.8,44,31.0,63.0,121
411.0,50,29.3,71.4,135
413.3,52,27.8,76.3,141
416.3,47,26.7,79.3,128
423.5,32,26.4,79.0,92
423.0,32,26.5,79.0,92
417.0,32,26.8,77.8,92
415.5,45,27.1,75.8,124
416.8,59,27.4,73.3,153
415.8,63,27.9,71.3,155
412.8,73,28.4,71.0,160
418.0,58,28.8,75.8,152
425.8,45,29.3,75.0,123
417.3,33,29.6,74.0,94
408.0,23,29.6,73.6,74
406.2,24,30.1,71.2,77
413.5,20,30.7,69.8,68
417.8,21,31.6,65.8,70
407.0,18,33.0,60.5,64
405.0,15,32.1,57.0,56
405.0,27,32.6,60.8,82
409.8,23,34.4,52.3,73
413.0,34,33.5,57.6,97
416.5,69,32.0,66.3,158
418.0,87,30.4,72.6,167
415.6,74,28.8,80.4,160
418.3,83,28.0,83.3,165
429.2,106,27.0,84.4,177
443.3,65,26.3,86.0,156
454.5,58,26.3,85.5,152
430.5,57,26.5,84.5,152
426.5,68,26.8,83.8,157
433.5,71,27.0,83.8,159
438.0,64,27.3,84.3,156
440.3,55,27.5,83.5,149
433.0,53,27.8,82.3,144
424.8,32,28.2,80.3,92
409.8,26,28.3,79.0,80
403.5,24,28.3,77.5,75
401.4,29,28.5,74.4,86
400.8,19,29.1,70.4,65
399.5,25,29.8,67.8,78
398.0,18,30.6,64.6,64
396.3,15,30.6,65.0,57
397.5,22,30.1,68.5,72
399.3,22,29.8,70.5,72
400.8,30,28.3,75.3,89
398.3,17,27.7,74.3,62
405.3,27,30.2,69.0,83
408.8,42,29.0,77.3,116
412.8,42,28.1,82.6,116
422.8,22,26.9,83.0,72
413.3,13,26.3,83.5,52
396.3,14,26.0,80.3,54
397.3,16,26.6,78.0,58
405.8,26,28.5,76.0,80
398.5,24,28.7,77.0,75
399.0,26,28.8,76.8,80
397.3,29,28.8,75.8,86
396.8,21,29.1,72.5,69
410.8,29,29.6,72.0,86
402.0,22,29.9,71.8,71
396.5,23,30.0,70.0,73
395.0,17,30.2,66.5,61
396.5,34,30.8,61.5,97
398.8,42,31.7,59.6,117
409.4,95,32.8,58.0,171
398.8,26,33.8,57.6,80
396.0,20,33.2,58.3,66
400.3,22,33.8,54.3,72
400.8,15,35.1,48.8,57
404.3,17,34.1,52.0,62
402.5,23,32.8,55.0,74
405.4,40,31.0,61.2,113
406.8,42,29.1,67.5,118
404.3,35,27.9,70.0,99
417.0,38,27.6,71.5,106
409.3,28,27.8,71.5,85
405.3,21,28.1,71.0,69
404.8,34,28.2,71.0,96
401.5,27,28.6,69.8,81
401.3,30,28.9,68.5,89
401.3,31,29.6,70.0,91
400.3,23,30.0,70.8,73
396.3,28,30.3,69.3,85
395.8,16,30.5,69.0,59
395.5,18,30.8,65.8,64
402.0,24,31.8,60.3,75
409.3,24,33.0,53.0,75
415.2,29,34.0,54.2,87
410.5,20,36.7,44.3,68
410.5,16,37.9,39.0,58
410.0,21,36.5,44.3,69
412.5,26,35.2,51.0,79
420.0,70,34.6,57.3,158
418.5,62,33.7,59.5,154
429.8,46,32.3,62.8,126
414.0,60,30.8,68.5,153
415.0,37,29.2,73.3,104
419.0,32,28.0,76.0,93
417.8,21,27.6,76.5,70
419.8,35,27.8,75.0,99
417.3,24,28.0,73.7,77
419.5,27,28.4,72.8,82
420.8,38,28.8,71.5,107
415.3,36,29.2,69.5,100
410.0,30,29.7,67.8,88
417.5,54,30.3,68.5,146
419.3,44,30.6,68.3,123
421.0,35,30.9,65.5,98
420.6,28,31.2,64.4,85
410.3,31,31.5,63.5,90
412.8,39,32.2,62.3,108
417.8,37,33.6,57.3,105
413.8,22,36.6,45.8,71
407.5,13,37.7,37.3,53
410.0,12,37.0,38.5,48
411.8,13,36.2,39.5,52
412.3,12,35.2,42.3,50
411.8,24,33.2,55.3,75
422.8,77,31.7,63.8,162
423.3,66,30.3,67.5,156
429.8,72,28.9,71.0,160
430.5,52,27.6,73.5,141
420.8,22,27.3,73.8,71
412.5,20,27.3,74.0,68
411.0,19,27.6,73.5,65
412.3,21,27.8,73.0,69
413.3,33,28.1,72.8,95
412.5,32,28.5,71.5,93
413.5,35,28.8,69.3,99
414.0,43,29.7,63.5,120
414.8,43,30.3,61.5,118
417.5,55,30.7,62.0,150
416.3,55,31.1,60.5,148
413.3,57,31.7,59.0,152
413.2,56,32.1,59.2,151
417.8,53,33.1,59.8,143
413.4,22,35.7,45.8,73
411.0,15,37.4,41.3,57
411.5,16,36.7,44.3,60
420.5,16,36.3,44.0,59
417.8,23,34.8,49.0,73
421.8,33,32.9,58.0,94
426.8,31,32.0,60.5,91
426.8,40,30.5,66.2,111
425.8,48,28.7,73.6,131
422.8,34,27.7,76.3,96
416.8,18,27.2,76.5,63
410.5,17,27.3,75.5,60
409.0,21,27.6,74.8,70
408.0,22,27.7,74.3,72
409.0,19,28.1,73.5,65
407.8,21,28.6,71.5,69
406.8,21,29.1,69.3,70
412.0,36,30.0,70.8,103
419.8,37,30.7,70.8,105
410.5,27,31.2,66.0,82
412.0,34,31.6,67.0,96
416.6,50,32.0,67.0,136
428.0,55,33.0,60.8,150
409.0,29,34.1,49.3,87
412.3,21,36.5,44.8,70
413.8,18,38.0,41.3,63
410.5,11,37.1,38.3,43
411.6,14,35.7,43.2,55
428.8,75,33.7,56.4,161
424.3,80,34.2,58.0,164
422.0,47,31.9,62.5,129
412.2,45,30.0,69.0,125
420.6,62,28.3,73.0,154
424.5,58,27.1,75.5,152
420.0,38,26.7,75.8,108
419.5,41,27.1,74.3,114
415.5,33,27.2,73.8,94
413.8,43,27.5,72.5,119
409.8,28,27.7,72.0,84
410.5,26,28.1,70.3,80
410.5,28,28.7,69.3,83
411.3,35,29.5,73.8,99
409.8,25,29.9,72.5,77
408.8,22,30.2,70.5,72
407.0,16,30.5,69.8,60
405.8,16,30.6,67.5,58
405.3,19,31.3,64.0,65
409.8,27,32.8,60.5,82
419.0,25,35.8,50.8,78
411.0,24,36.7,46.8,75
411.2,18,36.2,43.0,63
425.4,27,35.5,48.2,82
414.0,25,34.0,53.3,77
415.8,50,32.4,60.0,136
422.6,78,31.3,61.6,163
416.3,66,29.8,65.8,156
421.3,54,28.2,70.5,147
423.8,72,26.8,74.8,160
431.8,41,26.5,75.0,115
421.3,28,26.6,74.0,83
414.0,19,26.8,73.0,64
408.3,22,27.0,72.3,71
406.3,24,27.4,70.5,76
408.0,17,27.8,69.3,61
413.8,22,28.6,67.3,72
415.5,27,29.2,66.8,82
407.3,18,29.4,66.5,63
407.0,21,29.6,68.0,69
406.8,28,30.2,67.3,83
409.3,27,30.7,65.3,82
402.8,23,31.2,62.5,74
409.4,25,32.5,56.4,77
408.2,27,35.0,50.5,83
415.0,37,36.3,50.4,105
416.8,32,36.9,43.3,93
416.4,26,35.5,43.6,81
421.0,32,34.3,47.0,93
419.0,33,32.7,50.3,95
421.8,32,30.9,56.5,93
418.0,44,29.1,63.3,122
421.0,61,27.3,70.0,154
423.5,56,25.9,72.8,151
424.3,27,25.4,74.0,83
421.3,17,25.7,74.0,60
418.8,19,26.1,73.0,64
416.0,15,26.3,73.0,58
417.3,24,26.7,71.0,76
411.3,32,27.1,69.3,93
411.0,16,27.3,68.0,59
409.3,26,27.7,68.5,80
415.3,34,28.5,67.8,96
432.0,47,29.5,71.5,129
428.8,54,29.8,70.6,147
420.5,45,30.2,68.3,124
413.0,37,30.6,66.3,105
414.7,61,31.7,62.3,154
418.0,87,33.2,48.0,167
414.8,52,33.7,48.5,141
416.4,47,34.4,52.8,130
417.5,37,33.8,54.3,105
419.7,22,34.0,54.0,71
413.8,24,32.5,58.8,75
419.5,26,31.3,62.8,80
426.8,36,29.6,68.5,100
417.2,30,28.2,72.4,89
421.8,34,26.8,75.8,96
432.0,27,26.4,76.8,83
435.0,25,26.4,77.0,77
423.3,19,26.7,75.8,65
417.3,18,26.9,75.0,63
416.0,21,27.2,75.0,70
412.5,20,27.5,74.0,67
418.3,24,27.8,72.8,76
411.8,35,28.4,71.8,99
411.0,28,28.9,71.0,85
411.8,35,30.0,70.5,99
416.3,35,30.5,71.8,98
422.4,40,31.1,69.8,113
414.8,36,31.9,59.0,100
414.5,28,32.5,55.5,84
407.3,26,34.6,47.8,79
407.8,18,34.5,50.0,64
410.0,12,35.9,45.6,50
410.5,14,34.8,50.0,55
411.3,17,33.3,55.5,62
416.3,23,31.8,62.0,74
428.2,46,30.7,67.4,126
435.3,37,29.2,72.8,103
442.0,32,27.9,76.5,92
458.3,24,26.5,80.8,76
426.0,24,26.0,80.5,76
421.0,24,26.1,79.8,75
417.5,16,26.4,78.3,58
411.5,13,26.6,77.0,52
411.3,14,26.7,77.0,55
412.5,14,26.8,77.0,54
417.8,70,26.9,77.0,158
425.5,44,27.4,78.5,122
415.5,42,28.0,74.0,116
407.3,26,28.4,72.3,81
411.3,41,28.6,73.0,115
417.3,67,28.8,72.5,157
419.2,40,29.4,69.4,113
413.0,34,30.0,67.5,97
405.4,22,30.6,63.4,73
407.5,18,31.3,58.8,64
409.0,15,32.9,55.4,57
409.4,13,33.4,54.8,52
411.8,21,32.8,56.6,70
411.0,18,31.6,61.0,62
419.3,47,30.3,67.5,130
422.6,52,28.5,73.8,141
427.0,52,27.1,77.0,140
434.8,42,25.9,81.3,116
429.5,38,25.3,82.5,107
430.0,21,25.2,83.5,69
431.3,25,25.3,83.8,78
424.0,21,25.3,83.0,70
428.0,30,25.4,83.0,88
445.8,50,25.6,83.5,137
440.5,54,25.8,82.5,146
425.8,44,25.9,82.0,122
423.0,40,26.1,81.5,111
424.3,37,26.3,81.0,105
416.2,33,26.3,81.2,95
412.5,298,26.3,80.5,348
409.0,42,26.9,80.3,116
411.5,59,27.2,80.0,153
417.3,55,28.6,75.3,150
422.8,81,30.3,71.0,164
413.4,60,29.8,71.2,153
412.5,43,28.3,75.0,118
420.2,67,29.2,70.8,157
426.8,68,30.9,68.3,158
419.5,55,30.4,69.5,148
423.0,49,28.7,74.5,135
423.0,39,27.3,78.8,108
426.5,41,26.6,80.5,113
429.8,35,25.9,81.8,98
428.5,25,25.8,81.0,77
426.3,35,26.0,80.5,98
422.8,41,26.3,79.3,113
420.3,41,26.4,79.0,114
422.0,40,26.5,78.5,113
428.3,63,26.8,77.8,155
432.0,83,27.1,76.5,165
438.8,111,27.4,75.0,180
431.8,85,28.0,71.8,166
425.5,77,28.2,71.0,162
415.0,63,28.2,70.0,155
411.7,60,28.5,70.7,153
410.5,65,29.2,70.0,156
417.0,71,29.7,68.5,159
412.7,40,30.8,69.8,113
410.8,22,33.1,54.3,72
419.0,83,33.1,57.8,165
422.5,103,32.0,63.0,175
435.0,72,32.0,65.5,160
421.2,67,30.4,71.4,157
421.5,51,28.9,77.0,139
446.3,52,27.7,80.8,142
434.0,41,27.3,82.3,113
431.8,50,26.9,83.3,137
419.0,38,26.9,82.3,107
417.0,39,26.9,82.0,110
421.0,48,27.0,81.3,132
416.0,44,27.2,80.6,123
416.0,34,27.5,78.5,97
407.8,37,27.8,76.0,105
409.0,27,28.2,76.5,82
405.0,23,28.5,75.8,74
405.0,25,29.6,70.7,79
409.8,22,30.6,70.3,72
412.8,417,30.9,69.0,445
412.0,27,31.2,67.8,82
412.0,28,31.7,64.0,83
415.3,36,33.0,59.8,103
418.0,33,37.0,47.5,95
411.8,17,36.8,39.8,61
409.5,17,35.4,45.3,60
413.8,41,34.3,50.5,115
415.3,45,33.6,52.8,124
411.0,41,31.5,59.0,115
409.0,45,29.9,66.0,124
413.6,50,28.4,70.2,136
418.8,47,27.5,72.0,129
430.0,46,27.1,72.0,127
419.3,33,27.3,72.0,95
413.5,24,27.6,72.0,75
412.5,26,28.0,71.5,80
410.0,22,28.5,71.8,71
404.3,18,28.6,71.3,62
403.0,20,28.8,72.0,66
405.0,30,29.0,70.0,88
402.0,19,29.2,70.3,65
401.8,16,29.6,67.3,58
403.5,19,30.2,63.0,65
404.3,17,31.1,56.5,61
403.6,20,31.9,54.6,68
405.5,26,33.3,47.0,79
408.8,34,36.2,40.3,97
411.3,15,38.1,37.0,56
409.5,12,36.5,38.5,51
410.8,13,35.7,40.5,52
413.0,33,33.9,49.3,94
420.8,63,32.8,53.3,155
422.5,65,31.4,58.5,156
419.8,78,29.5,66.0,163
417.0,62,28.0,68.3,154
416.8,42,26.9,70.0,116
495.3,23,26.6,71.6,74
417.3,26,26.8,71.3,81
412.5,22,27.1,71.0,71
413.3,19,27.5,69.8,65
412.8,19,27.7,69.3,64
406.8,21,27.9,68.3,70
408.5,26,28.4,67.0,79
409.3,28,29.2,65.5,83
404.5,26,29.3,63.8,80
403.3,23,29.5,64.0,73
408.5,28,30.2,59.5,84
407.8,33,30.9,56.3,95
408.0,41,31.2,61.8,114
415.5,34,32.1,61.8,96
422.5,37,34.8,53.3,105
411.3,25,36.5,39.3,77
410.0,28,35.3,41.3,84
413.8,41,34.7,49.5,113
416.3,68,33.3,58.3,157
415.8,68,32.2,59.0,158
414.0,60,31.0,61.8,153
411.3,58,29.6,66.0,152
415.5,64,28.1,70.5,155
412.0,49,27.2,72.3,133
416.8,24,27.0,72.0,76
413.0,25,27.2,71.5,77
407.5,23,27.3,71.0,74
408.0,21,27.6,69.8,69
408.3,27,28.0,68.3,81
408.5,24,28.6,67.3,76
410.3,40,29.3,67.0,113
404.0,24,29.5,68.0,75
403.3,28,29.8,65.5,84
404.8,23,30.2,60.8,73
402.3,18,30.5,61.0,64
409.0,40,31.2,61.3,113
408.3,47,32.3,53.5,128
408.0,36,34.1,45.3,102
409.0,20,37.0,33.3,68
409.8,18,37.9,32.5,63
410.5,17,36.7,34.0,60
412.3,20,35.6,37.0,68
413.8,26,34.5,41.5,79
418.8,52,33.0,50.5,141
414.3,57,31.2,56.5,152
417.3,77,29.6,66.0,162
421.8,74,28.0,71.3,160
422.8,44,26.9,73.3,122
422.0,41,26.7,73.0,114
414.8,24,26.8,71.5,75
412.3,22,27.1,72.0,72
409.3,23,27.3,72.0,74
412.5,28,27.5,71.0,83
412.5,32,28.2,70.3,92
409.8,25,28.7,71.3,77
404.3,50,28.9,70.5,137
405.3,56,29.3,68.3,151
404.3,30,29.6,64.5,87
405.0,35,30.4,64.0,99
416.8,174,30.6,64.3,224
410.0,44,31.5,60.3,121
407.8,31,33.1,42.0,91
413.0,24,35.6,36.0,75
412.3,22,36.6,34.0,71
411.4,28,35.3,38.8,84
416.3,58,33.4,51.0,152
419.3,74,33.4,53.0,160
416.5,63,32.1,56.0,155
416.8,70,30.7,62.5,159
415.8,61,29.3,67.3,154
415.5,57,28.0,70.3,152
415.8,52,27.1,72.3,140
417.5,43,26.8,72.5,119
418.0,38,27.1,71.7,108
417.3,42,27.4,70.5,116
419.8,45,27.9,68.3,124
414.5,41,28.4,66.3,115
418.3,32,28.7,68.0,92
414.0,33,29.0,67.5,95
410.8,34,29.3,69.3,97
411.5,41,29.8,66.3,115
413.0,38,30.3,62.5,107
414.0,43,30.8,64.0,120
412.5,49,31.2,64.3,135
411.5,46,32.3,54.0,127
412.3,41,33.5,48.3,114
415.3,42,36.1,44.5,116
414.5,34,37.3,39.3,96
411.3,32,35.8,42.0,92
411.3,39,34.8,46.0,109
418.0,76,33.6,55.5,162
414.0,64,32.6,58.3,155
412.5,63,30.9,62.8,155
417.8,62,29.3,67.5,154
417.0,68,27.9,71.3,157
418.8,70,26.9,72.8,159
422.3,65,26.7,73.5,156
412.0,35,26.8,73.5,98
410.4,28,27.1,72.2,85
409.8,29,27.4,71.3,86
412.0,43,28.0,69.3,120
408.8,47,28.6,71.0,129
404.3,36,28.9,70.8,100
403.5,39,29.1,69.8,109
404.5,36,29.4,66.5,102
403.0,34,29.4,62.5,96
406.3,31,30.0,56.5,90
403.0,25,30.8,49.5,78
402.8,29,31.4,45.0,87
403.8,28,33.0,42.0,84
407.0,20,35.3,36.5,68
409.0,22,36.5,35.3,71
407.3,23,35.2,37.5,73
408.3,21,34.3,40.0,70
408.7,24,33.5,44.0,77
409.8,26,32.7,48.0,80
416.5,57,31.0,55.5,152
431.3,98,29.2,67.8,173
423.0,77,27.9,71.3,162
429.5,82,26.6,71.3,165
436.5,61,26.5,71.3,154
423.8,47,26.7,71.0,129
419.3,53,27.3,69.5,144
411.3,40,27.9,70.5,111
407.5,29,28.3,70.0,87
404.5,27,28.5,70.0,81
401.0,31,28.6,70.0,91
404.8,33,29.1,67.8,94
406.3,30,29.6,63.3,88
407.8,31,29.9,58.8,90
407.0,37,30.3,55.0,104
403.8,25,30.6,49.8,77
401.3,23,31.5,40.5,73
402.8,23,32.7,33.3,74
404.0,21,34.8,30.5,70
406.5,20,36.0,27.5,68
406.5,21,35.4,28.3,70
407.3,26,34.8,33.8,79
410.5,31,34.3,40.0,91
409.0,33,32.9,46.8,94
413.5,46,31.2,55.8,128
417.8,76,29.5,64.8,161
417.3,55,28.1,70.8,150
429.8,60,27.2,71.0,153
426.3,54,26.8,71.3,145
422.0,40,27.0,72.0,113
416.0,53,27.2,72.0,143
414.0,47,27.3,71.8,129
420.0,57,27.6,71.0,152
421.5,58,28.0,70.0,152
407.0,37,28.4,67.8,105
400.8,26,28.4,68.5,81
401.8,26,28.7,70.8,79
403.8,27,29.3,67.5,81
400.5,26,29.8,65.8,81
403.5,30,30.9,62.8,88
408.8,32,32.6,50.3,93
415.5,34,34.5,40.8,96
412.3,31,37.0,39.8,91
415.8,31,37.5,43.8,90
412.8,32,36.3,38.8,93
409.5,27,35.2,39.5,82
411.8,29,34.3,43.3,87
410.3,27,33.2,43.0,82
414.0,29,31.8,47.3,86
425.5,65,29.4,65.3,156
430.3,62,27.5,73.5,155
440.5,58,26.5,76.3,152
436.8,46,26.3,75.0,127
421.5,39,26.5,74.3,110
417.3,28,26.9,73.0,84
418.0,35,27.3,71.8,98
418.8,61,27.8,70.5,154
409.0,29,28.4,72.0,87
407.0,25,28.4,72.0,77
408.3,28,28.7,72.3,84
408.0,29,29.1,71.0,87
404.3,31,29.5,68.8,91
407.0,31,30.3,64.0,91
408.8,25,31.2,56.3,79
408.5,29,32.3,49.8,87
412.0,51,34.1,43.8,140
413.8,28,36.8,37.3,84
413.0,25,37.6,35.5,77
413.0,25,36.4,38.3,77
411.8,24,35.3,40.5,75
413.5,28,34.4,42.3,84
415.8,28,33.4,46.0,84
419.5,50,31.8,52.5,138
418.0,59,29.4,63.3,153
415.8,52,27.6,72.0,141
420.0,55,26.4,75.0,148
425.0,38,26.4,74.3,107
417.3,43,26.6,73.5,118
413.8,23,27.0,72.0,74
411.5,27,27.3,71.5,82
413.0,28,27.7,70.0,83
416.5,48,28.2,67.8,131
419.5,60,28.7,66.0,153
409.3,30,29.1,68.0,89
406.5,32,29.3,65.0,93
408.8,26,29.9,57.3,81
406.8,34,30.3,52.3,97
408.5,54,30.7,51.5,147
407.0,27,32.3,49.0,82
408.5,27,33.4,45.8,83
411.8,29,36.2,37.5,87
413.0,24,37.2,36.3,76
411.3,21,36.0,36.0,70
412.0,23,35.5,36.0,74
413.0,26,34.6,38.5,80
413.0,27,33.5,39.3,81
413.0,31,32.0,46.0,90
423.8,63,29.2,65.5,155
431.0,68,27.4,72.8,158
434.8,61,26.1,74.5,154
451.0,58,25.7,73.5,152
448.5,54,25.9,71.5,145
429.0,50,26.4,69.5,137
426.3,61,26.8,68.0,154
421.0,58,27.3,67.3,152
416.3,28,27.8,67.3,84
408.3,25,28.2,67.3,77
407.8,23,28.5,63.8,74
407.3,23,28.9,61.8,73
405.8,21,29.2,59.8,69
404.5,18,29.6,58.3,63
406.0,22,30.5,54.8,72
407.8,22,31.6,46.3,72
405.5,15,32.7,37.8,57
405.3,12,34.0,40.0,48
408.3,13,35.4,38.5,52
409.5,16,35.5,39.3,59
410.3,17,34.7,40.8,62
412.0,18,34.0,41.0,62
412.8,20,33.0,45.3,68
410.8,26,31.2,57.3,80
414.3,44,29.0,70.0,122
417.5,51,27.9,73.3,138
415.3,48,26.8,74.8,130
420.5,26,26.5,75.0,80
423.0,26,27.0,73.3,81
422.3,28,26.7,74.0,83
415.0,35,27.4,72.3,99
415.8,35,27.7,71.5,99
411.5,33,28.2,74.0,95
407.8,31,28.3,75.0,91
405.5,26,28.4,74.3,79
408.3,25,28.9,69.5,79
407.0,31,29.0,65.3,91
405.3,24,29.6,65.5,75
405.5,26,30.3,63.3,80
409.0,24,31.6,51.5,76
408.3,24,32.9,52.0,75
414.8,27,35.5,51.3,81
417.3,34,36.9,49.8,97
412.3,23,36.3,41.0,74
414.5,27,35.7,43.3,82
415.5,31,35.0,47.3,91
419.8,56,33.4,53.5,151
416.5,56,31.4,61.8,151
416.3,61,29.4,69.3,154
417.0,62,28.0,72.5,154
432.0,66,26.7,74.0,156
426.5,46,26.5,72.5,127
424.3,50,26.7,72.8,135
419.0,69,27.2,72.0,158
418.3,74,27.7,72.0,161
413.0,53,28.1,73.5,144
407.7,25,28.4,74.0,79
403.0,27,28.2,73.0,82
401.5,32,28.3,71.3,92
402.8,29,28.5,70.5,87
402.5,27,28.9,69.0,82
402.5,28,29.7,66.5,84
406.5,26,30.6,59.0,80
406.3,27,31.8,49.0,82
410.3,24,33.1,50.3,76
412.5,26,35.5,46.0,80
414.5,36,37.0,41.5,102
412.5,24,36.0,40.0,75
413.0,26,35.4,41.3,80
412.8,29,34.0,44.3,86
423.0,66,32.6,52.3,156
418.8,52,30.9,55.0,142
414.8,47,28.8,63.5,128
414.5,43,27.0,69.0,120
420.0,73,25.9,72.8,160
425.5,32,25.8,72.3,93
415.5,24,26.2,70.8,75
411.8,31,26.4,70.0,91
410.3,42,26.6,69.3,117
412.5,58,27.0,67.5,152
417.3,50,27.7,64.0,138
411.3,40,28.3,64.0,111
407.8,29,28.5,63.8,86
405.0,26,28.5,63.8,79
402.0,22,28.8,64.0,71
401.0,17,29.2,61.8,62
403.0,20,30.1,59.8,67
405.8,29,31.2,55.0,85
407.8,31,33.2,46.0,91
408.0,31,34.9,43.3,91
411.5,33,35.3,43.0,95
410.8,31,34.8,45.8,91
412.3,27,34.0,47.5,83
410.3,32,32.9,52.8,92
420.0,60,31.5,58.8,153
415.5,50,30.1,61.5,135
415.0,43,28.9,65.8,118
421.5,41,27.5,70.3,115
425.3,38,26.5,72.3,106
418.5,31,26.2,71.5,90
413.5,21,26.4,70.5,69
413.8,30,26.8,69.5,89
411.5,23,27.0,69.0,74
412.3,35,27.4,68.5,99
410.5,20,28.1,71.8,66
405.8,20,28.3,70.3,68
399.8,24,28.4,70.5,75
401.5,22,28.6,68.8,71
400.0,22,29.0,66.5,71
397.5,25,29.8,64.3,77
403.0,27,30.8,58.3,82
406.0,35,32.1,50.0,98
408.0,39,33.2,46.8,110
413.3,42,35.3,44.5,116
416.8,49,36.5,44.3,135
406.8,32,35.0,47.3,92
407.5,39,33.8,52.0,110
410.0,45,32.9,55.0,123
415.5,75,31.8,58.8,161
416.3,60,30.4,62.0,153
413.3,48,28.8,67.0,131
417.5,53,27.2,71.5,144
412.8,38,26.3,72.8,106
416.5,29,26.3,72.0,86
411.0,20,26.4,72.0,68
408.8,23,26.6,71.3,73
406.8,21,26.8,70.5,70
406.8,24,27.2,68.8,75
408.8,26,27.9,71.5,81
406.3,27,28.2,73.5,83
409.0,30,28.4,71.3,87
409.0,25,28.7,69.5,79
401.0,32,28.8,68.8,93
399.8,36,29.3,65.8,102
399.5,30,30.0,64.0,88
401.0,25,31.2,57.3,78
404.8,33,33.1,44.5,94
411.3,38,36.0,39.5,106
414.3,33,37.5,41.3,95
408.0,33,35.5,47.0,94
410.3,37,34.2,49.5,105
412.3,55,33.2,53.8,150
415.0,72,32.0,60.3,159
409.3,57,30.5,63.5,152
407.8,46,29.0,68.8,127
407.5,32,27.6,72.8,93
411.0,29,26.6,75.3,86
414.0,23,26.3,75.8,73
414.5,19,26.6,74.5,64
410.0,21,26.8,73.3,70
408.3,24,26.9,71.5,75
410.8,36,27.3,70.8,103
408.0,35,27.9,71.5,98
404.3,30,28.2,75.0,89
404.3,25,28.3,73.3,77
400.8,28,28.7,71.0,84
400.8,29,29.2,69.3,86
402.8,27,29.7,65.5,83
404.5,35,30.5,56.3,99
405.8,28,31.7,47.3,84
403.8,25,32.9,52.3,79
410.0,29,35.3,47.0,87
411.5,30,37.5,38.8,87
409.0,21,36.1,34.8,70
410.3,18,35.1,34.8,64
412.8,25,33.8,42.8,77
417.5,75,32.1,59.5,161
414.5,66,30.7,63.3,156
415.5,65,28.9,69.5,156
413.3,49,27.5,72.5,133
412.5,37,26.5,74.5,103
418.3,31,26.3,73.5,91
415.8,30,26.5,73.5,87
414.3,26,26.8,73.0,79
410.8,28,27.1,72.0,83
410.5,33,27.4,71.3,95
412.8,36,27.9,69.5,103
411.8,43,28.5,69.0,119
413.5,55,28.9,69.0,150
415.3,53,29.1,69.3,144
417.3,52,29.3,69.3,142
407.5,37,29.8,63.5,104
405.8,38,30.0,66.2,107
412.3,58,30.5,65.8,152
414.7,41,32.4,61.0,114
417.3,46,35.5,52.5,128
412.3,27,37.4,41.0,82
408.5,27,36.1,39.5,83
409.5,31,34.5,45.5,90
415.8,56,33.7,50.0,151
418.5,54,32.1,54.8,147
423.7,54,30.0,64.0,147
435.5,50,28.6,68.7,136
408.8,56,27.1,72.5,151
410.5,42,26.2,74.3,117
414.8,27,26.0,72.3,81
411.3,31,26.1,72.0,90
412.5,37,26.5,71.5,105
410.8,39,26.6,71.3,110
410.3,44,27.1,68.5,121
413.3,44,27.8,64.3,121
418.8,30,28.3,63.0,89
420.3,29,28.8,62.8,86
413.0,27,29.1,60.8,82
403.0,30,30.1,55.5,87
402.0,23,29.4,58.8,73
400.8,24,30.6,53.8,75
402.5,37,31.4,50.8,104
404.8,55,32.6,55.5,149
408.5,29,35.8,45.5,86
410.3,28,37.5,35.8,83
412.0,25,36.3,38.5,78
410.5,26,35.5,41.8,80
413.8,27,34.0,47.0,82
422.5,60,32.0,58.8,153
427.0,85,30.7,62.3,166
416.8,66,29.0,65.5,156
420.8,87,27.4,71.5,167
421.3,70,26.3,72.5,158
425.8,59,26.3,70.8,153
427.8,96,26.6,68.0,172
425.8,131,26.8,65.3,190
426.8,124,27.2,61.0,186
426.0,84,27.7,59.3,166
424.3,66,28.1,61.5,157
423.0,46,28.8,63.3,127
421.8,41,29.3,61.3,115
411.0,28,29.8,60.8,85
406.3,18,30.2,59.0,64
402.5,18,30.5,58.0,62
403.6,21,31.3,55.8,70
403.5,21,32.5,51.5,69
405.5,18,34.2,45.0,63
406.8,16,37.1,33.5,59
409.0,15,37.8,33.3,56
408.0,13,36.1,34.3,52
410.3,17,35.2,36.0,61
409.3,16,34.3,36.0,59
409.8,14,33.2,37.3,56
411.3,27,31.7,45.3,82
417.8,67,29.3,66.5,157
416.3,60,27.4,75.0,153
417.3,46,26.3,76.8,126
428.8,41,26.2,75.5,115
419.0,39,26.4,74.5,110
423.3,65,26.6,71.5,156
425.5,87,27.0,70.3,167
423.0,79,27.4,72.0,163
404.3,22,27.9,73.3,72
404.3,21,28.2,73.3,69
403.5,19,28.7,71.3,64
407.3,18,28.8,70.5,63
403.0,18,29.2,67.8,62
401.0,17,29.5,66.5,61
400.3,18,30.0,64.5,62
402.8,18,31.1,59.8,62
403.3,18,33.5,47.0,63
405.5,16,35.9,40.3,60
408.0,16,36.7,43.8,59
406.8,14,35.2,45.0,56
407.8,16,34.5,45.5,60
411.3,15,33.5,45.5,57
411.8,17,32.8,46.5,61
410.0,16,31.7,47.8,59
417.5,47,29.9,59.3,130
417.3,51,28.0,71.3,139
422.5,51,27.0,74.8,139
429.5,65,27.0,74.0,156
419.3,38,27.2,73.5,106
406.0,16,27.5,73.0,59
404.5,17,27.6,74.0,60
401.0,20,27.5,75.5,66
399.3,20,27.7,74.0,67
399.8,18,28.1,72.5,62
400.3,19,28.5,71.0,64
403.8,17,29.2,67.3,61
407.3,20,29.5,65.5,68
405.5,20,29.8,60.8,67
406.5,27,30.7,56.8,82
407.8,29,31.6,52.3,86
407.8,22,33.4,45.5,72
411.8,22,36.2,40.0,71
414.3,19,36.8,39.8,65
413.0,19,35.4,43.5,64
408.8,20,34.2,48.3,68
409.5,25,33.3,51.8,77
411.3,27,32.4,52.0,82
413.3,45,30.8,58.3,124
412.8,48,29.2,67.5,132
410.5,38,27.8,71.0,106
415.8,33,26.8,73.3,94
421.3,24,26.7,73.3,76
413.3,23,26.8,72.5,73
411.3,26,27.0,72.0,79
412.5,28,27.3,71.0,84
411.8,36,27.8,70.0,100
406.5,28,28.3,70.8,83
402.0,23,28.5,69.3,74
402.5,25,28.8,69.3,77
402.5,25,29.1,61.5,77
403.5,18,29.6,57.5,64
410.0,23,30.2,57.3,73
406.0,34,30.8,61.0,96
408.5,37,31.7,60.3,103
410.0,30,33.6,50.3,88
410.0,29,36.5,38.8,86
410.3,23,37.5,37.0,74
410.5,15,36.1,34.0,57
411.0,16,35.1,37.3,60
416.0,19,34.3,41.5,65
423.5,45,32.7,49.3,125
424.8,66,30.8,59.8,156
415.8,63,29.0,68.3,155
416.2,61,27.7,71.6,154
424.3,72,26.7,72.8,159
426.0,73,26.6,72.5,160
421.8,65,26.8,73.0,156
420.3,53,27.0,73.0,144
419.5,52,27.2,72.3,141
418.3,61,27.8,72.5,154
407.0,27,28.1,73.0,82
406.3,23,28.2,71.5,73
405.5,24,28.5,67.0,76
407.8,24,28.8,62.3,76
413.5,34,29.5,65.0,96
413.3,37,30.0,67.3,104
410.0,39,30.0,67.8,108
408.8,31,31.3,54.8,90
409.3,28,32.6,52.0,83
412.0,35,34.9,47.0,100
414.5,28,36.3,44.8,84
413.3,20,35.3,43.8,68
414.0,21,34.5,44.5,70
413.0,25,33.4,48.0,79
417.8,43,32.0,56.3,119
420.3,57,30.2,62.8,152
415.0,49,28.4,68.5,135
416.5,36,27.0,73.5,102
432.3,72,25.9,76.3,159
474.3,44,25.9,74.3,122
426.5,26,25.9,73.3,79
415.8,22,26.3,72.0,72
411.5,25,26.5,72.3,79
412.5,31,26.7,71.3,91
414.3,38,27.3,69.0,107
408.5,29,27.9,70.0,87
405.3,24,28.0,68.8,76
403.8,18,28.1,65.8,62
409.5,18,28.4,60.8,63
405.0,17,28.9,59.0,62
406.0,17,29.3,59.3,62
404.0,28,30.2,57.8,84
404.3,14,31.8,52.3,54
406.0,13,34.2,45.8,53
406.0,12,35.3,40.5,51
406.3,13,34.1,39.8,53
405.5,13,33.4,38.3,53
406.0,15,32.8,42.0,57
408.0,17,32.0,44.8,61
415.3,32,30.6,52.8,92
414.5,44,28.4,63.3,121
413.8,43,26.7,68.5,120
417.8,32,25.7,70.8,93
423.5,37,25.7,70.0,103
421.5,38,25.8,70.0,108
413.3,37,26.1,69.8,105
412.3,32,26.4,69.3,92
412.5,35,26.8,67.8,99
410.8,38,27.3,66.3,107
406.8,23,28.0,67.8,74
402.8,20,28.0,69.0,68
402.5,14,28.3,64.5,56
401.8,15,28.7,62.8,56
403.3,13,29.4,53.3,53
405.8,18,30.2,45.8,64
401.5,23,31.0,42.5,74
404.5,24,32.8,39.5,75
406.5,19,35.4,33.0,64
411.0,17,36.7,31.0,61
409.0,11,35.2,30.3,45
409.0,13,34.1,34.0,52
411.5,16,33.5,35.8,59
411.0,23,32.3,38.8,73
420.3,71,30.1,51.0,159
415.5,66,28.0,61.5,156
422.0,88,26.2,67.8,168
416.8,75,25.0,71.0,161
414.5,22,25.1,71.8,71
408.5,18,25.4,70.3,63
406.5,17,25.7,69.5,60
406.3,20,26.1,67.8,68
407.3,17,26.5,66.3,61
405.3,19,26.8,65.5,66
405.0,23,27.3,64.3,73
407.5,29,27.9,62.5,86
410.0,26,28.9,61.0,79
401.0,22,29.3,57.8,72
401.8,22,28.6,61.3,71
408.3,23,30.8,50.8,74
417.0,28,31.9,48.0,85
414.5,34,33.7,46.8,96
413.8,30,36.3,39.8,88
410.3,20,37.1,34.0,68
409.3,19,35.6,35.0,65
410.5,19,35.0,36.8,65
415.5,25,34.2,41.8,77
416.0,36,32.6,48.5,103
417.0,66,30.4,60.0,157
418.8,64,28.5,65.8,156
420.0,78,26.7,72.4,162
424.3,76,25.9,74.8,161
424.0,43,25.7,74.0,119
418.5,30,26.1,72.3,88
412.5,25,26.4,72.0,79
409.5,26,26.6,73.0,80
409.0,25,26.9,71.8,77
412.5,35,27.4,71.0,98
419.8,53,28.2,69.3,145
419.0,40,28.9,67.8,112
424.0,31,29.5,66.3,91
415.8,44,29.6,65.0,121
408.5,29,29.7,64.5,87
404.5,31,30.0,62.5,91
406.8,27,31.3,56.5,81
413.5,27,34.0,48.0,81
424.0,24,37.5,41.5,75
425.3,19,38.3,39.5,65
417.5,16,36.1,43.5,59
411.8,15,34.7,44.3,56
411.0,14,33.5,47.3,54
409.5,12,32.4,48.3,51
409.0,13,31.1,50.3,53
412.5,26,29.5,58.0,79
417.3,54,27.5,72.3,146
427.8,58,26.1,75.5,152
440.8,30,25.9,75.5,89
431.8,34,26.1,73.8,97
420.0,43,26.4,73.8,120
419.3,48,26.8,72.8,133
420.3,59,27.1,72.0,153
418.5,58,27.7,71.5,152
409.0,23,28.2,71.5,73
408.3,13,28.3,72.0,53
406.5,14,28.6,71.5,55
405.5,14,28.8,70.0,54
405.0,13,29.3,68.3,52
404.3,13,29.7,65.8,53
406.5,16,30.6,61.0,59
409.3,18,32.9,52.5,63
411.8,14,35.7,46.5,54
411.3,12,36.8,44.8,50
409.5,12,35.1,45.3,50
409.8,12,33.9,46.0,50
409.0,13,33.1,46.0,52
411.3,13,32.2,47.3,53
413.3,35,30.8,56.8,98
412.0,42,28.7,68.3,116
413.5,48,27.1,73.5,132
424.5,65,25.9,74.5,156
427.3,56,25.7,73.8,150
422.4,44,25.9,73.0,123
417.0,36,26.2,72.3,100
417.5,50,26.6,72.5,136
416.5,57,27.1,72.3,152
405.5,18,27.5,73.0,64
404.5,25,27.5,73.0,78
402.8,21,27.6,71.8,69
403.8,21,28.0,69.5,70
403.5,19,28.5,68.3,65
405.5,20,29.0,64.5,66
407.3,29,29.9,57.8,85
408.0,40,30.9,51.3,112
411.3,17,33.7,50.7,61
424.3,22,36.0,51.5,71
426.0,25,36.6,50.0,77
413.0,19,35.7,42.2,66
413.8,17,34.8,41.5,60
414.8,20,33.8,44.0,67
421.8,43,32.2,50.5,119
414.0,38,30.6,54.5,106
412.3,48,28.4,63.5,132
417.3,58,26.6,70.3,152
419.5,45,25.4,72.8,124
422.3,32,25.3,72.0,93
414.8,26,25.6,71.3,79
415.0,45,25.9,70.3,124
413.8,44,26.2,70.0,123
413.5,43,26.6,69.3,119
413.8,31,27.3,68.0,91
404.8,25,28.1,69.8,77
406.5,23,28.3,71.3,74
404.8,19,28.6,69.0,66
404.0,20,28.9,65.3,66
405.0,19,29.2,60.3,64
406.0,26,30.0,55.5,80
408.8,27,31.2,51.0,82
412.6,25,33.7,42.6,78
412.3,18,35.5,37.8,64
412.6,14,36.7,34.8,55
409.4,14,35.2,39.4,56
410.6,17,34.4,41.8,61
413.0,21,33.2,44.0,70
422.3,61,31.5,59.8,154
417.3,53,30.1,62.8,144
412.8,43,28.3,68.8,119
417.0,46,26.6,73.8,126
421.8,42,25.4,75.3,116
426.0,38,25.1,75.0,107
419.5,33,25.3,74.0,95
417.0,32,25.6,73.8,92
417.3,36,26.0,72.5,100
420.3,64,26.5,71.3,155
415.0,40,27.2,71.8,113
408.8,27,27.7,71.3,82
405.0,50,27.7,70.5,135
406.0,21,28.0,69.0,70
404.0,14,28.4,65.5,56
402.3,12,28.9,61.8,49
403.0,13,29.4,59.5,52
405.0,14,30.5,54.3,55
405.0,17,31.9,49.0,61
409.0,16,34.6,40.5,58
411.0,12,35.8,38.8,49
407.5,10,34.5,40.0,41
408.3,10,33.5,41.8,42
410.8,13,33.0,45.5,53
412.5,26,32.0,52.0,79
421.0,55,30.8,60.5,149
416.0,56,28.9,68.7,151
418.4,43,27.4,72.8,118
418.8,35,26.2,76.3,98
421.0,31,26.1,75.3,91
419.3,26,26.7,74.5,80
418.0,28,27.1,74.0,84
410.3,24,27.5,75.0,76
406.0,23,27.5,74.8,74
403.5,25,27.9,73.3,78
404.5,25,28.3,73.8,77
409.8,23,28.6,74.3,73
405.8,23,28.6,73.8,73
407.0,19,29.2,71.3,65
406.3,18,29.7,65.3,63
409.0,24,30.1,61.0,76
412.3,25,31.1,58.3,79
412.8,24,33.2,53.3,75
416.3,18,36.3,41.3,63
417.8,15,37.3,41.5,57
414.0,13,35.7,45.0,53
413.5,15,34.3,48.5,57
415.5,22,33.7,51.8,72
415.5,24,32.3,54.3,75
414.0,30,31.0,58.0,88
419.8,72,29.3,66.8,159
419.5,63,27.7,72.5,155
425.3,65,26.9,73.5,156
423.3,47,26.7,74.0,129
419.3,37,26.6,74.0,105
416.7,28,26.7,73.0,85
419.0,40,27.0,72.7,113
416.5,34,27.5,74.3,97
410.0,29,27.9,74.0,85
407.0,23,28.0,73.3,73
405.8,24,28.3,71.5,75
405.5,23,28.6,70.5,73
406.0,22,29.1,68.3,71
407.5,19,29.5,65.3,65
408.8,25,30.4,60.8,78
408.5,25,31.2,56.8,77
408.8,22,32.2,54.8,71
413.3,20,35.9,47.0,68
415.3,15,37.2,40.3,56
415.3,12,35.8,41.5,50
415.0,19,33.6,50.3,64
415.0,14,34.5,46.8,54
417.8,36,32.4,55.0,102
418.8,62,30.6,62.8,154
421.3,79,28.7,69.5,163
425.5,83,27.2,73.8,165
426.3,77,26.0,77.3,162
427.8,58,25.8,75.8,152
419.0,35,26.0,75.0,98
417.0,27,26.2,74.3,83
419.3,35,26.8,73.5,99
420.8,54,27.2,73.0,147
411.8,26,27.8,73.0,81
409.0,22,28.0,72.0,71
407.5,23,28.1,72.5,74
407.3,20,28.3,71.5,66
406.8,15,28.9,69.5,56
406.8,15,29.4,65.5,57
407.8,17,29.9,61.3,62
410.8,25,31.0,55.5,78
413.5,25,33.1,50.3,79
413.3,16,35.3,42.3,58
415.0,14,36.7,40.8,54
413.5,13,35.5,44.0,53
416.5,14,34.5,46.8,55
420.3,19,33.6,51.5,66
416.3,23,32.0,56.3,74
424.8,66,30.6,63.3,156
427.5,90,29.0,69.5,169
427.8,84,27.6,74.3,166
428.5,69,26.6,76.5,158
423.0,49,26.4,76.0,134
418.5,37,26.8,75.0,103
421.0,70,27.2,75.5,158
409.5,24,27.2,77.5,75
408.0,24,27.5,76.5,75
408.3,19,27.8,74.3,65
407.8,21,28.0,73.3,70
407.8,23,28.3,72.0,73
408.5,19,28.5,70.0,65
410.0,24,28.9,64.5,75
409.7,19,29.3,62.0,65
408.3,20,29.9,59.8,67
408.3,23,30.7,55.5,73
410.0,25,32.2,51.5,78
412.0,20,34.8,44.5,66
414.0,16,36.0,42.3,60
413.0,14,35.1,43.8,54
412.5,19,34.0,46.5,66
413.5,22,33.1,47.8,72
412.0,23,32.0,52.3,73
411.0,26,30.4,58.3,80
417.0,65,28.3,67.5,156
424.5,85,26.6,75.8,166
425.5,80,25.7,76.5,163
428.3,58,25.6,75.0,152
425.5,53,25.8,75.0,143
430.0,60,26.2,75.5,154
415.5,47,26.8,76.5,130
408.5,31,26.8,77.5,90
405.8,30,27.0,78.0,87
405.0,21,27.1,76.3,69
406.0,22,27.5,76.0,72
407.0,20,27.7,74.5,66
407.3,21,28.0,74.0,70
407.0,18,28.5,72.7,63
409.0,26,29.1,70.0,81
409.8,25,30.3,64.0,77
410.5,19,31.9,56.0,65
413.8,14,34.5,46.5,56
416.3,14,35.9,43.8,54
413.8,17,34.6,48.0,62
414.0,21,33.4,50.0,70
413.7,20,32.3,50.7,68
415.0,22,31.7,52.8,72
414.3,25,30.5,57.5,78
417.0,36,28.7,64.3,101
432.5,100,27.0,73.8,174
444.0,119,25.9,75.0,184
430.5,53,25.8,76.5,144
416.8,31,26.0,77.0,90
409.8,24,26.0,77.3,75
409.3,25,26.2,77.0,77
408.8,26,26.2,77.0,79
408.0,26,26.5,77.0,80
404.0,23,26.6,75.8,73
405.5,27,26.8,76.3,82
404.0,23,27.0,75.5,73
404.3,24,27.2,74.3,76
405.5,23,27.7,72.5,73
405.3,23,28.2,68.8,73
407.5,21,29.3,62.3,69
410.0,20,31.2,54.8,66
413.8,20,34.0,48.3,68
413.5,24,35.5,43.3,76
410.3,19,34.0,45.0,65
411.0,18,32.8,46.3,63
410.8,24,32.2,51.3,75
412.3,31,31.1,58.0,90
414.8,41,29.7,62.3,116
426.0,97,27.9,69.8,172
425.5,66,26.3,72.3,156
426.3,64,25.3,73.5,155
449.5,46,25.3,74.0,127
425.3,35,25.3,74.0,99
422.8,46,25.6,73.3,127
418.5,51,25.9,73.0,138
423.0,61,26.4,72.3,154
419.0,57,26.9,72.3,152
410.8,42,27.2,72.0,116
406.3,34,27.4,72.0,97
404.3,32,27.5,73.0,92
403.8,25,27.6,73.0,77
405.0,30,28.0,71.0,87
405.3,33,28.5,68.5,95
407.3,44,29.5,65.0,121
409.5,45,31.4,55.8,125
412.3,50,34.4,43.8,135
419.5,40,36.4,41.3,111
414.0,35,35.1,43.0,98
414.5,32,34.4,42.5,93
420.0,50,33.4,47.3,138
420.0,57,31.7,52.0,152
420.5,68,29.7,59.8,157
416.8,67,27.6,66.3,157
418.3,67,25.9,71.5,157
419.0,46,24.9,74.3,127
422.5,23,24.9,73.0,73
422.5,30,25.1,72.3,88
417.3,35,25.2,71.3,99
416.0,33,25.5,70.0,94
414.5,29,25.8,69.3,87
414.8,33,26.1,68.8,94
417.0,45,27.1,67.5,124
410.0,33,27.3,67.5,95
407.3,33,27.4,69.0,95
406.0,41,27.7,68.5,115
407.0,30,28.1,70.3,89
407.3,38,29.0,66.3,107
407.0,30,30.0,58.0,88
409.5,27,31.8,47.8,82
412.0,24,33.8,42.8,76
413.5,26,35.3,40.8,81
413.5,24,34.8,41.8,75
412.3,22,33.6,44.3,71
416.5,40,32.6,51.8,111
420.0,68,31.1,56.5,158
419.0,62,29.4,61.0,154
416.5,75,27.5,67.5,161
424.0,111,25.9,72.3,180
428.0,91,24.8,74.8,169
427.5,66,24.7,73.0,157
417.3,44,24.9,73.0,121
415.0,40,25.2,73.0,111
417.8,40,25.5,72.3,111
418.5,54,26.0,71.3,146
417.8,68,26.4,70.0,158
419.3,76,27.1,68.0,162
412.8,42,27.8,69.3,116
405.8,30,27.9,69.3,89
404.3,27,28.0,64.5,82
408.0,29,28.7,54.5,86
410.0,24,29.3,51.0,76
406.8,24,30.1,49.3,75
409.5,18,31.8,44.0,63
411.8,20,34.6,39.8,68
413.3,13,36.0,38.5,53
412.5,13,35.1,39.0,53
411.3,12,33.6,40.3,49
412.0,16,32.8,42.8,58
415.5,21,31.6,47.0,70
421.5,48,29.6,57.5,132
419.3,57,27.5,66.0,152
426.0,66,25.7,72.8,156
429.3,65,24.7,76.5,156
442.0,41,24.5,76.0,115
425.0,40,24.8,74.3,111
421.3,54,25.2,72.5,145
419.5,58,25.5,71.3,153
421.3,84,25.8,69.5,166
420.8,69,26.5,67.8,158
412.3,37,27.1,68.0,104
407.8,20,27.4,69.3,66
403.8,16,27.3,69.0,60
405.0,18,27.8,65.0,62
404.0,16,28.1,61.8,58
404.5,24,28.5,62.5,75
406.5,28,29.4,58.3,84
410.5,26,31.5,48.0,79
412.8,21,34.1,40.8,69
415.3,17,35.4,37.5,60
413.3,14,34.6,41.5,56
415.0,19,32.9,47.3,64
414.0,19,31.9,51.3,66
413.3,25,30.2,56.3,77
414.8,31,29.2,61.8,90
423.5,66,27.8,66.8,156
434.8,117,26.2,71.8,183
439.0,108,25.0,75.0,178
443.3,61,25.1,75.0,154
425.5,45,25.3,74.0,125
419.3,43,25.6,73.0,118
420.5,43,25.9,72.5,119
422.0,53,26.5,71.5,145
419.5,71,26.9,71.0,159
410.8,23,27.3,73.0,73
408.5,25,27.3,72.0,77
406.0,26,27.5,72.0,80
410.5,18,27.9,68.3,64
410.8,21,28.2,64.5,69
408.3,21,28.9,61.5,69
406.8,25,29.5,57.3,78
407.3,22,30.7,52.8,71
412.5,20,33.4,47.3,66
414.8,15,35.6,41.8,57
414.0,15,34.9,45.8,57
411.5,14,33.1,50.3,56
412.0,15,32.1,54.3,57
412.3,17,31.1,58.3,61
410.0,15,29.8,64.3,58
418.0,43,28.1,70.0,120
429.3,94,26.5,73.0,171
436.5,130,25.3,74.8,189
441.5,78,25.4,74.0,163
428.8,76,25.8,73.5,161
421.3,45,26.2,73.5,125
408.0,32,26.4,75.3,93
407.3,23,26.8,75.0,74
407.0,22,27.0,75.0,71
406.3,25,26.8,75.8,79
405.0,20,26.9,75.5,68
405.5,18,27.1,74.0,63
404.5,44,27.7,70.3,122
408.3,19,28.0,66.0,66
406.8,23,28.5,63.8,74
409.3,22,29.4,61.5,71
411.3,23,31.4,53.8,74
415.3,18,34.1,45.0,64
416.3,14,36.4,38.8,54
414.0,14,35.1,42.3,54
415.3,14,33.5,46.0,55
415.3,18,32.3,50.5,63
417.5,24,31.3,55.0,75
414.5,29,29.9,59.8,85
414.0,35,28.2,69.0,98
424.0,71,26.7,75.5,159
448.8,128,25.5,76.3,188
453.0,125,25.2,76.0,187
443.0,107,25.5,76.0,178
428.3,79,25.9,77.0,163
408.0,18,26.1,76.0,63
404.3,19,26.0,75.5,65
404.8,24,26.1,75.0,75
404.5,25,26.3,76.8,77
402.8,16,26.6,76.5,58
404.8,15,27.1,74.8,57
402.3,15,27.3,72.8,58
405.3,19,27.6,71.3,65
407.3,22,28.5,64.0,71
408.0,24,29.3,53.5,76
413.3,25,30.9,48.8,79
415.1,20,33.9,45.9,68
413.5,18,35.1,43.5,62
413.8,20,33.8,47.0,68
411.5,14,32.7,50.5,55
412.3,16,31.9,53.8,59
411.3,18,30.8,60.0,63
409.3,19,29.4,65.5,64
406.0,19,27.8,71.5,65
407.3,20,26.8,75.3,68
426.0,30,26.0,79.0,88
438.8,26,25.8,78.0,81
426.8,22,25.8,77.8,71
417.3,22,25.9,78.0,71
408.0,18,25.9,78.3,62
404.3,18,26.0,77.5,62
403.0,19,26.2,77.0,65
404.0,18,26.4,76.3,63
404.0,19,26.5,74.8,64
403.5,18,26.8,72.3,64
404.3,20,27.3,68.3,68
404.8,16,27.6,66.0,60
404.0,26,28.1,65.5,79
404.8,25,28.8,63.3,79
407.5,24,30.7,57.3,76
411.5,21,34.0,46.8,70
414.0,18,35.3,41.8,62
412.3,19,34.0,46.0,65
412.8,20,32.5,49.8,68
413.0,25,31.8,53.3,77
413.0,25,30.4,57.5,78
410.2,27,29.4,62.0,82
418.0,54,27.7,67.8,146
420.3,79,26.4,71.3,163
437.3,82,25.8,72.3,165
423.8,64,25.3,73.0,155
425.5,46,25.3,73.0,127
423.3,65,25.9,73.8,156
408.3,19,26.4,75.0,64
407.0,18,26.4,75.0,63
407.8,25,26.5,75.0,79
407.3,31,26.7,74.5,90
404.8,27,26.9,75.0,82
403.8,24,27.1,75.0,76
405.3,21,27.5,72.3,69
405.5,20,28.1,64.5,68
407.3,24,28.5,58.0,75
406.3,27,29.2,52.5,82
408.3,20,30.8,46.5,68
418.3,22,33.5,42.5,71
421.3,19,35.1,42.0,65
419.5,20,34.2,43.8,68
418.3,25,32.8,47.5,77
420.8,26,31.9,49.0,81
420.8,32,30.6,53.5,93
419.8,33,29.3,58.3,94
425.0,63,27.5,63.8,155
433.0,77,26.0,69.5,162
440.0,103,25.0,71.0,176
440.3,89,24.8,72.5,168
434.8,78,25.1,71.8,162
432.8,96,25.5,69.5,172
435.3,92,25.9,67.8,170
438.3,92,26.2,66.5,170
424.5,60,26.7,68.8,153
412.0,25,27.1,70.0,77
411.5,23,27.0,70.3,73
412.8,22,27.7,67.8,72
413.5,16,27.9,65.3,60
424.5,18,28.7,58.5,63
418.6,24,29.4,53.4,76
415.3,38,30.0,55.5,107
416.3,24,30.8,50.3,75
417.0,18,33.7,45.5,63
417.8,15,35.8,33.8,57
415.0,12,34.3,35.8,50
416.0,12,32.8,37.0,50
412.7,12,31.5,41.0,50
414.3,14,30.6,45.3,56
421.0,57,28.2,55.0,152
422.3,56,26.7,60.8,151
441.5,76,25.1,68.0,162
471.0,60,24.2,71.0,153
492.8,51,23.9,71.0,140
432.0,41,24.0,69.8,113
424.8,44,24.4,68.3,121
420.8,34,24.8,67.0,97
415.5,29,25.2,65.8,86
416.3,34,25.6,64.3,97
421.0,61,26.1,61.5,154
417.5,40,26.7,59.0,112
409.8,23,26.7,59.8,74
407.5,21,27.0,59.5,69
405.5,19,27.5,58.5,65
408.0,20,28.0,51.8,66
410.5,29,29.0,46.5,86
412.3,16,31.0,33.8,59
414.0,17,33.8,30.0,61
416.8,11,33.8,30.8,43
417.0,11,33.8,35.8,44
417.3,12,32.0,42.9,51
415.0,10,31.0,44.0,41
419.7,13,30.3,46.0,53
418.5,14,29.1,46.8,56
422.8,33,27.2,58.5,95
431.0,49,25.3,69.3,133
436.8,41,24.4,71.8,114
468.3,44,24.2,71.8,121
426.0,41,24.5,69.8,114
422.0,28,24.9,68.8,83
417.5,20,25.3,67.3,68
415.5,20,25.7,66.5,68
417.3,23,26.0,67.3,74
422.0,32,27.1,70.0,93
415.9,28,27.2,68.6,83
413.5,25,27.5,68.8,77
411.5,19,28.0,69.3,66
412.0,21,28.5,66.0,70
413.3,29,29.3,61.8,86
418.3,35,30.8,56.0,100
418.8,23,32.6,48.3,73
418.1,16,35.3,45.3,60
419.8,19,36.5,46.5,64
418.3,20,34.7,50.5,68
421.5,24,33.4,51.8,76
423.0,29,32.2,54.0,86
423.6,49,31.0,56.4,134
426.5,78,29.2,62.0,162
419.7,64,27.6,70.3,155
430.8,61,25.8,73.5,154
429.0,65,25.0,75.0,156
433.5,48,25.0,74.0,133
425.0,36,25.2,72.8,103
419.5,29,25.6,72.0,87
421.5,41,25.9,71.3,114
421.0,44,26.5,70.5,122
413.3,35,27.2,73.3,99
411.1,24,27.2,74.6,76
410.5,23,27.7,71.0,74
408.3,25,28.1,72.0,78
409.0,24,28.9,68.3,76
414.8,25,29.8,58.5,79
415.5,22,30.6,53.0,72
418.3,27,32.2,42.8,81
420.3,26,34.5,36.5,80
421.8,24,37.8,33.0,76
423.8,19,38.2,32.5,66
421.3,16,36.1,36.0,59
416.8,14,34.1,38.3,56
418.0,20,32.7,43.3,68
416.5,17,31.3,44.8,60
414.5,18,29.9,52.0,62
412.0,20,28.3,58.3,66
415.8,23,26.7,64.8,73
432.0,36,25.3,69.3,103
434.5,26,25.0,68.8,80
422.0,22,25.3,69.3,71
423.8,30,25.5,74.5,87
420.3,35,25.7,78.0,98
422.5,47,26.0,79.8,129
410.8,19,26.4,78.5,66
411.0,20,26.6,76.8,67
413.3,22,27.0,72.8,72
418.5,26,27.6,67.8,79
415.1,20,28.0,67.1,67
410.5,18,28.5,63.3,62
410.5,22,29.0,57.8,71
410.0,24,29.4,50.5,75
411.3,17,30.8,46.8,62
413.5,15,34.0,41.8,56
414.3,13,35.4,38.3,52
414.3,14,34.4,41.3,54
412.3,14,33.2,44.3,55
415.5,25,32.3,49.3,77
422.8,52,31.0,56.8,142
420.0,59,29.8,61.8,153
421.5,53,27.9,69.0,144
420.5,57,26.3,72.5,152
428.0,88,25.2,75.5,168
432.5,48,25.3,74.8,131
424.8,37,25.8,73.0,104
425.8,55,26.1,72.3,148
426.5,60,26.6,72.3,153
423.3,52,26.8,73.0,142
415.5,29,27.2,73.0,86
417.0,35,27.3,73.0,99
417.3,34,27.6,70.8,97
410.0,31,27.7,70.8,90
409.3,30,28.0,70.3,87
413.0,34,28.6,68.3,96
419.5,44,30.1,63.5,122
419.3,43,29.2,68.3,118
416.8,31,32.1,54.0,90
416.3,30,34.3,49.5,88
417.5,31,35.1,47.5,90
416.3,30,34.1,48.0,87
418.0,27,33.7,46.8,82
421.0,28,32.3,50.8,85
456.8,58,30.3,63.4,152
472.8,47,28.3,67.9,129
445.8,26,27.9,68.3,81
493.2,34,27.8,68.8,96
473.5,21,27.6,70.0,70
550.1,30,27.1,71.9,89
415.5,24,28.8,66.0,76
439.5,37,29.3,62.0,104
511.5,503,30.0,59.3,501
472.3,25,30.3,55.5,77
492.0,21,30.6,50.5,70
438.5,19,30.8,51.5,64
460.3,19,30.4,51.8,64
441.8,14,30.4,52.8,54
530.5,13,29.8,55.0,53
433.3,24,29.1,59.3,75
452.5,57,28.3,61.0,152
456.8,33,27.6,63.8,94
458.8,41,27.1,66.3,115
460.3,49,26.8,68.0,134
470.8,25,26.5,68.8,77
527.4,25,27.4,67.8,78
611.0,35,27.7,67.6,99
485.9,23,28.1,63.9,73
481.8,18,28.3,63.0,63
482.5,24,28.6,62.5,76
488.8,29,28.8,62.5,86
486.0,19,28.9,63.0,64
463.0,18,29.0,62.8,62
448.8,20,29.2,64.4,67
500.4,19,29.1,67.1,65
489.0,19,28.3,70.0,66
820.8,57,26.8,76.3,152
932.1,61,26.1,77.6,154
450.7,18,28.1,72.0,63
442.3,21,28.2,71.0,70
434.6,31,27.9,71.0,90
437.3,32,27.8,70.3,93
475.7,42,27.6,72.8,118
455.1,14,27.9,62.7,56
467.2,18,27.6,63.0,64
472.9,23,27.3,63.8,74
466.0,30,27.0,66.1,89
468.9,61,26.5,70.0,154
457.9,67,26.2,71.5,157
457.5,61,26.2,72.0,154
446.7,53,26.4,72.0,145
431.2,32,26.6,72.3,93
420.2,15,26.7,73.0,58
416.7,14,26.9,72.5,54
416.5,13,26.9,72.0,52
417.0,12,27.0,70.0,51
418.2,11,27.2,69.2,48
419.0,8,27.3,67.5,32
420.3,7,27.7,66.3,30
419.7,7,28.0,65.6,31
419.9,7,28.2,64.9,31
423.2,7,28.3,64.0,30
449.0,10,28.4,63.7,40
459.0,10,28.6,62.3,40
439.2,10,28.7,63.0,40
435.0,9,28.7,62.6,38
446.7,11,28.5,62.0,45
445.6,14,28.3,61.4,55
464.4,19,28.1,62.6,66
456.0,30,27.8,64.8,89
471.5,33,27.5,66.3,95
482.6,67,26.9,69.5,157
476.0,83,26.5,70.8,165
458.5,70,26.5,71.0,159
429.7,27,26.6,70.7,82
418.0,12,26.7,70.0,51
418.5,11,26.8,69.7,46
421.0,11,26.8,68.7,46
419.0,12,26.9,67.7,49
418.3,13,27.1,67.0,53
419.2,13,27.3,66.7,52
419.5,12,27.5,66.0,49
420.3,11,27.9,65.0,44
420.6,10,28.2,65.0,41
422.5,11,28.4,65.0,45
427.6,11,28.5,64.9,43
438.3,9,28.7,63.1,39
447.3,10,28.8,61.9,40
444.7,9,28.8,61.4,37
437.8,9,28.6,61.5,36
443.4,9,28.4,62.0,39
455.4,11,28.1,62.4,44
435.9,14,27.8,64.0,56
449.5,21,27.4,65.4,70
491.8,30,27.0,67.0,88
596.0,48,26.3,69.0,131
510.5,52,25.9,69.0,143
518.0,46,26.0,69.0,128
511.0,44,26.1,69.0,122
504.7,32,26.2,68.2,93
491.5,17,26.4,68.0,62
483.5,11,26.5,68.0,46
477.2,10,26.7,68.0,42
468.7,11,26.8,68.0,44
458.5,10,27.0,67.5,42
452.2,12,27.2,66.5,51
453.0,12,27.5,64.6,48
451.8,12,27.8,63.7,48
458.1,14,27.8,62.9,55
477.2,15,27.8,62.0,58
490.8,16,27.6,61.4,60
508.5,15,27.2,61.0,57
572.7,13,26.1,60.6,52
657.6,15,24.4,57.4,56
609.1,17,25.2,59.6,62
487.8,17,28.0,62.6,61
469.1,18,28.0,64.6,63
477.0,23,27.7,66.9,73
472.9,30,27.4,69.3,88
452.3,43,26.8,72.4,120
450.5,34,26.4,71.7,97
434.5,18,26.3,71.0,64
431.2,16,26.4,71.0,58
427.2,15,26.5,71.0,58
424.3,14,26.6,71.0,55
422.0,12,26.8,71.0,52
419.5,10,26.9,71.8,42
418.0,8,27.1,72.0,33
415.8,9,27.2,71.2,35
417.5,10,27.4,70.5,42
420.3,11,27.7,69.3,45
422.2,12,28.0,67.7,52
427.1,13,28.0,65.7,53
433.6,13,28.1,64.3,53
443.6,13,28.1,63.1,53
453.0,12,27.9,61.0,49
472.4,11,27.7,61.0,45
480.3,11,27.3,63.3,45
539.8,11,26.3,61.9,44
531.7,13,26.2,63.4,54
497.9,13,26.2,70.9,53
556.5,15,24.8,71.4,58
647.6,21,22.5,62.8,71
603.6,37,21.1,62.8,106
450.0,43,20.7,63.3,119
436.8,39,20.7,64.8,108
434.5,33,20.5,63.3,94
428.5,32,20.5,59.8,92
423.0,28,20.6,63.3,85
417.3,21,20.5,59.3,69
414.0,18,20.5,60.0,63
413.0,18,20.5,59.3,62
410.8,14,20.5,58.5,54
407.3,12,20.6,58.0,49
406.3,11,20.8,56.6,46
404.7,12,21.1,56.1,50
421.2,11,21.3,56.5,45
427.8,11,21.5,56.6,45
427.0,10,21.7,56.5,40
427.0,10,22.0,56.4,43
428.2,10,22.0,56.5,42
428.1,11,21.8,56.5,45
429.6,13,21.7,57.1,52
431.9,15,21.5,58.0,57
432.8,17,21.3,58.2,62
435.7,20,21.1,58.5,67
443.7,26,21.0,60.2,79
456.2,34,20.8,62.5,96
466.5,35,20.7,66.5,98
472.3,34,20.8,67.8,96
468.5,31,20.6,62.5,91
463.3,30,20.6,65.3,87
453.8,37,20.7,64.0,105
460.0,38,20.7,65.0,107
446.3,29,20.6,64.0,87
443.3,22,20.4,60.5,71
435.5,22,20.5,60.0,71
432.8,19,20.5,59.0,65
430.9,19,20.8,57.8,66
429.8,14,21.0,57.2,55
429.3,13,21.1,55.9,53
430.3,14,21.3,55.4,55
429.8,13,21.5,55.3,54
429.0,13,21.7,55.0,54
429.1,12,21.7,55.2,48
429.5,12,21.8,56.0,50
429.3,14,21.6,56.6,56
432.7,18,21.4,56.8,63
436.7,22,21.2,56.7,73
439.3,24,21.1,57.7,76
444.3,28,21.0,59.9,84
455.7,35,20.8,62.1,98
462.3,33,20.7,65.3,95
463.3,38,20.7,65.0,107
462.3,34,20.6,64.5,97
459.0,40,20.7,63.0,113
450.8,27,20.5,59.8,82
445.3,24,20.5,58.5,76
438.0,20,20.5,61.5,67
433.5,12,20.4,58.3,50
432.8,11,20.5,57.3,43
434.3,11,20.5,56.8,44
436.0,13,20.9,56.5,53
436.8,17,21.3,55.9,61
441.3,11,21.5,55.1,45
449.2,8,21.8,55.0,34
465.6,9,22.4,55.3,37
488.8,9,22.9,58.2,38
565.5,9,23.1,56.2,37
573.6,9,23.2,54.7,37
464.5,9,23.6,54.3,37
485.2,10,24.1,54.5,41
628.0,13,25.3,59.0,53
510.9,18,27.2,66.6,63
477.3,21,27.0,68.8,69
516.3,36,26.3,71.4,102
534.3,38,25.8,72.0,107
545.0,36,25.7,71.5,103
545.0,34,25.8,71.0,97
540.5,33,25.9,70.5,95
531.0,33,26.0,70.0,94
523.3,27,26.3,69.5,83
510.5,21,26.4,69.0,69
490.7,17,26.6,69.0,60
471.8,14,26.8,69.0,54
451.5,12,27.0,69.3,50
448.3,12,27.4,69.0,50
453.5,11,27.9,69.0,45
467.0,10,28.0,67.6,40
484.9,9,28.2,65.1,37
526.5,9,28.4,64.3,35
683.5,8,28.5,61.1,32
788.8,8,28.2,60.5,33
953.6,10,27.4,60.9,42
783.3,11,25.5,56.1,43
569.6,12,26.9,62.3,49
639.0,12,25.7,61.3,49
683.8,16,25.4,61.1,58
526.0,14,27.5,66.8,55
463.4,11,27.2,70.4,46
443.5,10,26.9,71.8,40
438.3,8,26.8,73.0,34
438.0,8,26.8,73.0,33
437.8,7,26.9,73.0,29
438.0,8,26.9,72.5,33
438.0,10,27.0,72.0,39
439.0,10,27.1,72.0,39
440.0,8,27.3,72.0,32
440.0,7,27.5,72.0,30
441.0,7,27.6,71.2,29
441.0,6,28.0,69.5,26
441.3,6,28.3,69.0,25
442.1,6,28.5,68.1,26
443.2,6,28.7,67.5,27
442.8,6,28.9,67.0,26
442.8,6,29.0,67.0,26
446.0,7,29.0,67.2,29
444.0,7,28.9,68.8,29
440.2,6,28.7,69.9,24
439.4,6,28.5,70.0,23
441.1,6,28.2,70.0,25
443.3,7,27.8,69.7,31
448.1,11,27.4,71.2,46
455.1,18,26.7,71.3,63
463.3,22,26.3,71.0,71
456.5,18,26.2,71.0,64
451.5,14,26.3,71.0,54
445.8,11,26.4,70.5,44
440.3,10,26.5,70.0,39
436.3,7,26.6,70.0,30
437.3,8,26.7,69.0,33
438.0,6,26.8,68.8,25
443.0,7,26.9,67.7,28
446.0,6,27.0,66.5,24
452.3,5,27.3,64.7,21
457.4,5,27.4,63.5,19
470.3,5,27.4,61.4,21
479.8,6,27.4,60.0,24
499.9,6,27.3,59.2,25
536.3,5,27.1,59.9,22
613.7,6,26.4,61.5,24
740.1,9,24.7,59.6,36
648.9,12,24.1,59.7,50
689.3,13,22.6,55.0,53
701.1,18,23.2,57.0,63
598.6,23,23.3,62.6,74
579.3,29,23.7,60.7,87
675.6,35,24.3,59.8,100
520.4,20,25.8,65.0,67
544.9,23,25.9,65.9,73
570.8,22,26.0,65.0,71
569.3,20,26.1,65.0,68
545.0,21,26.2,66.3,69
533.0,19,26.4,65.3,66
510.0,17,26.7,64.0,61
499.5,15,26.8,65.0,57
479.5,14,27.1,65.0,54
464.0,12,27.3,64.5,48
471.8,11,27.5,63.8,44
485.8,10,27.9,62.8,39
502.7,8,28.3,61.0,33
512.0,8,28.4,58.5,33
516.2,7,28.6,57.0,28
549.3,6,28.7,56.3,25
545.3,7,28.7,56.5,29
540.4,9,28.5,57.9,38
559.8,13,28.3,58.0,52
580.1,19,28.0,61.2,65
570.9,27,27.6,63.5,83
619.9,32,27.0,65.9,93
755.3,32,25.7,67.3,92
693.2,33,25.6,68.0,95
